0 verbose cli C:\Program Files\nodejs\node.exe C:\Program Files\nodejs\node_modules\npm\bin\npm-cli.js
1 info using npm@9.5.0
2 info using node@v18.15.0
3 timing npm:load:whichnode Completed in 2ms
4 timing config:load:defaults Completed in 3ms
5 timing config:load:file:C:\Program Files\nodejs\node_modules\npm\npmrc Completed in 3ms
6 timing config:load:builtin Completed in 3ms
7 timing config:load:cli Completed in 3ms
8 timing config:load:env Completed in 1ms
9 timing config:load:file:C:\Users\Petros Kafkias\OneDrive - Draxis Environmental SA\Documents\SPICE\SPICE Co-Creation Platform Working\.npmrc Completed in 1ms
10 timing config:load:project Completed in 3ms
11 timing config:load:file:C:\Users\Petros Kafkias\.npmrc Completed in 0ms
12 timing config:load:user Completed in 0ms
13 timing config:load:file:C:\Users\Petros Kafkias\AppData\Roaming\npm\etc\npmrc Completed in 0ms
14 timing config:load:global Completed in 0ms
15 timing config:load:setEnvs Completed in 2ms
16 timing config:load Completed in 18ms
17 timing npm:load:configload Completed in 18ms
18 timing npm:load:mkdirpcache Completed in 0ms
19 timing npm:load:mkdirplogs Completed in 1ms
20 verbose title npm install
21 verbose argv "install" "--cache" ".npm-cache"
22 timing npm:load:setTitle Completed in 2ms
23 timing config:load:flatten Completed in 4ms
24 timing npm:load:display Completed in 5ms
25 verbose logfile logs-max:10 dir:C:\Users\Petros Kafkias\OneDrive - Draxis Environmental SA\Documents\SPICE\SPICE Co-Creation Platform Working\.npm-cache\_logs\2026-07-06T09_30_15_571Z-
26 verbose logfile C:\Users\Petros Kafkias\OneDrive - Draxis Environmental SA\Documents\SPICE\SPICE Co-Creation Platform Working\.npm-cache\_logs\2026-07-06T09_30_15_571Z-debug-0.log
27 timing npm:load:logFile Completed in 10ms
28 timing npm:load:timers Completed in 0ms
29 timing npm:load:configScope Completed in 0ms
30 timing npm:load Completed in 38ms
31 timing arborist:ctor Completed in 1ms
32 silly logfile done cleaning log files
33 timing arborist:ctor Completed in 0ms
34 timing idealTree:init Completed in 2434ms
35 timing idealTree:userRequests Completed in 0ms
36 silly idealTree buildDeps
37 silly fetch manifest @mui/icons-material@7.3.5
38 http fetch GET 200 https://registry.npmjs.org/@mui%2ficons-material 39ms (cache hit)
39 silly fetch manifest @mui/material@7.3.5
40 http fetch GET 200 https://registry.npmjs.org/@mui%2fmaterial 11ms (cache hit)
41 silly fetch manifest @emotion/react@11.14.0
42 http fetch GET 200 https://registry.npmjs.org/@emotion%2freact 11ms (cache hit)
43 silly fetch manifest react@18.3.1
44 http fetch GET 200 https://registry.npmjs.org/react 17ms (cache hit)
45 silly fetch manifest @emotion/styled@11.14.1
46 http fetch GET 200 https://registry.npmjs.org/@emotion%2fstyled 12ms (cache hit)
47 silly fetch manifest @mui/material-pigment-css@^7.3.5
48 http fetch GET 200 https://registry.npmjs.org/@mui%2fmaterial-pigment-css 9ms (cache hit)
49 silly fetch manifest @pigment-css/react@^0.0.30
50 http fetch GET 200 https://registry.npmjs.org/@pigment-css%2freact 10ms (cache hit)
51 silly fetch manifest @types/react@^17.0.0 || ^18.0.0 || ^19.0.0
52 http fetch GET 200 https://registry.npmjs.org/@types%2freact 11ms (cache hit)
53 silly fetch manifest react-dom@18.3.1
54 http fetch GET 200 https://registry.npmjs.org/react-dom 19ms (cache hit)
55 silly placeDep ROOT @mui/icons-material@7.3.5 REPLACE for: @figma/my-make-file@0.0.1 want: 7.3.5
56 timing idealTree:#root Completed in 247ms
57 timing idealTree:node_modules/@mui/icons-material Completed in 0ms
58 silly fetch manifest @tailwindcss/oxide-android-arm64@4.1.12
59 http fetch GET 200 https://registry.npmjs.org/@tailwindcss%2foxide-android-arm64 39ms (cache hit)
60 silly fetch manifest @tailwindcss/oxide-freebsd-x64@4.1.12
61 http fetch GET 200 https://registry.npmjs.org/@tailwindcss%2foxide-freebsd-x64 15ms (cache hit)
62 silly fetch manifest @tailwindcss/oxide-darwin-arm64@4.1.12
63 http fetch GET 200 https://registry.npmjs.org/@tailwindcss%2foxide-darwin-arm64 15ms (cache hit)
64 silly fetch manifest @tailwindcss/oxide-linux-arm-gnueabihf@4.1.12
65 http fetch GET 200 https://registry.npmjs.org/@tailwindcss%2foxide-linux-arm-gnueabihf 13ms (cache hit)
66 silly fetch manifest @tailwindcss/oxide-darwin-x64@4.1.12
67 http fetch GET 200 https://registry.npmjs.org/@tailwindcss%2foxide-darwin-x64 12ms (cache hit)
68 silly fetch manifest @tailwindcss/oxide-linux-arm64-gnu@4.1.12
69 http fetch GET 200 https://registry.npmjs.org/@tailwindcss%2foxide-linux-arm64-gnu 14ms (cache hit)
70 silly fetch manifest @tailwindcss/oxide-linux-x64-gnu@4.1.12
71 http fetch GET 200 https://registry.npmjs.org/@tailwindcss%2foxide-linux-x64-gnu 13ms (cache hit)
72 silly fetch manifest @tailwindcss/oxide-linux-arm64-musl@4.1.12
73 http fetch GET 200 https://registry.npmjs.org/@tailwindcss%2foxide-linux-arm64-musl 18ms (cache hit)
74 silly fetch manifest @tailwindcss/oxide-linux-x64-musl@4.1.12
75 http fetch GET 200 https://registry.npmjs.org/@tailwindcss%2foxide-linux-x64-musl 19ms (cache hit)
76 silly fetch manifest @tailwindcss/oxide-wasm32-wasi@4.1.12
77 http fetch GET 200 https://registry.npmjs.org/@tailwindcss%2foxide-wasm32-wasi 12ms (cache hit)
78 silly fetch manifest @tailwindcss/oxide-win32-arm64-msvc@4.1.12
79 http fetch GET 200 https://registry.npmjs.org/@tailwindcss%2foxide-win32-arm64-msvc 13ms (cache hit)
80 silly placeDep node_modules/@tailwindcss/oxide @tailwindcss/oxide-android-arm64@4.1.12 OK for: @tailwindcss/oxide@4.1.12 want: 4.1.12
81 silly placeDep node_modules/@tailwindcss/oxide @tailwindcss/oxide-darwin-arm64@4.1.12 OK for: @tailwindcss/oxide@4.1.12 want: 4.1.12
82 silly placeDep node_modules/@tailwindcss/oxide @tailwindcss/oxide-darwin-x64@4.1.12 OK for: @tailwindcss/oxide@4.1.12 want: 4.1.12
83 silly placeDep node_modules/@tailwindcss/oxide @tailwindcss/oxide-freebsd-x64@4.1.12 OK for: @tailwindcss/oxide@4.1.12 want: 4.1.12
84 silly placeDep node_modules/@tailwindcss/oxide @tailwindcss/oxide-linux-arm-gnueabihf@4.1.12 OK for: @tailwindcss/oxide@4.1.12 want: 4.1.12
85 silly placeDep node_modules/@tailwindcss/oxide @tailwindcss/oxide-linux-arm64-gnu@4.1.12 OK for: @tailwindcss/oxide@4.1.12 want: 4.1.12
86 silly placeDep node_modules/@tailwindcss/oxide @tailwindcss/oxide-linux-arm64-musl@4.1.12 OK for: @tailwindcss/oxide@4.1.12 want: 4.1.12
87 silly placeDep node_modules/@tailwindcss/oxide @tailwindcss/oxide-linux-x64-gnu@4.1.12 OK for: @tailwindcss/oxide@4.1.12 want: 4.1.12
88 silly placeDep node_modules/@tailwindcss/oxide @tailwindcss/oxide-linux-x64-musl@4.1.12 OK for: @tailwindcss/oxide@4.1.12 want: 4.1.12
89 silly placeDep node_modules/@tailwindcss/oxide @tailwindcss/oxide-wasm32-wasi@4.1.12 OK for: @tailwindcss/oxide@4.1.12 want: 4.1.12
90 silly placeDep node_modules/@tailwindcss/oxide @tailwindcss/oxide-win32-arm64-msvc@4.1.12 OK for: @tailwindcss/oxide@4.1.12 want: 4.1.12
91 timing idealTree:node_modules/@tailwindcss/oxide Completed in 329ms
92 silly fetch manifest @esbuild/aix-ppc64@0.25.12
93 http fetch GET 200 https://registry.npmjs.org/@esbuild%2faix-ppc64 9ms (cache hit)
94 silly fetch manifest @esbuild/android-arm@0.25.12
95 http fetch GET 200 https://registry.npmjs.org/@esbuild%2fandroid-arm 10ms (cache hit)
96 silly fetch manifest @esbuild/android-arm64@0.25.12
97 http fetch GET 200 https://registry.npmjs.org/@esbuild%2fandroid-arm64 12ms (cache hit)
98 silly fetch manifest @esbuild/android-x64@0.25.12
99 http fetch GET 200 https://registry.npmjs.org/@esbuild%2fandroid-x64 16ms (cache hit)
100 silly fetch manifest @esbuild/darwin-arm64@0.25.12
101 http fetch GET 200 https://registry.npmjs.org/@esbuild%2fdarwin-arm64 12ms (cache hit)
102 silly fetch manifest @esbuild/darwin-x64@0.25.12
103 http fetch GET 200 https://registry.npmjs.org/@esbuild%2fdarwin-x64 14ms (cache hit)
104 silly fetch manifest @esbuild/freebsd-arm64@0.25.12
105 http fetch GET 200 https://registry.npmjs.org/@esbuild%2ffreebsd-arm64 13ms (cache hit)
106 silly fetch manifest @esbuild/freebsd-x64@0.25.12
107 http fetch GET 200 https://registry.npmjs.org/@esbuild%2ffreebsd-x64 10ms (cache hit)
108 silly fetch manifest @esbuild/linux-arm@0.25.12
109 http fetch GET 200 https://registry.npmjs.org/@esbuild%2flinux-arm 11ms (cache hit)
110 silly fetch manifest @esbuild/linux-arm64@0.25.12
111 http fetch GET 200 https://registry.npmjs.org/@esbuild%2flinux-arm64 11ms (cache hit)
112 silly fetch manifest @esbuild/linux-ia32@0.25.12
113 http fetch GET 200 https://registry.npmjs.org/@esbuild%2flinux-ia32 11ms (cache hit)
114 silly fetch manifest @esbuild/linux-loong64@0.25.12
115 http fetch GET 200 https://registry.npmjs.org/@esbuild%2flinux-loong64 17ms (cache hit)
116 silly fetch manifest @esbuild/linux-mips64el@0.25.12
117 http fetch GET 200 https://registry.npmjs.org/@esbuild%2flinux-mips64el 10ms (cache hit)
118 silly fetch manifest @esbuild/linux-ppc64@0.25.12
119 http fetch GET 200 https://registry.npmjs.org/@esbuild%2flinux-ppc64 10ms (cache hit)
120 silly fetch manifest @esbuild/linux-riscv64@0.25.12
121 http fetch GET 200 https://registry.npmjs.org/@esbuild%2flinux-riscv64 10ms (cache hit)
122 silly fetch manifest @esbuild/linux-s390x@0.25.12
123 http fetch GET 200 https://registry.npmjs.org/@esbuild%2flinux-s390x 11ms (cache hit)
124 silly fetch manifest @esbuild/linux-x64@0.25.12
125 http fetch GET 200 https://registry.npmjs.org/@esbuild%2flinux-x64 10ms (cache hit)
126 silly fetch manifest @esbuild/netbsd-arm64@0.25.12
127 http fetch GET 200 https://registry.npmjs.org/@esbuild%2fnetbsd-arm64 10ms (cache hit)
128 silly fetch manifest @esbuild/netbsd-x64@0.25.12
129 http fetch GET 200 https://registry.npmjs.org/@esbuild%2fnetbsd-x64 9ms (cache hit)
130 silly fetch manifest @esbuild/openbsd-arm64@0.25.12
131 http fetch GET 200 https://registry.npmjs.org/@esbuild%2fopenbsd-arm64 11ms (cache hit)
132 silly fetch manifest @esbuild/openbsd-x64@0.25.12
133 http fetch GET 200 https://registry.npmjs.org/@esbuild%2fopenbsd-x64 19ms (cache hit)
134 silly fetch manifest @esbuild/openharmony-arm64@0.25.12
135 http fetch GET 200 https://registry.npmjs.org/@esbuild%2fopenharmony-arm64 13ms (cache hit)
136 silly fetch manifest @esbuild/sunos-x64@0.25.12
137 http fetch GET 200 https://registry.npmjs.org/@esbuild%2fsunos-x64 15ms (cache hit)
138 silly fetch manifest @esbuild/win32-arm64@0.25.12
139 http fetch GET 200 https://registry.npmjs.org/@esbuild%2fwin32-arm64 14ms (cache hit)
140 silly fetch manifest @esbuild/win32-ia32@0.25.12
141 http fetch GET 200 https://registry.npmjs.org/@esbuild%2fwin32-ia32 14ms (cache hit)
142 silly placeDep node_modules/esbuild @esbuild/aix-ppc64@0.25.12 OK for: esbuild@0.25.12 want: 0.25.12
143 silly placeDep node_modules/esbuild @esbuild/android-arm@0.25.12 OK for: esbuild@0.25.12 want: 0.25.12
144 silly placeDep node_modules/esbuild @esbuild/android-arm64@0.25.12 OK for: esbuild@0.25.12 want: 0.25.12
145 silly placeDep node_modules/esbuild @esbuild/android-x64@0.25.12 OK for: esbuild@0.25.12 want: 0.25.12
146 silly placeDep node_modules/esbuild @esbuild/darwin-arm64@0.25.12 OK for: esbuild@0.25.12 want: 0.25.12
147 silly placeDep node_modules/esbuild @esbuild/darwin-x64@0.25.12 OK for: esbuild@0.25.12 want: 0.25.12
148 silly placeDep node_modules/esbuild @esbuild/freebsd-arm64@0.25.12 OK for: esbuild@0.25.12 want: 0.25.12
149 silly placeDep node_modules/esbuild @esbuild/freebsd-x64@0.25.12 OK for: esbuild@0.25.12 want: 0.25.12
150 silly placeDep node_modules/esbuild @esbuild/linux-arm@0.25.12 OK for: esbuild@0.25.12 want: 0.25.12
151 silly placeDep node_modules/esbuild @esbuild/linux-arm64@0.25.12 OK for: esbuild@0.25.12 want: 0.25.12
152 silly placeDep node_modules/esbuild @esbuild/linux-ia32@0.25.12 OK for: esbuild@0.25.12 want: 0.25.12
153 silly placeDep node_modules/esbuild @esbuild/linux-loong64@0.25.12 OK for: esbuild@0.25.12 want: 0.25.12
154 silly placeDep node_modules/esbuild @esbuild/linux-mips64el@0.25.12 OK for: esbuild@0.25.12 want: 0.25.12
155 silly placeDep node_modules/esbuild @esbuild/linux-ppc64@0.25.12 OK for: esbuild@0.25.12 want: 0.25.12
156 silly placeDep node_modules/esbuild @esbuild/linux-riscv64@0.25.12 OK for: esbuild@0.25.12 want: 0.25.12
157 silly placeDep node_modules/esbuild @esbuild/linux-s390x@0.25.12 OK for: esbuild@0.25.12 want: 0.25.12
158 silly placeDep node_modules/esbuild @esbuild/linux-x64@0.25.12 OK for: esbuild@0.25.12 want: 0.25.12
159 silly placeDep node_modules/esbuild @esbuild/netbsd-arm64@0.25.12 OK for: esbuild@0.25.12 want: 0.25.12
160 silly placeDep node_modules/esbuild @esbuild/netbsd-x64@0.25.12 OK for: esbuild@0.25.12 want: 0.25.12
161 silly placeDep node_modules/esbuild @esbuild/openbsd-arm64@0.25.12 OK for: esbuild@0.25.12 want: 0.25.12
162 silly placeDep node_modules/esbuild @esbuild/openbsd-x64@0.25.12 OK for: esbuild@0.25.12 want: 0.25.12
163 silly placeDep node_modules/esbuild @esbuild/openharmony-arm64@0.25.12 OK for: esbuild@0.25.12 want: 0.25.12
164 silly placeDep node_modules/esbuild @esbuild/sunos-x64@0.25.12 OK for: esbuild@0.25.12 want: 0.25.12
165 silly placeDep node_modules/esbuild @esbuild/win32-arm64@0.25.12 OK for: esbuild@0.25.12 want: 0.25.12
166 silly placeDep node_modules/esbuild @esbuild/win32-ia32@0.25.12 OK for: esbuild@0.25.12 want: 0.25.12
167 timing idealTree:node_modules/esbuild Completed in 414ms
168 silly fetch manifest lightningcss-darwin-x64@1.30.1
169 http fetch GET 200 https://registry.npmjs.org/lightningcss-darwin-x64 19ms (cache hit)
170 silly fetch manifest lightningcss-linux-x64-gnu@1.30.1
171 http fetch GET 200 https://registry.npmjs.org/lightningcss-linux-x64-gnu 24ms (cache hit)
172 silly fetch manifest lightningcss-win32-arm64-msvc@1.30.1
173 http fetch GET 200 https://registry.npmjs.org/lightningcss-win32-arm64-msvc 47ms (cache hit)
174 silly fetch manifest lightningcss-darwin-arm64@1.30.1
175 http fetch GET 200 https://registry.npmjs.org/lightningcss-darwin-arm64 21ms (cache hit)
176 silly fetch manifest lightningcss-linux-arm64-gnu@1.30.1
177 http fetch GET 200 https://registry.npmjs.org/lightningcss-linux-arm64-gnu 22ms (cache hit)
178 silly fetch manifest lightningcss-linux-arm-gnueabihf@1.30.1
179 http fetch GET 200 https://registry.npmjs.org/lightningcss-linux-arm-gnueabihf 64ms (cache hit)
180 silly fetch manifest lightningcss-linux-arm64-musl@1.30.1
181 http fetch GET 200 https://registry.npmjs.org/lightningcss-linux-arm64-musl 75ms (cache hit)
182 silly fetch manifest lightningcss-linux-x64-musl@1.30.1
183 http fetch GET 200 https://registry.npmjs.org/lightningcss-linux-x64-musl 124ms (cache hit)
184 silly fetch manifest lightningcss-freebsd-x64@1.30.1
185 http fetch GET 200 https://registry.npmjs.org/lightningcss-freebsd-x64 45ms (cache hit)
186 silly placeDep node_modules/lightningcss lightningcss-darwin-arm64@1.30.1 OK for: lightningcss@1.30.1 want: 1.30.1
187 silly placeDep node_modules/lightningcss lightningcss-darwin-x64@1.30.1 OK for: lightningcss@1.30.1 want: 1.30.1
188 silly placeDep node_modules/lightningcss lightningcss-freebsd-x64@1.30.1 OK for: lightningcss@1.30.1 want: 1.30.1
189 silly placeDep node_modules/lightningcss lightningcss-linux-arm-gnueabihf@1.30.1 OK for: lightningcss@1.30.1 want: 1.30.1
190 silly placeDep node_modules/lightningcss lightningcss-linux-arm64-gnu@1.30.1 OK for: lightningcss@1.30.1 want: 1.30.1
191 silly placeDep node_modules/lightningcss lightningcss-linux-arm64-musl@1.30.1 OK for: lightningcss@1.30.1 want: 1.30.1
192 silly placeDep node_modules/lightningcss lightningcss-linux-x64-gnu@1.30.1 OK for: lightningcss@1.30.1 want: 1.30.1
193 silly placeDep node_modules/lightningcss lightningcss-linux-x64-musl@1.30.1 OK for: lightningcss@1.30.1 want: 1.30.1
194 silly placeDep node_modules/lightningcss lightningcss-win32-arm64-msvc@1.30.1 OK for: lightningcss@1.30.1 want: 1.30.1
195 timing idealTree:node_modules/lightningcss Completed in 540ms
196 silly fetch manifest fsevents@~2.3.2
197 http fetch GET 200 https://registry.npmjs.org/fsevents 37ms (cache hit)
198 silly fetch manifest @rollup/rollup-darwin-arm64@4.62.2
199 http fetch GET 200 https://registry.npmjs.org/@rollup%2frollup-darwin-arm64 35ms (cache hit)
200 silly fetch manifest @rollup/rollup-android-arm64@4.62.2
201 http fetch GET 200 https://registry.npmjs.org/@rollup%2frollup-android-arm64 39ms (cache hit)
202 silly fetch manifest @rollup/rollup-win32-arm64-msvc@4.62.2
203 http fetch GET 200 https://registry.npmjs.org/@rollup%2frollup-win32-arm64-msvc 14ms (cache hit)
204 silly fetch manifest @rollup/rollup-freebsd-arm64@4.62.2
205 http fetch GET 200 https://registry.npmjs.org/@rollup%2frollup-freebsd-arm64 15ms (cache hit)
206 silly fetch manifest @rollup/rollup-linux-arm64-gnu@4.62.2
207 http fetch GET 200 https://registry.npmjs.org/@rollup%2frollup-linux-arm64-gnu 16ms (cache hit)
208 silly fetch manifest @rollup/rollup-linux-arm64-musl@4.62.2
209 http fetch GET 200 https://registry.npmjs.org/@rollup%2frollup-linux-arm64-musl 13ms (cache hit)
210 silly fetch manifest @rollup/rollup-android-arm-eabi@4.62.2
211 http fetch GET 200 https://registry.npmjs.org/@rollup%2frollup-android-arm-eabi 10ms (cache hit)
212 silly fetch manifest @rollup/rollup-linux-arm-gnueabihf@4.62.2
213 http fetch GET 200 https://registry.npmjs.org/@rollup%2frollup-linux-arm-gnueabihf 14ms (cache hit)
214 silly fetch manifest @rollup/rollup-linux-arm-musleabihf@4.62.2
215 http fetch GET 200 https://registry.npmjs.org/@rollup%2frollup-linux-arm-musleabihf 27ms (cache hit)
216 silly fetch manifest @rollup/rollup-win32-ia32-msvc@4.62.2
217 http fetch GET 200 https://registry.npmjs.org/@rollup%2frollup-win32-ia32-msvc 12ms (cache hit)
218 silly fetch manifest @rollup/rollup-linux-loong64-gnu@4.62.2
219 http fetch GET 200 https://registry.npmjs.org/@rollup%2frollup-linux-loong64-gnu 12ms (cache hit)
220 silly fetch manifest @rollup/rollup-linux-loong64-musl@4.62.2
221 http fetch GET 200 https://registry.npmjs.org/@rollup%2frollup-linux-loong64-musl 13ms (cache hit)
222 silly fetch manifest @rollup/rollup-linux-riscv64-gnu@4.62.2
223 http fetch GET 200 https://registry.npmjs.org/@rollup%2frollup-linux-riscv64-gnu 11ms (cache hit)
224 silly fetch manifest @rollup/rollup-linux-riscv64-musl@4.62.2
225 http fetch GET 200 https://registry.npmjs.org/@rollup%2frollup-linux-riscv64-musl 9ms (cache hit)
226 silly fetch manifest @rollup/rollup-linux-ppc64-gnu@4.62.2
227 http fetch GET 200 https://registry.npmjs.org/@rollup%2frollup-linux-ppc64-gnu 9ms (cache hit)
228 silly fetch manifest @rollup/rollup-linux-ppc64-musl@4.62.2
229 http fetch GET 200 https://registry.npmjs.org/@rollup%2frollup-linux-ppc64-musl 18ms (cache hit)
230 silly fetch manifest @rollup/rollup-linux-s390x-gnu@4.62.2
231 http fetch GET 200 https://registry.npmjs.org/@rollup%2frollup-linux-s390x-gnu 12ms (cache hit)
232 silly fetch manifest @rollup/rollup-darwin-x64@4.62.2
233 http fetch GET 200 https://registry.npmjs.org/@rollup%2frollup-darwin-x64 15ms (cache hit)
234 silly fetch manifest @rollup/rollup-freebsd-x64@4.62.2
235 http fetch GET 200 https://registry.npmjs.org/@rollup%2frollup-freebsd-x64 11ms (cache hit)
236 silly fetch manifest @rollup/rollup-linux-x64-gnu@4.62.2
237 http fetch GET 200 https://registry.npmjs.org/@rollup%2frollup-linux-x64-gnu 10ms (cache hit)
238 silly fetch manifest @rollup/rollup-linux-x64-musl@4.62.2
239 http fetch GET 200 https://registry.npmjs.org/@rollup%2frollup-linux-x64-musl 13ms (cache hit)
240 silly fetch manifest @rollup/rollup-openbsd-x64@4.62.2
241 http fetch GET 200 https://registry.npmjs.org/@rollup%2frollup-openbsd-x64 11ms (cache hit)
242 silly fetch manifest @rollup/rollup-openharmony-arm64@4.62.2
243 http fetch GET 200 https://registry.npmjs.org/@rollup%2frollup-openharmony-arm64 13ms (cache hit)
244 silly placeDep node_modules/rollup @rollup/rollup-android-arm-eabi@4.62.2 OK for: rollup@4.62.2 want: 4.62.2
245 silly placeDep node_modules/rollup @rollup/rollup-android-arm64@4.62.2 OK for: rollup@4.62.2 want: 4.62.2
246 silly placeDep node_modules/rollup @rollup/rollup-darwin-arm64@4.62.2 OK for: rollup@4.62.2 want: 4.62.2
247 silly placeDep node_modules/rollup @rollup/rollup-darwin-x64@4.62.2 OK for: rollup@4.62.2 want: 4.62.2
248 silly placeDep node_modules/rollup @rollup/rollup-freebsd-arm64@4.62.2 OK for: rollup@4.62.2 want: 4.62.2
249 silly placeDep node_modules/rollup @rollup/rollup-freebsd-x64@4.62.2 OK for: rollup@4.62.2 want: 4.62.2
250 silly placeDep node_modules/rollup @rollup/rollup-linux-arm-gnueabihf@4.62.2 OK for: rollup@4.62.2 want: 4.62.2
251 silly placeDep node_modules/rollup @rollup/rollup-linux-arm-musleabihf@4.62.2 OK for: rollup@4.62.2 want: 4.62.2
252 silly placeDep node_modules/rollup @rollup/rollup-linux-arm64-gnu@4.62.2 OK for: rollup@4.62.2 want: 4.62.2
253 silly placeDep node_modules/rollup @rollup/rollup-linux-arm64-musl@4.62.2 OK for: rollup@4.62.2 want: 4.62.2
254 silly placeDep node_modules/rollup @rollup/rollup-linux-loong64-gnu@4.62.2 OK for: rollup@4.62.2 want: 4.62.2
255 silly placeDep node_modules/rollup @rollup/rollup-linux-loong64-musl@4.62.2 OK for: rollup@4.62.2 want: 4.62.2
256 silly placeDep node_modules/rollup @rollup/rollup-linux-ppc64-gnu@4.62.2 OK for: rollup@4.62.2 want: 4.62.2
257 silly placeDep node_modules/rollup @rollup/rollup-linux-ppc64-musl@4.62.2 OK for: rollup@4.62.2 want: 4.62.2
258 silly placeDep node_modules/rollup @rollup/rollup-linux-riscv64-gnu@4.62.2 OK for: rollup@4.62.2 want: 4.62.2
259 silly placeDep node_modules/rollup @rollup/rollup-linux-riscv64-musl@4.62.2 OK for: rollup@4.62.2 want: 4.62.2
260 silly placeDep node_modules/rollup @rollup/rollup-linux-s390x-gnu@4.62.2 OK for: rollup@4.62.2 want: 4.62.2
261 silly placeDep node_modules/rollup @rollup/rollup-linux-x64-gnu@4.62.2 OK for: rollup@4.62.2 want: 4.62.2
262 silly placeDep node_modules/rollup @rollup/rollup-linux-x64-musl@4.62.2 OK for: rollup@4.62.2 want: 4.62.2
263 silly placeDep node_modules/rollup @rollup/rollup-openbsd-x64@4.62.2 OK for: rollup@4.62.2 want: 4.62.2
264 silly placeDep node_modules/rollup @rollup/rollup-openharmony-arm64@4.62.2 OK for: rollup@4.62.2 want: 4.62.2
265 silly placeDep node_modules/rollup @rollup/rollup-win32-arm64-msvc@4.62.2 OK for: rollup@4.62.2 want: 4.62.2
266 silly placeDep node_modules/rollup @rollup/rollup-win32-ia32-msvc@4.62.2 OK for: rollup@4.62.2 want: 4.62.2
267 silly placeDep node_modules/rollup fsevents@2.3.3 OK for: rollup@4.62.2 want: ~2.3.2
268 timing idealTree:node_modules/rollup Completed in 557ms
269 silly fetch manifest fsevents@~2.3.3
270 silly placeDep node_modules/vite fsevents@2.3.3 OK for: vite@6.3.5 want: ~2.3.3
271 timing idealTree:node_modules/vite Completed in 5ms
272 timing idealTree:node_modules/@tailwindcss/oxide/node_modules/@tailwindcss/oxide-android-arm64 Completed in 0ms
273 timing idealTree:node_modules/@tailwindcss/oxide/node_modules/@tailwindcss/oxide-darwin-arm64 Completed in 0ms
274 timing idealTree:node_modules/@tailwindcss/oxide/node_modules/@tailwindcss/oxide-darwin-x64 Completed in 0ms
275 timing idealTree:node_modules/@tailwindcss/oxide/node_modules/@tailwindcss/oxide-freebsd-x64 Completed in 0ms
276 timing idealTree:node_modules/@tailwindcss/oxide/node_modules/@tailwindcss/oxide-linux-arm-gnueabihf Completed in 0ms
277 timing idealTree:node_modules/@tailwindcss/oxide/node_modules/@tailwindcss/oxide-linux-arm64-gnu Completed in 0ms
278 timing idealTree:node_modules/@tailwindcss/oxide/node_modules/@tailwindcss/oxide-linux-arm64-musl Completed in 0ms
279 timing idealTree:node_modules/@tailwindcss/oxide/node_modules/@tailwindcss/oxide-linux-x64-gnu Completed in 0ms
280 timing idealTree:node_modules/@tailwindcss/oxide/node_modules/@tailwindcss/oxide-linux-x64-musl Completed in 0ms
281 timing idealTree:node_modules/@tailwindcss/oxide/node_modules/@tailwindcss/oxide-wasm32-wasi Completed in 0ms
282 timing idealTree:node_modules/@tailwindcss/oxide/node_modules/@tailwindcss/oxide-win32-arm64-msvc Completed in 0ms
283 timing idealTree:node_modules/esbuild/node_modules/@esbuild/aix-ppc64 Completed in 0ms
284 timing idealTree:node_modules/esbuild/node_modules/@esbuild/android-arm Completed in 0ms
285 timing idealTree:node_modules/esbuild/node_modules/@esbuild/android-arm64 Completed in 0ms
286 timing idealTree:node_modules/esbuild/node_modules/@esbuild/android-x64 Completed in 0ms
287 timing idealTree:node_modules/esbuild/node_modules/@esbuild/darwin-arm64 Completed in 0ms
288 timing idealTree:node_modules/esbuild/node_modules/@esbuild/darwin-x64 Completed in 0ms
289 timing idealTree:node_modules/esbuild/node_modules/@esbuild/freebsd-arm64 Completed in 0ms
290 timing idealTree:node_modules/esbuild/node_modules/@esbuild/freebsd-x64 Completed in 0ms
291 timing idealTree:node_modules/esbuild/node_modules/@esbuild/linux-arm Completed in 0ms
292 timing idealTree:node_modules/esbuild/node_modules/@esbuild/linux-arm64 Completed in 0ms
293 timing idealTree:node_modules/esbuild/node_modules/@esbuild/linux-ia32 Completed in 0ms
294 timing idealTree:node_modules/esbuild/node_modules/@esbuild/linux-loong64 Completed in 0ms
295 timing idealTree:node_modules/esbuild/node_modules/@esbuild/linux-mips64el Completed in 0ms
296 timing idealTree:node_modules/esbuild/node_modules/@esbuild/linux-ppc64 Completed in 1ms
297 timing idealTree:node_modules/esbuild/node_modules/@esbuild/linux-riscv64 Completed in 0ms
298 timing idealTree:node_modules/esbuild/node_modules/@esbuild/linux-s390x Completed in 0ms
299 timing idealTree:node_modules/esbuild/node_modules/@esbuild/linux-x64 Completed in 0ms
300 timing idealTree:node_modules/esbuild/node_modules/@esbuild/netbsd-arm64 Completed in 0ms
301 timing idealTree:node_modules/esbuild/node_modules/@esbuild/netbsd-x64 Completed in 0ms
302 timing idealTree:node_modules/esbuild/node_modules/@esbuild/openbsd-arm64 Completed in 0ms
303 timing idealTree:node_modules/esbuild/node_modules/@esbuild/openbsd-x64 Completed in 0ms
304 timing idealTree:node_modules/esbuild/node_modules/@esbuild/openharmony-arm64 Completed in 0ms
305 timing idealTree:node_modules/esbuild/node_modules/@esbuild/sunos-x64 Completed in 0ms
306 timing idealTree:node_modules/esbuild/node_modules/@esbuild/win32-arm64 Completed in 0ms
307 timing idealTree:node_modules/esbuild/node_modules/@esbuild/win32-ia32 Completed in 0ms
308 timing idealTree:node_modules/lightningcss/node_modules/lightningcss-darwin-arm64 Completed in 0ms
309 timing idealTree:node_modules/lightningcss/node_modules/lightningcss-darwin-x64 Completed in 0ms
310 timing idealTree:node_modules/lightningcss/node_modules/lightningcss-freebsd-x64 Completed in 1ms
311 timing idealTree:node_modules/lightningcss/node_modules/lightningcss-linux-arm-gnueabihf Completed in 0ms
312 timing idealTree:node_modules/lightningcss/node_modules/lightningcss-linux-arm64-gnu Completed in 0ms
313 timing idealTree:node_modules/lightningcss/node_modules/lightningcss-linux-arm64-musl Completed in 0ms
314 timing idealTree:node_modules/lightningcss/node_modules/lightningcss-linux-x64-gnu Completed in 0ms
315 timing idealTree:node_modules/lightningcss/node_modules/lightningcss-linux-x64-musl Completed in 0ms
316 timing idealTree:node_modules/lightningcss/node_modules/lightningcss-win32-arm64-msvc Completed in 0ms
317 timing idealTree:node_modules/rollup/node_modules/@rollup/rollup-android-arm-eabi Completed in 0ms
318 timing idealTree:node_modules/rollup/node_modules/@rollup/rollup-android-arm64 Completed in 0ms
319 timing idealTree:node_modules/rollup/node_modules/@rollup/rollup-darwin-arm64 Completed in 0ms
320 timing idealTree:node_modules/rollup/node_modules/@rollup/rollup-darwin-x64 Completed in 0ms
321 timing idealTree:node_modules/rollup/node_modules/@rollup/rollup-freebsd-arm64 Completed in 0ms
322 timing idealTree:node_modules/rollup/node_modules/@rollup/rollup-freebsd-x64 Completed in 0ms
323 timing idealTree:node_modules/rollup/node_modules/@rollup/rollup-linux-arm-gnueabihf Completed in 0ms
324 timing idealTree:node_modules/rollup/node_modules/@rollup/rollup-linux-arm-musleabihf Completed in 0ms
325 timing idealTree:node_modules/rollup/node_modules/@rollup/rollup-linux-arm64-gnu Completed in 0ms
326 timing idealTree:node_modules/rollup/node_modules/@rollup/rollup-linux-arm64-musl Completed in 0ms
327 timing idealTree:node_modules/rollup/node_modules/@rollup/rollup-linux-loong64-gnu Completed in 0ms
328 timing idealTree:node_modules/rollup/node_modules/@rollup/rollup-linux-loong64-musl Completed in 0ms
329 timing idealTree:node_modules/rollup/node_modules/@rollup/rollup-linux-ppc64-gnu Completed in 0ms
330 timing idealTree:node_modules/rollup/node_modules/@rollup/rollup-linux-ppc64-musl Completed in 0ms
331 timing idealTree:node_modules/rollup/node_modules/@rollup/rollup-linux-riscv64-gnu Completed in 0ms
332 timing idealTree:node_modules/rollup/node_modules/@rollup/rollup-linux-riscv64-musl Completed in 0ms
333 timing idealTree:node_modules/rollup/node_modules/@rollup/rollup-linux-s390x-gnu Completed in 0ms
334 timing idealTree:node_modules/rollup/node_modules/@rollup/rollup-linux-x64-gnu Completed in 0ms
335 timing idealTree:node_modules/rollup/node_modules/@rollup/rollup-linux-x64-musl Completed in 0ms
336 timing idealTree:node_modules/rollup/node_modules/@rollup/rollup-openbsd-x64 Completed in 0ms
337 timing idealTree:node_modules/rollup/node_modules/@rollup/rollup-openharmony-arm64 Completed in 0ms
338 timing idealTree:node_modules/rollup/node_modules/@rollup/rollup-win32-arm64-msvc Completed in 0ms
339 timing idealTree:node_modules/rollup/node_modules/@rollup/rollup-win32-ia32-msvc Completed in 0ms
340 timing idealTree:node_modules/rollup/node_modules/fsevents Completed in 0ms
341 timing idealTree:node_modules/vite/node_modules/fsevents Completed in 0ms
342 timing idealTree:buildDeps Completed in 2136ms
343 timing idealTree:fixDepFlags Completed in 24ms
344 warn EBADENGINE Unsupported engine {
344 warn EBADENGINE   package: 'react-router@7.13.0',
344 warn EBADENGINE   required: { node: '>=20.0.0' },
344 warn EBADENGINE   current: { node: 'v18.15.0', npm: '9.5.0' }
344 warn EBADENGINE }
345 timing idealTree Completed in 4625ms
346 timing reify:loadTrees Completed in 4626ms
347 timing reify:diffTrees Completed in 50ms
348 silly reify mark retired [
348 silly reify   'C:\\Users\\Petros Kafkias\\OneDrive - Draxis Environmental SA\\Documents\\SPICE\\SPICE Co-Creation Platform Working\\node_modules\\fsevents'
348 silly reify ]
349 silly reify mark retired [
349 silly reify   'C:\\Users\\Petros Kafkias\\OneDrive - Draxis Environmental SA\\Documents\\SPICE\\SPICE Co-Creation Platform Working\\node_modules\\lightningcss-darwin-arm64'
349 silly reify ]
350 silly reify mark retired [
350 silly reify   'C:\\Users\\Petros Kafkias\\OneDrive - Draxis Environmental SA\\Documents\\SPICE\\SPICE Co-Creation Platform Working\\node_modules\\lightningcss-darwin-x64'
350 silly reify ]
351 silly reify mark retired [
351 silly reify   'C:\\Users\\Petros Kafkias\\OneDrive - Draxis Environmental SA\\Documents\\SPICE\\SPICE Co-Creation Platform Working\\node_modules\\lightningcss-linux-arm-gnueabihf'
351 silly reify ]
352 silly reify mark retired [
352 silly reify   'C:\\Users\\Petros Kafkias\\OneDrive - Draxis Environmental SA\\Documents\\SPICE\\SPICE Co-Creation Platform Working\\node_modules\\lightningcss-freebsd-x64'
352 silly reify ]
353 silly reify mark retired [
353 silly reify   'C:\\Users\\Petros Kafkias\\OneDrive - Draxis Environmental SA\\Documents\\SPICE\\SPICE Co-Creation Platform Working\\node_modules\\lightningcss-linux-arm64-gnu'
353 silly reify ]
354 silly reify mark retired [
354 silly reify   'C:\\Users\\Petros Kafkias\\OneDrive - Draxis Environmental SA\\Documents\\SPICE\\SPICE Co-Creation Platform Working\\node_modules\\lightningcss-linux-arm64-musl'
354 silly reify ]
355 silly reify mark retired [
355 silly reify   'C:\\Users\\Petros Kafkias\\OneDrive - Draxis Environmental SA\\Documents\\SPICE\\SPICE Co-Creation Platform Working\\node_modules\\lightningcss-linux-x64-gnu'
355 silly reify ]
356 silly reify mark retired [
356 silly reify   'C:\\Users\\Petros Kafkias\\OneDrive - Draxis Environmental SA\\Documents\\SPICE\\SPICE Co-Creation Platform Working\\node_modules\\lightningcss-linux-x64-musl'
356 silly reify ]
357 silly reify mark retired [
357 silly reify   'C:\\Users\\Petros Kafkias\\OneDrive - Draxis Environmental SA\\Documents\\SPICE\\SPICE Co-Creation Platform Working\\node_modules\\lightningcss-win32-arm64-msvc'
357 silly reify ]
358 silly reify mark retired [
358 silly reify   'C:\\Users\\Petros Kafkias\\OneDrive - Draxis Environmental SA\\Documents\\SPICE\\SPICE Co-Creation Platform Working\\node_modules\\@esbuild\\aix-ppc64'
358 silly reify ]
359 silly reify mark retired [
359 silly reify   'C:\\Users\\Petros Kafkias\\OneDrive - Draxis Environmental SA\\Documents\\SPICE\\SPICE Co-Creation Platform Working\\node_modules\\@esbuild\\android-arm'
359 silly reify ]
360 silly reify mark retired [
360 silly reify   'C:\\Users\\Petros Kafkias\\OneDrive - Draxis Environmental SA\\Documents\\SPICE\\SPICE Co-Creation Platform Working\\node_modules\\@esbuild\\android-arm64'
360 silly reify ]
361 silly reify mark retired [
361 silly reify   'C:\\Users\\Petros Kafkias\\OneDrive - Draxis Environmental SA\\Documents\\SPICE\\SPICE Co-Creation Platform Working\\node_modules\\@esbuild\\android-x64'
361 silly reify ]
362 silly reify mark retired [
362 silly reify   'C:\\Users\\Petros Kafkias\\OneDrive - Draxis Environmental SA\\Documents\\SPICE\\SPICE Co-Creation Platform Working\\node_modules\\@esbuild\\darwin-arm64'
362 silly reify ]
363 silly reify mark retired [
363 silly reify   'C:\\Users\\Petros Kafkias\\OneDrive - Draxis Environmental SA\\Documents\\SPICE\\SPICE Co-Creation Platform Working\\node_modules\\@esbuild\\darwin-x64'
363 silly reify ]
364 silly reify mark retired [
364 silly reify   'C:\\Users\\Petros Kafkias\\OneDrive - Draxis Environmental SA\\Documents\\SPICE\\SPICE Co-Creation Platform Working\\node_modules\\@esbuild\\freebsd-arm64'
364 silly reify ]
365 silly reify mark retired [
365 silly reify   'C:\\Users\\Petros Kafkias\\OneDrive - Draxis Environmental SA\\Documents\\SPICE\\SPICE Co-Creation Platform Working\\node_modules\\@esbuild\\freebsd-x64'
365 silly reify ]
366 silly reify mark retired [
366 silly reify   'C:\\Users\\Petros Kafkias\\OneDrive - Draxis Environmental SA\\Documents\\SPICE\\SPICE Co-Creation Platform Working\\node_modules\\@esbuild\\linux-arm'
366 silly reify ]
367 silly reify mark retired [
367 silly reify   'C:\\Users\\Petros Kafkias\\OneDrive - Draxis Environmental SA\\Documents\\SPICE\\SPICE Co-Creation Platform Working\\node_modules\\@esbuild\\linux-arm64'
367 silly reify ]
368 silly reify mark retired [
368 silly reify   'C:\\Users\\Petros Kafkias\\OneDrive - Draxis Environmental SA\\Documents\\SPICE\\SPICE Co-Creation Platform Working\\node_modules\\@esbuild\\linux-ia32'
368 silly reify ]
369 silly reify mark retired [
369 silly reify   'C:\\Users\\Petros Kafkias\\OneDrive - Draxis Environmental SA\\Documents\\SPICE\\SPICE Co-Creation Platform Working\\node_modules\\@esbuild\\linux-loong64'
369 silly reify ]
370 silly reify mark retired [
370 silly reify   'C:\\Users\\Petros Kafkias\\OneDrive - Draxis Environmental SA\\Documents\\SPICE\\SPICE Co-Creation Platform Working\\node_modules\\@esbuild\\linux-mips64el'
370 silly reify ]
371 silly reify mark retired [
371 silly reify   'C:\\Users\\Petros Kafkias\\OneDrive - Draxis Environmental SA\\Documents\\SPICE\\SPICE Co-Creation Platform Working\\node_modules\\@esbuild\\linux-ppc64'
371 silly reify ]
372 silly reify mark retired [
372 silly reify   'C:\\Users\\Petros Kafkias\\OneDrive - Draxis Environmental SA\\Documents\\SPICE\\SPICE Co-Creation Platform Working\\node_modules\\@esbuild\\linux-riscv64'
372 silly reify ]
373 silly reify mark retired [
373 silly reify   'C:\\Users\\Petros Kafkias\\OneDrive - Draxis Environmental SA\\Documents\\SPICE\\SPICE Co-Creation Platform Working\\node_modules\\@esbuild\\linux-x64'
373 silly reify ]
374 silly reify mark retired [
374 silly reify   'C:\\Users\\Petros Kafkias\\OneDrive - Draxis Environmental SA\\Documents\\SPICE\\SPICE Co-Creation Platform Working\\node_modules\\@esbuild\\linux-s390x'
374 silly reify ]
375 silly reify mark retired [
375 silly reify   'C:\\Users\\Petros Kafkias\\OneDrive - Draxis Environmental SA\\Documents\\SPICE\\SPICE Co-Creation Platform Working\\node_modules\\@esbuild\\netbsd-arm64'
375 silly reify ]
376 silly reify mark retired [
376 silly reify   'C:\\Users\\Petros Kafkias\\OneDrive - Draxis Environmental SA\\Documents\\SPICE\\SPICE Co-Creation Platform Working\\node_modules\\@esbuild\\netbsd-x64'
376 silly reify ]
377 silly reify mark retired [
377 silly reify   'C:\\Users\\Petros Kafkias\\OneDrive - Draxis Environmental SA\\Documents\\SPICE\\SPICE Co-Creation Platform Working\\node_modules\\@esbuild\\openbsd-arm64'
377 silly reify ]
378 silly reify mark retired [
378 silly reify   'C:\\Users\\Petros Kafkias\\OneDrive - Draxis Environmental SA\\Documents\\SPICE\\SPICE Co-Creation Platform Working\\node_modules\\@esbuild\\openbsd-x64'
378 silly reify ]
379 silly reify mark retired [
379 silly reify   'C:\\Users\\Petros Kafkias\\OneDrive - Draxis Environmental SA\\Documents\\SPICE\\SPICE Co-Creation Platform Working\\node_modules\\@esbuild\\openharmony-arm64'
379 silly reify ]
380 silly reify mark retired [
380 silly reify   'C:\\Users\\Petros Kafkias\\OneDrive - Draxis Environmental SA\\Documents\\SPICE\\SPICE Co-Creation Platform Working\\node_modules\\@esbuild\\sunos-x64'
380 silly reify ]
381 silly reify mark retired [
381 silly reify   'C:\\Users\\Petros Kafkias\\OneDrive - Draxis Environmental SA\\Documents\\SPICE\\SPICE Co-Creation Platform Working\\node_modules\\@esbuild\\win32-arm64'
381 silly reify ]
382 silly reify mark retired [
382 silly reify   'C:\\Users\\Petros Kafkias\\OneDrive - Draxis Environmental SA\\Documents\\SPICE\\SPICE Co-Creation Platform Working\\node_modules\\@esbuild\\win32-ia32'
382 silly reify ]
383 silly reify mark retired [
383 silly reify   'C:\\Users\\Petros Kafkias\\OneDrive - Draxis Environmental SA\\Documents\\SPICE\\SPICE Co-Creation Platform Working\\node_modules\\@mui\\icons-material'
383 silly reify ]
384 silly reify mark retired [
384 silly reify   'C:\\Users\\Petros Kafkias\\OneDrive - Draxis Environmental SA\\Documents\\SPICE\\SPICE Co-Creation Platform Working\\node_modules\\@rollup\\rollup-android-arm-eabi'
384 silly reify ]
385 silly reify mark retired [
385 silly reify   'C:\\Users\\Petros Kafkias\\OneDrive - Draxis Environmental SA\\Documents\\SPICE\\SPICE Co-Creation Platform Working\\node_modules\\@rollup\\rollup-android-arm64'
385 silly reify ]
386 silly reify mark retired [
386 silly reify   'C:\\Users\\Petros Kafkias\\OneDrive - Draxis Environmental SA\\Documents\\SPICE\\SPICE Co-Creation Platform Working\\node_modules\\@rollup\\rollup-darwin-arm64'
386 silly reify ]
387 silly reify mark retired [
387 silly reify   'C:\\Users\\Petros Kafkias\\OneDrive - Draxis Environmental SA\\Documents\\SPICE\\SPICE Co-Creation Platform Working\\node_modules\\@rollup\\rollup-darwin-x64'
387 silly reify ]
388 silly reify mark retired [
388 silly reify   'C:\\Users\\Petros Kafkias\\OneDrive - Draxis Environmental SA\\Documents\\SPICE\\SPICE Co-Creation Platform Working\\node_modules\\@rollup\\rollup-freebsd-arm64'
388 silly reify ]
389 silly reify mark retired [
389 silly reify   'C:\\Users\\Petros Kafkias\\OneDrive - Draxis Environmental SA\\Documents\\SPICE\\SPICE Co-Creation Platform Working\\node_modules\\@rollup\\rollup-freebsd-x64'
389 silly reify ]
390 silly reify mark retired [
390 silly reify   'C:\\Users\\Petros Kafkias\\OneDrive - Draxis Environmental SA\\Documents\\SPICE\\SPICE Co-Creation Platform Working\\node_modules\\@rollup\\rollup-linux-arm-gnueabihf'
390 silly reify ]
391 silly reify mark retired [
391 silly reify   'C:\\Users\\Petros Kafkias\\OneDrive - Draxis Environmental SA\\Documents\\SPICE\\SPICE Co-Creation Platform Working\\node_modules\\@rollup\\rollup-linux-arm64-gnu'
391 silly reify ]
392 silly reify mark retired [
392 silly reify   'C:\\Users\\Petros Kafkias\\OneDrive - Draxis Environmental SA\\Documents\\SPICE\\SPICE Co-Creation Platform Working\\node_modules\\@rollup\\rollup-linux-arm-musleabihf'
392 silly reify ]
393 silly reify mark retired [
393 silly reify   'C:\\Users\\Petros Kafkias\\OneDrive - Draxis Environmental SA\\Documents\\SPICE\\SPICE Co-Creation Platform Working\\node_modules\\@rollup\\rollup-linux-loong64-gnu'
393 silly reify ]
394 silly reify mark retired [
394 silly reify   'C:\\Users\\Petros Kafkias\\OneDrive - Draxis Environmental SA\\Documents\\SPICE\\SPICE Co-Creation Platform Working\\node_modules\\@rollup\\rollup-linux-arm64-musl'
394 silly reify ]
395 silly reify mark retired [
395 silly reify   'C:\\Users\\Petros Kafkias\\OneDrive - Draxis Environmental SA\\Documents\\SPICE\\SPICE Co-Creation Platform Working\\node_modules\\@rollup\\rollup-linux-loong64-musl'
395 silly reify ]
396 silly reify mark retired [
396 silly reify   'C:\\Users\\Petros Kafkias\\OneDrive - Draxis Environmental SA\\Documents\\SPICE\\SPICE Co-Creation Platform Working\\node_modules\\@rollup\\rollup-linux-ppc64-musl'
396 silly reify ]
397 silly reify mark retired [
397 silly reify   'C:\\Users\\Petros Kafkias\\OneDrive - Draxis Environmental SA\\Documents\\SPICE\\SPICE Co-Creation Platform Working\\node_modules\\@rollup\\rollup-linux-ppc64-gnu'
397 silly reify ]
398 silly reify mark retired [
398 silly reify   'C:\\Users\\Petros Kafkias\\OneDrive - Draxis Environmental SA\\Documents\\SPICE\\SPICE Co-Creation Platform Working\\node_modules\\@rollup\\rollup-linux-riscv64-gnu'
398 silly reify ]
399 silly reify mark retired [
399 silly reify   'C:\\Users\\Petros Kafkias\\OneDrive - Draxis Environmental SA\\Documents\\SPICE\\SPICE Co-Creation Platform Working\\node_modules\\@rollup\\rollup-linux-riscv64-musl'
399 silly reify ]
400 silly reify mark retired [
400 silly reify   'C:\\Users\\Petros Kafkias\\OneDrive - Draxis Environmental SA\\Documents\\SPICE\\SPICE Co-Creation Platform Working\\node_modules\\@rollup\\rollup-linux-s390x-gnu'
400 silly reify ]
401 silly reify mark retired [
401 silly reify   'C:\\Users\\Petros Kafkias\\OneDrive - Draxis Environmental SA\\Documents\\SPICE\\SPICE Co-Creation Platform Working\\node_modules\\@rollup\\rollup-linux-x64-gnu'
401 silly reify ]
402 silly reify mark retired [
402 silly reify   'C:\\Users\\Petros Kafkias\\OneDrive - Draxis Environmental SA\\Documents\\SPICE\\SPICE Co-Creation Platform Working\\node_modules\\@rollup\\rollup-linux-x64-musl'
402 silly reify ]
403 silly reify mark retired [
403 silly reify   'C:\\Users\\Petros Kafkias\\OneDrive - Draxis Environmental SA\\Documents\\SPICE\\SPICE Co-Creation Platform Working\\node_modules\\@rollup\\rollup-openbsd-x64'
403 silly reify ]
404 silly reify mark retired [
404 silly reify   'C:\\Users\\Petros Kafkias\\OneDrive - Draxis Environmental SA\\Documents\\SPICE\\SPICE Co-Creation Platform Working\\node_modules\\@rollup\\rollup-openharmony-arm64'
404 silly reify ]
405 silly reify mark retired [
405 silly reify   'C:\\Users\\Petros Kafkias\\OneDrive - Draxis Environmental SA\\Documents\\SPICE\\SPICE Co-Creation Platform Working\\node_modules\\@rollup\\rollup-win32-arm64-msvc'
405 silly reify ]
406 silly reify mark retired [
406 silly reify   'C:\\Users\\Petros Kafkias\\OneDrive - Draxis Environmental SA\\Documents\\SPICE\\SPICE Co-Creation Platform Working\\node_modules\\@rollup\\rollup-win32-ia32-msvc'
406 silly reify ]
407 silly reify mark retired [
407 silly reify   'C:\\Users\\Petros Kafkias\\OneDrive - Draxis Environmental SA\\Documents\\SPICE\\SPICE Co-Creation Platform Working\\node_modules\\@tailwindcss\\oxide-android-arm64'
407 silly reify ]
408 silly reify mark retired [
408 silly reify   'C:\\Users\\Petros Kafkias\\OneDrive - Draxis Environmental SA\\Documents\\SPICE\\SPICE Co-Creation Platform Working\\node_modules\\@tailwindcss\\oxide-darwin-x64'
408 silly reify ]
409 silly reify mark retired [
409 silly reify   'C:\\Users\\Petros Kafkias\\OneDrive - Draxis Environmental SA\\Documents\\SPICE\\SPICE Co-Creation Platform Working\\node_modules\\@tailwindcss\\oxide-darwin-arm64'
409 silly reify ]
410 silly reify mark retired [
410 silly reify   'C:\\Users\\Petros Kafkias\\OneDrive - Draxis Environmental SA\\Documents\\SPICE\\SPICE Co-Creation Platform Working\\node_modules\\@tailwindcss\\oxide-freebsd-x64'
410 silly reify ]
411 silly reify mark retired [
411 silly reify   'C:\\Users\\Petros Kafkias\\OneDrive - Draxis Environmental SA\\Documents\\SPICE\\SPICE Co-Creation Platform Working\\node_modules\\@tailwindcss\\oxide-linux-arm-gnueabihf'
411 silly reify ]
412 silly reify mark retired [
412 silly reify   'C:\\Users\\Petros Kafkias\\OneDrive - Draxis Environmental SA\\Documents\\SPICE\\SPICE Co-Creation Platform Working\\node_modules\\@tailwindcss\\oxide-linux-arm64-gnu'
412 silly reify ]
413 silly reify mark retired [
413 silly reify   'C:\\Users\\Petros Kafkias\\OneDrive - Draxis Environmental SA\\Documents\\SPICE\\SPICE Co-Creation Platform Working\\node_modules\\@tailwindcss\\oxide-linux-arm64-musl'
413 silly reify ]
414 silly reify mark retired [
414 silly reify   'C:\\Users\\Petros Kafkias\\OneDrive - Draxis Environmental SA\\Documents\\SPICE\\SPICE Co-Creation Platform Working\\node_modules\\@tailwindcss\\oxide-linux-x64-gnu'
414 silly reify ]
415 silly reify mark retired [
415 silly reify   'C:\\Users\\Petros Kafkias\\OneDrive - Draxis Environmental SA\\Documents\\SPICE\\SPICE Co-Creation Platform Working\\node_modules\\@tailwindcss\\oxide-linux-x64-musl'
415 silly reify ]
416 silly reify mark retired [
416 silly reify   'C:\\Users\\Petros Kafkias\\OneDrive - Draxis Environmental SA\\Documents\\SPICE\\SPICE Co-Creation Platform Working\\node_modules\\@tailwindcss\\oxide-wasm32-wasi'
416 silly reify ]
417 silly reify mark retired [
417 silly reify   'C:\\Users\\Petros Kafkias\\OneDrive - Draxis Environmental SA\\Documents\\SPICE\\SPICE Co-Creation Platform Working\\node_modules\\@tailwindcss\\oxide-win32-arm64-msvc'
417 silly reify ]
418 silly reify mark retired [
418 silly reify   'C:\\Users\\Petros Kafkias\\OneDrive - Draxis Environmental SA\\Documents\\SPICE\\SPICE Co-Creation Platform Working\\node_modules\\browserslist',
418 silly reify   'C:\\Users\\Petros Kafkias\\OneDrive - Draxis Environmental SA\\Documents\\SPICE\\SPICE Co-Creation Platform Working\\node_modules\\.bin\\browserslist',
418 silly reify   'C:\\Users\\Petros Kafkias\\OneDrive - Draxis Environmental SA\\Documents\\SPICE\\SPICE Co-Creation Platform Working\\node_modules\\.bin\\browserslist.cmd',
418 silly reify   'C:\\Users\\Petros Kafkias\\OneDrive - Draxis Environmental SA\\Documents\\SPICE\\SPICE Co-Creation Platform Working\\node_modules\\.bin\\browserslist.ps1'
418 silly reify ]
419 silly reify mark retired [
419 silly reify   'C:\\Users\\Petros Kafkias\\OneDrive - Draxis Environmental SA\\Documents\\SPICE\\SPICE Co-Creation Platform Working\\node_modules\\baseline-browser-mapping',
419 silly reify   'C:\\Users\\Petros Kafkias\\OneDrive - Draxis Environmental SA\\Documents\\SPICE\\SPICE Co-Creation Platform Working\\node_modules\\.bin\\baseline-browser-mapping',
419 silly reify   'C:\\Users\\Petros Kafkias\\OneDrive - Draxis Environmental SA\\Documents\\SPICE\\SPICE Co-Creation Platform Working\\node_modules\\.bin\\baseline-browser-mapping.cmd',
419 silly reify   'C:\\Users\\Petros Kafkias\\OneDrive - Draxis Environmental SA\\Documents\\SPICE\\SPICE Co-Creation Platform Working\\node_modules\\.bin\\baseline-browser-mapping.ps1'
419 silly reify ]
420 silly reify mark retired [
420 silly reify   'C:\\Users\\Petros Kafkias\\OneDrive - Draxis Environmental SA\\Documents\\SPICE\\SPICE Co-Creation Platform Working\\node_modules\\esbuild',
420 silly reify   'C:\\Users\\Petros Kafkias\\OneDrive - Draxis Environmental SA\\Documents\\SPICE\\SPICE Co-Creation Platform Working\\node_modules\\.bin\\esbuild',
420 silly reify   'C:\\Users\\Petros Kafkias\\OneDrive - Draxis Environmental SA\\Documents\\SPICE\\SPICE Co-Creation Platform Working\\node_modules\\.bin\\esbuild.cmd',
420 silly reify   'C:\\Users\\Petros Kafkias\\OneDrive - Draxis Environmental SA\\Documents\\SPICE\\SPICE Co-Creation Platform Working\\node_modules\\.bin\\esbuild.ps1'
420 silly reify ]
421 silly reify mark retired [
421 silly reify   'C:\\Users\\Petros Kafkias\\OneDrive - Draxis Environmental SA\\Documents\\SPICE\\SPICE Co-Creation Platform Working\\node_modules\\jiti',
421 silly reify   'C:\\Users\\Petros Kafkias\\OneDrive - Draxis Environmental SA\\Documents\\SPICE\\SPICE Co-Creation Platform Working\\node_modules\\.bin\\jiti',
421 silly reify   'C:\\Users\\Petros Kafkias\\OneDrive - Draxis Environmental SA\\Documents\\SPICE\\SPICE Co-Creation Platform Working\\node_modules\\.bin\\jiti.cmd',
421 silly reify   'C:\\Users\\Petros Kafkias\\OneDrive - Draxis Environmental SA\\Documents\\SPICE\\SPICE Co-Creation Platform Working\\node_modules\\.bin\\jiti.ps1'
421 silly reify ]
422 silly reify mark retired [
422 silly reify   'C:\\Users\\Petros Kafkias\\OneDrive - Draxis Environmental SA\\Documents\\SPICE\\SPICE Co-Creation Platform Working\\node_modules\\jsesc',
422 silly reify   'C:\\Users\\Petros Kafkias\\OneDrive - Draxis Environmental SA\\Documents\\SPICE\\SPICE Co-Creation Platform Working\\node_modules\\.bin\\jsesc',
422 silly reify   'C:\\Users\\Petros Kafkias\\OneDrive - Draxis Environmental SA\\Documents\\SPICE\\SPICE Co-Creation Platform Working\\node_modules\\.bin\\jsesc.cmd',
422 silly reify   'C:\\Users\\Petros Kafkias\\OneDrive - Draxis Environmental SA\\Documents\\SPICE\\SPICE Co-Creation Platform Working\\node_modules\\.bin\\jsesc.ps1'
422 silly reify ]
423 silly reify mark retired [
423 silly reify   'C:\\Users\\Petros Kafkias\\OneDrive - Draxis Environmental SA\\Documents\\SPICE\\SPICE Co-Creation Platform Working\\node_modules\\json5',
423 silly reify   'C:\\Users\\Petros Kafkias\\OneDrive - Draxis Environmental SA\\Documents\\SPICE\\SPICE Co-Creation Platform Working\\node_modules\\.bin\\json5',
423 silly reify   'C:\\Users\\Petros Kafkias\\OneDrive - Draxis Environmental SA\\Documents\\SPICE\\SPICE Co-Creation Platform Working\\node_modules\\.bin\\json5.cmd',
423 silly reify   'C:\\Users\\Petros Kafkias\\OneDrive - Draxis Environmental SA\\Documents\\SPICE\\SPICE Co-Creation Platform Working\\node_modules\\.bin\\json5.ps1'
423 silly reify ]
424 silly reify mark retired [
424 silly reify   'C:\\Users\\Petros Kafkias\\OneDrive - Draxis Environmental SA\\Documents\\SPICE\\SPICE Co-Creation Platform Working\\node_modules\\loose-envify',
424 silly reify   'C:\\Users\\Petros Kafkias\\OneDrive - Draxis Environmental SA\\Documents\\SPICE\\SPICE Co-Creation Platform Working\\node_modules\\.bin\\loose-envify',
424 silly reify   'C:\\Users\\Petros Kafkias\\OneDrive - Draxis Environmental SA\\Documents\\SPICE\\SPICE Co-Creation Platform Working\\node_modules\\.bin\\loose-envify.cmd',
424 silly reify   'C:\\Users\\Petros Kafkias\\OneDrive - Draxis Environmental SA\\Documents\\SPICE\\SPICE Co-Creation Platform Working\\node_modules\\.bin\\loose-envify.ps1'
424 silly reify ]
425 silly reify mark retired [
425 silly reify   'C:\\Users\\Petros Kafkias\\OneDrive - Draxis Environmental SA\\Documents\\SPICE\\SPICE Co-Creation Platform Working\\node_modules\\nanoid',
425 silly reify   'C:\\Users\\Petros Kafkias\\OneDrive - Draxis Environmental SA\\Documents\\SPICE\\SPICE Co-Creation Platform Working\\node_modules\\.bin\\nanoid',
425 silly reify   'C:\\Users\\Petros Kafkias\\OneDrive - Draxis Environmental SA\\Documents\\SPICE\\SPICE Co-Creation Platform Working\\node_modules\\.bin\\nanoid.cmd',
425 silly reify   'C:\\Users\\Petros Kafkias\\OneDrive - Draxis Environmental SA\\Documents\\SPICE\\SPICE Co-Creation Platform Working\\node_modules\\.bin\\nanoid.ps1'
425 silly reify ]
426 silly reify mark retired [
426 silly reify   'C:\\Users\\Petros Kafkias\\OneDrive - Draxis Environmental SA\\Documents\\SPICE\\SPICE Co-Creation Platform Working\\node_modules\\resolve',
426 silly reify   'C:\\Users\\Petros Kafkias\\OneDrive - Draxis Environmental SA\\Documents\\SPICE\\SPICE Co-Creation Platform Working\\node_modules\\.bin\\resolve',
426 silly reify   'C:\\Users\\Petros Kafkias\\OneDrive - Draxis Environmental SA\\Documents\\SPICE\\SPICE Co-Creation Platform Working\\node_modules\\.bin\\resolve.cmd',
426 silly reify   'C:\\Users\\Petros Kafkias\\OneDrive - Draxis Environmental SA\\Documents\\SPICE\\SPICE Co-Creation Platform Working\\node_modules\\.bin\\resolve.ps1'
426 silly reify ]
427 silly reify mark retired [
427 silly reify   'C:\\Users\\Petros Kafkias\\OneDrive - Draxis Environmental SA\\Documents\\SPICE\\SPICE Co-Creation Platform Working\\node_modules\\rollup',
427 silly reify   'C:\\Users\\Petros Kafkias\\OneDrive - Draxis Environmental SA\\Documents\\SPICE\\SPICE Co-Creation Platform Working\\node_modules\\.bin\\rollup',
427 silly reify   'C:\\Users\\Petros Kafkias\\OneDrive - Draxis Environmental SA\\Documents\\SPICE\\SPICE Co-Creation Platform Working\\node_modules\\.bin\\rollup.cmd',
427 silly reify   'C:\\Users\\Petros Kafkias\\OneDrive - Draxis Environmental SA\\Documents\\SPICE\\SPICE Co-Creation Platform Working\\node_modules\\.bin\\rollup.ps1'
427 silly reify ]
428 silly reify mark retired [
428 silly reify   'C:\\Users\\Petros Kafkias\\OneDrive - Draxis Environmental SA\\Documents\\SPICE\\SPICE Co-Creation Platform Working\\node_modules\\semver',
428 silly reify   'C:\\Users\\Petros Kafkias\\OneDrive - Draxis Environmental SA\\Documents\\SPICE\\SPICE Co-Creation Platform Working\\node_modules\\.bin\\semver',
428 silly reify   'C:\\Users\\Petros Kafkias\\OneDrive - Draxis Environmental SA\\Documents\\SPICE\\SPICE Co-Creation Platform Working\\node_modules\\.bin\\semver.cmd',
428 silly reify   'C:\\Users\\Petros Kafkias\\OneDrive - Draxis Environmental SA\\Documents\\SPICE\\SPICE Co-Creation Platform Working\\node_modules\\.bin\\semver.ps1'
428 silly reify ]
429 silly reify mark retired [
429 silly reify   'C:\\Users\\Petros Kafkias\\OneDrive - Draxis Environmental SA\\Documents\\SPICE\\SPICE Co-Creation Platform Working\\node_modules\\update-browserslist-db',
429 silly reify   'C:\\Users\\Petros Kafkias\\OneDrive - Draxis Environmental SA\\Documents\\SPICE\\SPICE Co-Creation Platform Working\\node_modules\\.bin\\update-browserslist-db',
429 silly reify   'C:\\Users\\Petros Kafkias\\OneDrive - Draxis Environmental SA\\Documents\\SPICE\\SPICE Co-Creation Platform Working\\node_modules\\.bin\\update-browserslist-db.cmd',
429 silly reify   'C:\\Users\\Petros Kafkias\\OneDrive - Draxis Environmental SA\\Documents\\SPICE\\SPICE Co-Creation Platform Working\\node_modules\\.bin\\update-browserslist-db.ps1'
429 silly reify ]
430 silly reify mark retired [
430 silly reify   'C:\\Users\\Petros Kafkias\\OneDrive - Draxis Environmental SA\\Documents\\SPICE\\SPICE Co-Creation Platform Working\\node_modules\\vite',
430 silly reify   'C:\\Users\\Petros Kafkias\\OneDrive - Draxis Environmental SA\\Documents\\SPICE\\SPICE Co-Creation Platform Working\\node_modules\\.bin\\vite',
430 silly reify   'C:\\Users\\Petros Kafkias\\OneDrive - Draxis Environmental SA\\Documents\\SPICE\\SPICE Co-Creation Platform Working\\node_modules\\.bin\\vite.cmd',
430 silly reify   'C:\\Users\\Petros Kafkias\\OneDrive - Draxis Environmental SA\\Documents\\SPICE\\SPICE Co-Creation Platform Working\\node_modules\\.bin\\vite.ps1'
430 silly reify ]
431 silly reify mark retired [
431 silly reify   'C:\\Users\\Petros Kafkias\\OneDrive - Draxis Environmental SA\\Documents\\SPICE\\SPICE Co-Creation Platform Working\\node_modules\\yaml',
431 silly reify   'C:\\Users\\Petros Kafkias\\OneDrive - Draxis Environmental SA\\Documents\\SPICE\\SPICE Co-Creation Platform Working\\node_modules\\.bin\\yaml',
431 silly reify   'C:\\Users\\Petros Kafkias\\OneDrive - Draxis Environmental SA\\Documents\\SPICE\\SPICE Co-Creation Platform Working\\node_modules\\.bin\\yaml.cmd',
431 silly reify   'C:\\Users\\Petros Kafkias\\OneDrive - Draxis Environmental SA\\Documents\\SPICE\\SPICE Co-Creation Platform Working\\node_modules\\.bin\\yaml.ps1'
431 silly reify ]
432 silly reify mark retired [
432 silly reify   'C:\\Users\\Petros Kafkias\\OneDrive - Draxis Environmental SA\\Documents\\SPICE\\SPICE Co-Creation Platform Working\\node_modules\\@babel\\parser',
432 silly reify   'C:\\Users\\Petros Kafkias\\OneDrive - Draxis Environmental SA\\Documents\\SPICE\\SPICE Co-Creation Platform Working\\node_modules\\.bin\\parser',
432 silly reify   'C:\\Users\\Petros Kafkias\\OneDrive - Draxis Environmental SA\\Documents\\SPICE\\SPICE Co-Creation Platform Working\\node_modules\\.bin\\parser.cmd',
432 silly reify   'C:\\Users\\Petros Kafkias\\OneDrive - Draxis Environmental SA\\Documents\\SPICE\\SPICE Co-Creation Platform Working\\node_modules\\.bin\\parser.ps1'
432 silly reify ]
433 silly reify moves {
433 silly reify   'C:\\Users\\Petros Kafkias\\OneDrive - Draxis Environmental SA\\Documents\\SPICE\\SPICE Co-Creation Platform Working\\node_modules\\fsevents': 'C:\\Users\\Petros Kafkias\\OneDrive - Draxis Environmental SA\\Documents\\SPICE\\SPICE Co-Creation Platform Working\\node_modules\\.fsevents-dHtvVyvZ',
433 silly reify   'C:\\Users\\Petros Kafkias\\OneDrive - Draxis Environmental SA\\Documents\\SPICE\\SPICE Co-Creation Platform Working\\node_modules\\lightningcss-darwin-arm64': 'C:\\Users\\Petros Kafkias\\OneDrive - Draxis Environmental SA\\Documents\\SPICE\\SPICE Co-Creation Platform Working\\node_modules\\.lightningcss-darwin-arm64-LfmmDtpY',
433 silly reify   'C:\\Users\\Petros Kafkias\\OneDrive - Draxis Environmental SA\\Documents\\SPICE\\SPICE Co-Creation Platform Working\\node_modules\\lightningcss-darwin-x64': 'C:\\Users\\Petros Kafkias\\OneDrive - Draxis Environmental SA\\Documents\\SPICE\\SPICE Co-Creation Platform Working\\node_modules\\.lightningcss-darwin-x64-fWIV6FND',
433 silly reify   'C:\\Users\\Petros Kafkias\\OneDrive - Draxis Environmental SA\\Documents\\SPICE\\SPICE Co-Creation Platform Working\\node_modules\\lightningcss-linux-arm-gnueabihf': 'C:\\Users\\Petros Kafkias\\OneDrive - Draxis Environmental SA\\Documents\\SPICE\\SPICE Co-Creation Platform Working\\node_modules\\.lightningcss-linux-arm-gnueabihf-jBYFcz6b',
433 silly reify   'C:\\Users\\Petros Kafkias\\OneDrive - Draxis Environmental SA\\Documents\\SPICE\\SPICE Co-Creation Platform Working\\node_modules\\lightningcss-freebsd-x64': 'C:\\Users\\Petros Kafkias\\OneDrive - Draxis Environmental SA\\Documents\\SPICE\\SPICE Co-Creation Platform Working\\node_modules\\.lightningcss-freebsd-x64-MWxCrzzz',
433 silly reify   'C:\\Users\\Petros Kafkias\\OneDrive - Draxis Environmental SA\\Documents\\SPICE\\SPICE Co-Creation Platform Working\\node_modules\\lightningcss-linux-arm64-gnu': 'C:\\Users\\Petros Kafkias\\OneDrive - Draxis Environmental SA\\Documents\\SPICE\\SPICE Co-Creation Platform Working\\node_modules\\.lightningcss-linux-arm64-gnu-IZqELc3B',
433 silly reify   'C:\\Users\\Petros Kafkias\\OneDrive - Draxis Environmental SA\\Documents\\SPICE\\SPICE Co-Creation Platform Working\\node_modules\\lightningcss-linux-arm64-musl': 'C:\\Users\\Petros Kafkias\\OneDrive - Draxis Environmental SA\\Documents\\SPICE\\SPICE Co-Creation Platform Working\\node_modules\\.lightningcss-linux-arm64-musl-OzKJZWcg',
433 silly reify   'C:\\Users\\Petros Kafkias\\OneDrive - Draxis Environmental SA\\Documents\\SPICE\\SPICE Co-Creation Platform Working\\node_modules\\lightningcss-linux-x64-gnu': 'C:\\Users\\Petros Kafkias\\OneDrive - Draxis Environmental SA\\Documents\\SPICE\\SPICE Co-Creation Platform Working\\node_modules\\.lightningcss-linux-x64-gnu-PJvvk8V3',
433 silly reify   'C:\\Users\\Petros Kafkias\\OneDrive - Draxis Environmental SA\\Documents\\SPICE\\SPICE Co-Creation Platform Working\\node_modules\\lightningcss-linux-x64-musl': 'C:\\Users\\Petros Kafkias\\OneDrive - Draxis Environmental SA\\Documents\\SPICE\\SPICE Co-Creation Platform Working\\node_modules\\.lightningcss-linux-x64-musl-hZsnwbHU',
433 silly reify   'C:\\Users\\Petros Kafkias\\OneDrive - Draxis Environmental SA\\Documents\\SPICE\\SPICE Co-Creation Platform Working\\node_modules\\lightningcss-win32-arm64-msvc': 'C:\\Users\\Petros Kafkias\\OneDrive - Draxis Environmental SA\\Documents\\SPICE\\SPICE Co-Creation Platform Working\\node_modules\\.lightningcss-win32-arm64-msvc-cfMagnEL',
433 silly reify   'C:\\Users\\Petros Kafkias\\OneDrive - Draxis Environmental SA\\Documents\\SPICE\\SPICE Co-Creation Platform Working\\node_modules\\@esbuild\\aix-ppc64': 'C:\\Users\\Petros Kafkias\\OneDrive - Draxis Environmental SA\\Documents\\SPICE\\SPICE Co-Creation Platform Working\\node_modules\\@esbuild\\.aix-ppc64-xQSJZXpt',
433 silly reify   'C:\\Users\\Petros Kafkias\\OneDrive - Draxis Environmental SA\\Documents\\SPICE\\SPICE Co-Creation Platform Working\\node_modules\\@esbuild\\android-arm': 'C:\\Users\\Petros Kafkias\\OneDrive - Draxis Environmental SA\\Documents\\SPICE\\SPICE Co-Creation Platform Working\\node_modules\\@esbuild\\.android-arm-PnETMDve',
433 silly reify   'C:\\Users\\Petros Kafkias\\OneDrive - Draxis Environmental SA\\Documents\\SPICE\\SPICE Co-Creation Platform Working\\node_modules\\@esbuild\\android-arm64': 'C:\\Users\\Petros Kafkias\\OneDrive - Draxis Environmental SA\\Documents\\SPICE\\SPICE Co-Creation Platform Working\\node_modules\\@esbuild\\.android-arm64-f5aIouNz',
433 silly reify   'C:\\Users\\Petros Kafkias\\OneDrive - Draxis Environmental SA\\Documents\\SPICE\\SPICE Co-Creation Platform Working\\node_modules\\@esbuild\\android-x64': 'C:\\Users\\Petros Kafkias\\OneDrive - Draxis Environmental SA\\Documents\\SPICE\\SPICE Co-Creation Platform Working\\node_modules\\@esbuild\\.android-x64-wAYIagCm',
433 silly reify   'C:\\Users\\Petros Kafkias\\OneDrive - Draxis Environmental SA\\Documents\\SPICE\\SPICE Co-Creation Platform Working\\node_modules\\@esbuild\\darwin-arm64': 'C:\\Users\\Petros Kafkias\\OneDrive - Draxis Environmental SA\\Documents\\SPICE\\SPICE Co-Creation Platform Working\\node_modules\\@esbuild\\.darwin-arm64-GaGkWldD',
433 silly reify   'C:\\Users\\Petros Kafkias\\OneDrive - Draxis Environmental SA\\Documents\\SPICE\\SPICE Co-Creation Platform Working\\node_modules\\@esbuild\\darwin-x64': 'C:\\Users\\Petros Kafkias\\OneDrive - Draxis Environmental SA\\Documents\\SPICE\\SPICE Co-Creation Platform Working\\node_modules\\@esbuild\\.darwin-x64-yCM7bDCq',
433 silly reify   'C:\\Users\\Petros Kafkias\\OneDrive - Draxis Environmental SA\\Documents\\SPICE\\SPICE Co-Creation Platform Working\\node_modules\\@esbuild\\freebsd-arm64': 'C:\\Users\\Petros Kafkias\\OneDrive - Draxis Environmental SA\\Documents\\SPICE\\SPICE Co-Creation Platform Working\\node_modules\\@esbuild\\.freebsd-arm64-HM9X5xIr',
433 silly reify   'C:\\Users\\Petros Kafkias\\OneDrive - Draxis Environmental SA\\Documents\\SPICE\\SPICE Co-Creation Platform Working\\node_modules\\@esbuild\\freebsd-x64': 'C:\\Users\\Petros Kafkias\\OneDrive - Draxis Environmental SA\\Documents\\SPICE\\SPICE Co-Creation Platform Working\\node_modules\\@esbuild\\.freebsd-x64-v5kDoFEF',
433 silly reify   'C:\\Users\\Petros Kafkias\\OneDrive - Draxis Environmental SA\\Documents\\SPICE\\SPICE Co-Creation Platform Working\\node_modules\\@esbuild\\linux-arm': 'C:\\Users\\Petros Kafkias\\OneDrive - Draxis Environmental SA\\Documents\\SPICE\\SPICE Co-Creation Platform Working\\node_modules\\@esbuild\\.linux-arm-Ih8pPvo8',
433 silly reify   'C:\\Users\\Petros Kafkias\\OneDrive - Draxis Environmental SA\\Documents\\SPICE\\SPICE Co-Creation Platform Working\\node_modules\\@esbuild\\linux-arm64': 'C:\\Users\\Petros Kafkias\\OneDrive - Draxis Environmental SA\\Documents\\SPICE\\SPICE Co-Creation Platform Working\\node_modules\\@esbuild\\.linux-arm64-xEFyKC3u',
433 silly reify   'C:\\Users\\Petros Kafkias\\OneDrive - Draxis Environmental SA\\Documents\\SPICE\\SPICE Co-Creation Platform Working\\node_modules\\@esbuild\\linux-ia32': 'C:\\Users\\Petros Kafkias\\OneDrive - Draxis Environmental SA\\Documents\\SPICE\\SPICE Co-Creation Platform Working\\node_modules\\@esbuild\\.linux-ia32-ufRGZZPF',
433 silly reify   'C:\\Users\\Petros Kafkias\\OneDrive - Draxis Environmental SA\\Documents\\SPICE\\SPICE Co-Creation Platform Working\\node_modules\\@esbuild\\linux-loong64': 'C:\\Users\\Petros Kafkias\\OneDrive - Draxis Environmental SA\\Documents\\SPICE\\SPICE Co-Creation Platform Working\\node_modules\\@esbuild\\.linux-loong64-4UhzD6j4',
433 silly reify   'C:\\Users\\Petros Kafkias\\OneDrive - Draxis Environmental SA\\Documents\\SPICE\\SPICE Co-Creation Platform Working\\node_modules\\@esbuild\\linux-mips64el': 'C:\\Users\\Petros Kafkias\\OneDrive - Draxis Environmental SA\\Documents\\SPICE\\SPICE Co-Creation Platform Working\\node_modules\\@esbuild\\.linux-mips64el-j7QOahUi',
433 silly reify   'C:\\Users\\Petros Kafkias\\OneDrive - Draxis Environmental SA\\Documents\\SPICE\\SPICE Co-Creation Platform Working\\node_modules\\@esbuild\\linux-ppc64': 'C:\\Users\\Petros Kafkias\\OneDrive - Draxis Environmental SA\\Documents\\SPICE\\SPICE Co-Creation Platform Working\\node_modules\\@esbuild\\.linux-ppc64-8WtT89zX',
433 silly reify   'C:\\Users\\Petros Kafkias\\OneDrive - Draxis Environmental SA\\Documents\\SPICE\\SPICE Co-Creation Platform Working\\node_modules\\@esbuild\\linux-riscv64': 'C:\\Users\\Petros Kafkias\\OneDrive - Draxis Environmental SA\\Documents\\SPICE\\SPICE Co-Creation Platform Working\\node_modules\\@esbuild\\.linux-riscv64-iwbRwUog',
433 silly reify   'C:\\Users\\Petros Kafkias\\OneDrive - Draxis Environmental SA\\Documents\\SPICE\\SPICE Co-Creation Platform Working\\node_modules\\@esbuild\\linux-x64': 'C:\\Users\\Petros Kafkias\\OneDrive - Draxis Environmental SA\\Documents\\SPICE\\SPICE Co-Creation Platform Working\\node_modules\\@esbuild\\.linux-x64-cZw7ZuAx',
433 silly reify   'C:\\Users\\Petros Kafkias\\OneDrive - Draxis Environmental SA\\Documents\\SPICE\\SPICE Co-Creation Platform Working\\node_modules\\@esbuild\\linux-s390x': 'C:\\Users\\Petros Kafkias\\OneDrive - Draxis Environmental SA\\Documents\\SPICE\\SPICE Co-Creation Platform Working\\node_modules\\@esbuild\\.linux-s390x-Ttj78frP',
433 silly reify   'C:\\Users\\Petros Kafkias\\OneDrive - Draxis Environmental SA\\Documents\\SPICE\\SPICE Co-Creation Platform Working\\node_modules\\@esbuild\\netbsd-arm64': 'C:\\Users\\Petros Kafkias\\OneDrive - Draxis Environmental SA\\Documents\\SPICE\\SPICE Co-Creation Platform Working\\node_modules\\@esbuild\\.netbsd-arm64-evhe01hA',
433 silly reify   'C:\\Users\\Petros Kafkias\\OneDrive - Draxis Environmental SA\\Documents\\SPICE\\SPICE Co-Creation Platform Working\\node_modules\\@esbuild\\netbsd-x64': 'C:\\Users\\Petros Kafkias\\OneDrive - Draxis Environmental SA\\Documents\\SPICE\\SPICE Co-Creation Platform Working\\node_modules\\@esbuild\\.netbsd-x64-xLQwXpoA',
433 silly reify   'C:\\Users\\Petros Kafkias\\OneDrive - Draxis Environmental SA\\Documents\\SPICE\\SPICE Co-Creation Platform Working\\node_modules\\@esbuild\\openbsd-arm64': 'C:\\Users\\Petros Kafkias\\OneDrive - Draxis Environmental SA\\Documents\\SPICE\\SPICE Co-Creation Platform Working\\node_modules\\@esbuild\\.openbsd-arm64-rFiZyig5',
433 silly reify   'C:\\Users\\Petros Kafkias\\OneDrive - Draxis Environmental SA\\Documents\\SPICE\\SPICE Co-Creation Platform Working\\node_modules\\@esbuild\\openbsd-x64': 'C:\\Users\\Petros Kafkias\\OneDrive - Draxis Environmental SA\\Documents\\SPICE\\SPICE Co-Creation Platform Working\\node_modules\\@esbuild\\.openbsd-x64-QuPRJQ7Q',
433 silly reify   'C:\\Users\\Petros Kafkias\\OneDrive - Draxis Environmental SA\\Documents\\SPICE\\SPICE Co-Creation Platform Working\\node_modules\\@esbuild\\openharmony-arm64': 'C:\\Users\\Petros Kafkias\\OneDrive - Draxis Environmental SA\\Documents\\SPICE\\SPICE Co-Creation Platform Working\\node_modules\\@esbuild\\.openharmony-arm64-tH7DaAHh',
433 silly reify   'C:\\Users\\Petros Kafkias\\OneDrive - Draxis Environmental SA\\Documents\\SPICE\\SPICE Co-Creation Platform Working\\node_modules\\@esbuild\\sunos-x64': 'C:\\Users\\Petros Kafkias\\OneDrive - Draxis Environmental SA\\Documents\\SPICE\\SPICE Co-Creation Platform Working\\node_modules\\@esbuild\\.sunos-x64-8I5GUuXl',
433 silly reify   'C:\\Users\\Petros Kafkias\\OneDrive - Draxis Environmental SA\\Documents\\SPICE\\SPICE Co-Creation Platform Working\\node_modules\\@esbuild\\win32-arm64': 'C:\\Users\\Petros Kafkias\\OneDrive - Draxis Environmental SA\\Documents\\SPICE\\SPICE Co-Creation Platform Working\\node_modules\\@esbuild\\.win32-arm64-0FJmpKey',
433 silly reify   'C:\\Users\\Petros Kafkias\\OneDrive - Draxis Environmental SA\\Documents\\SPICE\\SPICE Co-Creation Platform Working\\node_modules\\@esbuild\\win32-ia32': 'C:\\Users\\Petros Kafkias\\OneDrive - Draxis Environmental SA\\Documents\\SPICE\\SPICE Co-Creation Platform Working\\node_modules\\@esbuild\\.win32-ia32-PqBIDYTn',
433 silly reify   'C:\\Users\\Petros Kafkias\\OneDrive - Draxis Environmental SA\\Documents\\SPICE\\SPICE Co-Creation Platform Working\\node_modules\\@mui\\icons-material': 'C:\\Users\\Petros Kafkias\\OneDrive - Draxis Environmental SA\\Documents\\SPICE\\SPICE Co-Creation Platform Working\\node_modules\\@mui\\.icons-material-9MeX0635',
433 silly reify   'C:\\Users\\Petros Kafkias\\OneDrive - Draxis Environmental SA\\Documents\\SPICE\\SPICE Co-Creation Platform Working\\node_modules\\@rollup\\rollup-android-arm-eabi': 'C:\\Users\\Petros Kafkias\\OneDrive - Draxis Environmental SA\\Documents\\SPICE\\SPICE Co-Creation Platform Working\\node_modules\\@rollup\\.rollup-android-arm-eabi-qJeLb1jl',
433 silly reify   'C:\\Users\\Petros Kafkias\\OneDrive - Draxis Environmental SA\\Documents\\SPICE\\SPICE Co-Creation Platform Working\\node_modules\\@rollup\\rollup-android-arm64': 'C:\\Users\\Petros Kafkias\\OneDrive - Draxis Environmental SA\\Documents\\SPICE\\SPICE Co-Creation Platform Working\\node_modules\\@rollup\\.rollup-android-arm64-stxWcSMv',
433 silly reify   'C:\\Users\\Petros Kafkias\\OneDrive - Draxis Environmental SA\\Documents\\SPICE\\SPICE Co-Creation Platform Working\\node_modules\\@rollup\\rollup-darwin-arm64': 'C:\\Users\\Petros Kafkias\\OneDrive - Draxis Environmental SA\\Documents\\SPICE\\SPICE Co-Creation Platform Working\\node_modules\\@rollup\\.rollup-darwin-arm64-WioASExW',
433 silly reify   'C:\\Users\\Petros Kafkias\\OneDrive - Draxis Environmental SA\\Documents\\SPICE\\SPICE Co-Creation Platform Working\\node_modules\\@rollup\\rollup-darwin-x64': 'C:\\Users\\Petros Kafkias\\OneDrive - Draxis Environmental SA\\Documents\\SPICE\\SPICE Co-Creation Platform Working\\node_modules\\@rollup\\.rollup-darwin-x64-Ds3B72Sy',
433 silly reify   'C:\\Users\\Petros Kafkias\\OneDrive - Draxis Environmental SA\\Documents\\SPICE\\SPICE Co-Creation Platform Working\\node_modules\\@rollup\\rollup-freebsd-arm64': 'C:\\Users\\Petros Kafkias\\OneDrive - Draxis Environmental SA\\Documents\\SPICE\\SPICE Co-Creation Platform Working\\node_modules\\@rollup\\.rollup-freebsd-arm64-pws5SGLi',
433 silly reify   'C:\\Users\\Petros Kafkias\\OneDrive - Draxis Environmental SA\\Documents\\SPICE\\SPICE Co-Creation Platform Working\\node_modules\\@rollup\\rollup-freebsd-x64': 'C:\\Users\\Petros Kafkias\\OneDrive - Draxis Environmental SA\\Documents\\SPICE\\SPICE Co-Creation Platform Working\\node_modules\\@rollup\\.rollup-freebsd-x64-1duCk7sE',
433 silly reify   'C:\\Users\\Petros Kafkias\\OneDrive - Draxis Environmental SA\\Documents\\SPICE\\SPICE Co-Creation Platform Working\\node_modules\\@rollup\\rollup-linux-arm-gnueabihf': 'C:\\Users\\Petros Kafkias\\OneDrive - Draxis Environmental SA\\Documents\\SPICE\\SPICE Co-Creation Platform Working\\node_modules\\@rollup\\.rollup-linux-arm-gnueabihf-wd5Jt069',
433 silly reify   'C:\\Users\\Petros Kafkias\\OneDrive - Draxis Environmental SA\\Documents\\SPICE\\SPICE Co-Creation Platform Working\\node_modules\\@rollup\\rollup-linux-arm64-gnu': 'C:\\Users\\Petros Kafkias\\OneDrive - Draxis Environmental SA\\Documents\\SPICE\\SPICE Co-Creation Platform Working\\node_modules\\@rollup\\.rollup-linux-arm64-gnu-x9yriyup',
433 silly reify   'C:\\Users\\Petros Kafkias\\OneDrive - Draxis Environmental SA\\Documents\\SPICE\\SPICE Co-Creation Platform Working\\node_modules\\@rollup\\rollup-linux-arm-musleabihf': 'C:\\Users\\Petros Kafkias\\OneDrive - Draxis Environmental SA\\Documents\\SPICE\\SPICE Co-Creation Platform Working\\node_modules\\@rollup\\.rollup-linux-arm-musleabihf-ar8e2Vz3',
433 silly reify   'C:\\Users\\Petros Kafkias\\OneDrive - Draxis Environmental SA\\Documents\\SPICE\\SPICE Co-Creation Platform Working\\node_modules\\@rollup\\rollup-linux-loong64-gnu': 'C:\\Users\\Petros Kafkias\\OneDrive - Draxis Environmental SA\\Documents\\SPICE\\SPICE Co-Creation Platform Working\\node_modules\\@rollup\\.rollup-linux-loong64-gnu-Wdidbk6H',
433 silly reify   'C:\\Users\\Petros Kafkias\\OneDrive - Draxis Environmental SA\\Documents\\SPICE\\SPICE Co-Creation Platform Working\\node_modules\\@rollup\\rollup-linux-arm64-musl': 'C:\\Users\\Petros Kafkias\\OneDrive - Draxis Environmental SA\\Documents\\SPICE\\SPICE Co-Creation Platform Working\\node_modules\\@rollup\\.rollup-linux-arm64-musl-N0fE2FqM',
433 silly reify   'C:\\Users\\Petros Kafkias\\OneDrive - Draxis Environmental SA\\Documents\\SPICE\\SPICE Co-Creation Platform Working\\node_modules\\@rollup\\rollup-linux-loong64-musl': 'C:\\Users\\Petros Kafkias\\OneDrive - Draxis Environmental SA\\Documents\\SPICE\\SPICE Co-Creation Platform Working\\node_modules\\@rollup\\.rollup-linux-loong64-musl-frXZdgjA',
433 silly reify   'C:\\Users\\Petros Kafkias\\OneDrive - Draxis Environmental SA\\Documents\\SPICE\\SPICE Co-Creation Platform Working\\node_modules\\@rollup\\rollup-linux-ppc64-musl': 'C:\\Users\\Petros Kafkias\\OneDrive - Draxis Environmental SA\\Documents\\SPICE\\SPICE Co-Creation Platform Working\\node_modules\\@rollup\\.rollup-linux-ppc64-musl-MyrrRnqW',
433 silly reify   'C:\\Users\\Petros Kafkias\\OneDrive - Draxis Environmental SA\\Documents\\SPICE\\SPICE Co-Creation Platform Working\\node_modules\\@rollup\\rollup-linux-ppc64-gnu': 'C:\\Users\\Petros Kafkias\\OneDrive - Draxis Environmental SA\\Documents\\SPICE\\SPICE Co-Creation Platform Working\\node_modules\\@rollup\\.rollup-linux-ppc64-gnu-KaF1vN16',
433 silly reify   'C:\\Users\\Petros Kafkias\\OneDrive - Draxis Environmental SA\\Documents\\SPICE\\SPICE Co-Creation Platform Working\\node_modules\\@rollup\\rollup-linux-riscv64-gnu': 'C:\\Users\\Petros Kafkias\\OneDrive - Draxis Environmental SA\\Documents\\SPICE\\SPICE Co-Creation Platform Working\\node_modules\\@rollup\\.rollup-linux-riscv64-gnu-HklC233n',
433 silly reify   'C:\\Users\\Petros Kafkias\\OneDrive - Draxis Environmental SA\\Documents\\SPICE\\SPICE Co-Creation Platform Working\\node_modules\\@rollup\\rollup-linux-riscv64-musl': 'C:\\Users\\Petros Kafkias\\OneDrive - Draxis Environmental SA\\Documents\\SPICE\\SPICE Co-Creation Platform Working\\node_modules\\@rollup\\.rollup-linux-riscv64-musl-htPJjAc9',
433 silly reify   'C:\\Users\\Petros Kafkias\\OneDrive - Draxis Environmental SA\\Documents\\SPICE\\SPICE Co-Creation Platform Working\\node_modules\\@rollup\\rollup-linux-s390x-gnu': 'C:\\Users\\Petros Kafkias\\OneDrive - Draxis Environmental SA\\Documents\\SPICE\\SPICE Co-Creation Platform Working\\node_modules\\@rollup\\.rollup-linux-s390x-gnu-tN4hT7i6',
433 silly reify   'C:\\Users\\Petros Kafkias\\OneDrive - Draxis Environmental SA\\Documents\\SPICE\\SPICE Co-Creation Platform Working\\node_modules\\@rollup\\rollup-linux-x64-gnu': 'C:\\Users\\Petros Kafkias\\OneDrive - Draxis Environmental SA\\Documents\\SPICE\\SPICE Co-Creation Platform Working\\node_modules\\@rollup\\.rollup-linux-x64-gnu-zk6noWEV',
433 silly reify   'C:\\Users\\Petros Kafkias\\OneDrive - Draxis Environmental SA\\Documents\\SPICE\\SPICE Co-Creation Platform Working\\node_modules\\@rollup\\rollup-linux-x64-musl': 'C:\\Users\\Petros Kafkias\\OneDrive - Draxis Environmental SA\\Documents\\SPICE\\SPICE Co-Creation Platform Working\\node_modules\\@rollup\\.rollup-linux-x64-musl-Nvv3PPjy',
433 silly reify   'C:\\Users\\Petros Kafkias\\OneDrive - Draxis Environmental SA\\Documents\\SPICE\\SPICE Co-Creation Platform Working\\node_modules\\@rollup\\rollup-openbsd-x64': 'C:\\Users\\Petros Kafkias\\OneDrive - Draxis Environmental SA\\Documents\\SPICE\\SPICE Co-Creation Platform Working\\node_modules\\@rollup\\.rollup-openbsd-x64-E8CqZQN1',
433 silly reify   'C:\\Users\\Petros Kafkias\\OneDrive - Draxis Environmental SA\\Documents\\SPICE\\SPICE Co-Creation Platform Working\\node_modules\\@rollup\\rollup-openharmony-arm64': 'C:\\Users\\Petros Kafkias\\OneDrive - Draxis Environmental SA\\Documents\\SPICE\\SPICE Co-Creation Platform Working\\node_modules\\@rollup\\.rollup-openharmony-arm64-UFi6VD4i',
433 silly reify   'C:\\Users\\Petros Kafkias\\OneDrive - Draxis Environmental SA\\Documents\\SPICE\\SPICE Co-Creation Platform Working\\node_modules\\@rollup\\rollup-win32-arm64-msvc': 'C:\\Users\\Petros Kafkias\\OneDrive - Draxis Environmental SA\\Documents\\SPICE\\SPICE Co-Creation Platform Working\\node_modules\\@rollup\\.rollup-win32-arm64-msvc-Q1tObDAj',
433 silly reify   'C:\\Users\\Petros Kafkias\\OneDrive - Draxis Environmental SA\\Documents\\SPICE\\SPICE Co-Creation Platform Working\\node_modules\\@rollup\\rollup-win32-ia32-msvc': 'C:\\Users\\Petros Kafkias\\OneDrive - Draxis Environmental SA\\Documents\\SPICE\\SPICE Co-Creation Platform Working\\node_modules\\@rollup\\.rollup-win32-ia32-msvc-ZsbeHZAq',
433 silly reify   'C:\\Users\\Petros Kafkias\\OneDrive - Draxis Environmental SA\\Documents\\SPICE\\SPICE Co-Creation Platform Working\\node_modules\\@tailwindcss\\oxide-android-arm64': 'C:\\Users\\Petros Kafkias\\OneDrive - Draxis Environmental SA\\Documents\\SPICE\\SPICE Co-Creation Platform Working\\node_modules\\@tailwindcss\\.oxide-android-arm64-4s2AwBoz',
433 silly reify   'C:\\Users\\Petros Kafkias\\OneDrive - Draxis Environmental SA\\Documents\\SPICE\\SPICE Co-Creation Platform Working\\node_modules\\@tailwindcss\\oxide-darwin-x64': 'C:\\Users\\Petros Kafkias\\OneDrive - Draxis Environmental SA\\Documents\\SPICE\\SPICE Co-Creation Platform Working\\node_modules\\@tailwindcss\\.oxide-darwin-x64-lMM5D9M6',
433 silly reify   'C:\\Users\\Petros Kafkias\\OneDrive - Draxis Environmental SA\\Documents\\SPICE\\SPICE Co-Creation Platform Working\\node_modules\\@tailwindcss\\oxide-darwin-arm64': 'C:\\Users\\Petros Kafkias\\OneDrive - Draxis Environmental SA\\Documents\\SPICE\\SPICE Co-Creation Platform Working\\node_modules\\@tailwindcss\\.oxide-darwin-arm64-iow9Bz3w',
433 silly reify   'C:\\Users\\Petros Kafkias\\OneDrive - Draxis Environmental SA\\Documents\\SPICE\\SPICE Co-Creation Platform Working\\node_modules\\@tailwindcss\\oxide-freebsd-x64': 'C:\\Users\\Petros Kafkias\\OneDrive - Draxis Environmental SA\\Documents\\SPICE\\SPICE Co-Creation Platform Working\\node_modules\\@tailwindcss\\.oxide-freebsd-x64-TAp62muR',
433 silly reify   'C:\\Users\\Petros Kafkias\\OneDrive - Draxis Environmental SA\\Documents\\SPICE\\SPICE Co-Creation Platform Working\\node_modules\\@tailwindcss\\oxide-linux-arm-gnueabihf': 'C:\\Users\\Petros Kafkias\\OneDrive - Draxis Environmental SA\\Documents\\SPICE\\SPICE Co-Creation Platform Working\\node_modules\\@tailwindcss\\.oxide-linux-arm-gnueabihf-Ir5K8pza',
433 silly reify   'C:\\Users\\Petros Kafkias\\OneDrive - Draxis Environmental SA\\Documents\\SPICE\\SPICE Co-Creation Platform Working\\node_modules\\@tailwindcss\\oxide-linux-arm64-gnu': 'C:\\Users\\Petros Kafkias\\OneDrive - Draxis Environmental SA\\Documents\\SPICE\\SPICE Co-Creation Platform Working\\node_modules\\@tailwindcss\\.oxide-linux-arm64-gnu-V6bE81v3',
433 silly reify   'C:\\Users\\Petros Kafkias\\OneDrive - Draxis Environmental SA\\Documents\\SPICE\\SPICE Co-Creation Platform Working\\node_modules\\@tailwindcss\\oxide-linux-arm64-musl': 'C:\\Users\\Petros Kafkias\\OneDrive - Draxis Environmental SA\\Documents\\SPICE\\SPICE Co-Creation Platform Working\\node_modules\\@tailwindcss\\.oxide-linux-arm64-musl-vAs96pvf',
433 silly reify   'C:\\Users\\Petros Kafkias\\OneDrive - Draxis Environmental SA\\Documents\\SPICE\\SPICE Co-Creation Platform Working\\node_modules\\@tailwindcss\\oxide-linux-x64-gnu': 'C:\\Users\\Petros Kafkias\\OneDrive - Draxis Environmental SA\\Documents\\SPICE\\SPICE Co-Creation Platform Working\\node_modules\\@tailwindcss\\.oxide-linux-x64-gnu-Irk9gjlZ',
433 silly reify   'C:\\Users\\Petros Kafkias\\OneDrive - Draxis Environmental SA\\Documents\\SPICE\\SPICE Co-Creation Platform Working\\node_modules\\@tailwindcss\\oxide-linux-x64-musl': 'C:\\Users\\Petros Kafkias\\OneDrive - Draxis Environmental SA\\Documents\\SPICE\\SPICE Co-Creation Platform Working\\node_modules\\@tailwindcss\\.oxide-linux-x64-musl-1LvOt3uJ',
433 silly reify   'C:\\Users\\Petros Kafkias\\OneDrive - Draxis Environmental SA\\Documents\\SPICE\\SPICE Co-Creation Platform Working\\node_modules\\@tailwindcss\\oxide-wasm32-wasi': 'C:\\Users\\Petros Kafkias\\OneDrive - Draxis Environmental SA\\Documents\\SPICE\\SPICE Co-Creation Platform Working\\node_modules\\@tailwindcss\\.oxide-wasm32-wasi-UPOjXYOu',
433 silly reify   'C:\\Users\\Petros Kafkias\\OneDrive - Draxis Environmental SA\\Documents\\SPICE\\SPICE Co-Creation Platform Working\\node_modules\\@tailwindcss\\oxide-win32-arm64-msvc': 'C:\\Users\\Petros Kafkias\\OneDrive - Draxis Environmental SA\\Documents\\SPICE\\SPICE Co-Creation Platform Working\\node_modules\\@tailwindcss\\.oxide-win32-arm64-msvc-6XvaCrqQ',
433 silly reify   'C:\\Users\\Petros Kafkias\\OneDrive - Draxis Environmental SA\\Documents\\SPICE\\SPICE Co-Creation Platform Working\\node_modules\\browserslist': 'C:\\Users\\Petros Kafkias\\OneDrive - Draxis Environmental SA\\Documents\\SPICE\\SPICE Co-Creation Platform Working\\node_modules\\.browserslist-GxH8NP6V',
433 silly reify   'C:\\Users\\Petros Kafkias\\OneDrive - Draxis Environmental SA\\Documents\\SPICE\\SPICE Co-Creation Platform Working\\node_modules\\.bin\\browserslist': 'C:\\Users\\Petros Kafkias\\OneDrive - Draxis Environmental SA\\Documents\\SPICE\\SPICE Co-Creation Platform Working\\node_modules\\.bin\\.browserslist-rCXAfIB8',
433 silly reify   'C:\\Users\\Petros Kafkias\\OneDrive - Draxis Environmental SA\\Documents\\SPICE\\SPICE Co-Creation Platform Working\\node_modules\\.bin\\browserslist.cmd': 'C:\\Users\\Petros Kafkias\\OneDrive - Draxis Environmental SA\\Documents\\SPICE\\SPICE Co-Creation Platform Working\\node_modules\\.bin\\.browserslist.cmd-xKwR3YE1',
433 silly reify   'C:\\Users\\Petros Kafkias\\OneDrive - Draxis Environmental SA\\Documents\\SPICE\\SPICE Co-Creation Platform Working\\node_modules\\.bin\\browserslist.ps1': 'C:\\Users\\Petros Kafkias\\OneDrive - Draxis Environmental SA\\Documents\\SPICE\\SPICE Co-Creation Platform Working\\node_modules\\.bin\\.browserslist.ps1-eR1r1km2',
433 silly reify   'C:\\Users\\Petros Kafkias\\OneDrive - Draxis Environmental SA\\Documents\\SPICE\\SPICE Co-Creation Platform Working\\node_modules\\baseline-browser-mapping': 'C:\\Users\\Petros Kafkias\\OneDrive - Draxis Environmental SA\\Documents\\SPICE\\SPICE Co-Creation Platform Working\\node_modules\\.baseline-browser-mapping-DeyVQRW8',
433 silly reify   'C:\\Users\\Petros Kafkias\\OneDrive - Draxis Environmental SA\\Documents\\SPICE\\SPICE Co-Creation Platform Working\\node_modules\\.bin\\baseline-browser-mapping': 'C:\\Users\\Petros Kafkias\\OneDrive - Draxis Environmental SA\\Documents\\SPICE\\SPICE Co-Creation Platform Working\\node_modules\\.bin\\.baseline-browser-mapping-8lhCq4Ux',
433 silly reify   'C:\\Users\\Petros Kafkias\\OneDrive - Draxis Environmental SA\\Documents\\SPICE\\SPICE Co-Creation Platform Working\\node_modules\\.bin\\baseline-browser-mapping.cmd': 'C:\\Users\\Petros Kafkias\\OneDrive - Draxis Environmental SA\\Documents\\SPICE\\SPICE Co-Creation Platform Working\\node_modules\\.bin\\.baseline-browser-mapping.cmd-ixO6u0Gk',
433 silly reify   'C:\\Users\\Petros Kafkias\\OneDrive - Draxis Environmental SA\\Documents\\SPICE\\SPICE Co-Creation Platform Working\\node_modules\\.bin\\baseline-browser-mapping.ps1': 'C:\\Users\\Petros Kafkias\\OneDrive - Draxis Environmental SA\\Documents\\SPICE\\SPICE Co-Creation Platform Working\\node_modules\\.bin\\.baseline-browser-mapping.ps1-c3hYJafV',
433 silly reify   'C:\\Users\\Petros Kafkias\\OneDrive - Draxis Environmental SA\\Documents\\SPICE\\SPICE Co-Creation Platform Working\\node_modules\\esbuild': 'C:\\Users\\Petros Kafkias\\OneDrive - Draxis Environmental SA\\Documents\\SPICE\\SPICE Co-Creation Platform Working\\node_modules\\.esbuild-RXO6kMCV',
433 silly reify   'C:\\Users\\Petros Kafkias\\OneDrive - Draxis Environmental SA\\Documents\\SPICE\\SPICE Co-Creation Platform Working\\node_modules\\.bin\\esbuild': 'C:\\Users\\Petros Kafkias\\OneDrive - Draxis Environmental SA\\Documents\\SPICE\\SPICE Co-Creation Platform Working\\node_modules\\.bin\\.esbuild-XQMt4Ond',
433 silly reify   'C:\\Users\\Petros Kafkias\\OneDrive - Draxis Environmental SA\\Documents\\SPICE\\SPICE Co-Creation Platform Working\\node_modules\\.bin\\esbuild.cmd': 'C:\\Users\\Petros Kafkias\\OneDrive - Draxis Environmental SA\\Documents\\SPICE\\SPICE Co-Creation Platform Working\\node_modules\\.bin\\.esbuild.cmd-17ne3L7L',
433 silly reify   'C:\\Users\\Petros Kafkias\\OneDrive - Draxis Environmental SA\\Documents\\SPICE\\SPICE Co-Creation Platform Working\\node_modules\\.bin\\esbuild.ps1': 'C:\\Users\\Petros Kafkias\\OneDrive - Draxis Environmental SA\\Documents\\SPICE\\SPICE Co-Creation Platform Working\\node_modules\\.bin\\.esbuild.ps1-IEyPvhLz',
433 silly reify   'C:\\Users\\Petros Kafkias\\OneDrive - Draxis Environmental SA\\Documents\\SPICE\\SPICE Co-Creation Platform Working\\node_modules\\jiti': 'C:\\Users\\Petros Kafkias\\OneDrive - Draxis Environmental SA\\Documents\\SPICE\\SPICE Co-Creation Platform Working\\node_modules\\.jiti-qcxf7diT',
433 silly reify   'C:\\Users\\Petros Kafkias\\OneDrive - Draxis Environmental SA\\Documents\\SPICE\\SPICE Co-Creation Platform Working\\node_modules\\.bin\\jiti': 'C:\\Users\\Petros Kafkias\\OneDrive - Draxis Environmental SA\\Documents\\SPICE\\SPICE Co-Creation Platform Working\\node_modules\\.bin\\.jiti-qfEUxtl1',
433 silly reify   'C:\\Users\\Petros Kafkias\\OneDrive - Draxis Environmental SA\\Documents\\SPICE\\SPICE Co-Creation Platform Working\\node_modules\\.bin\\jiti.cmd': 'C:\\Users\\Petros Kafkias\\OneDrive - Draxis Environmental SA\\Documents\\SPICE\\SPICE Co-Creation Platform Working\\node_modules\\.bin\\.jiti.cmd-IFNlZ8Vu',
433 silly reify   'C:\\Users\\Petros Kafkias\\OneDrive - Draxis Environmental SA\\Documents\\SPICE\\SPICE Co-Creation Platform Working\\node_modules\\.bin\\jiti.ps1': 'C:\\Users\\Petros Kafkias\\OneDrive - Draxis Environmental SA\\Documents\\SPICE\\SPICE Co-Creation Platform Working\\node_modules\\.bin\\.jiti.ps1-HUP6GjNL',
433 silly reify   'C:\\Users\\Petros Kafkias\\OneDrive - Draxis Environmental SA\\Documents\\SPICE\\SPICE Co-Creation Platform Working\\node_modules\\jsesc': 'C:\\Users\\Petros Kafkias\\OneDrive - Draxis Environmental SA\\Documents\\SPICE\\SPICE Co-Creation Platform Working\\node_modules\\.jsesc-AB44sVKa',
433 silly reify   'C:\\Users\\Petros Kafkias\\OneDrive - Draxis Environmental SA\\Documents\\SPICE\\SPICE Co-Creation Platform Working\\node_modules\\.bin\\jsesc': 'C:\\Users\\Petros Kafkias\\OneDrive - Draxis Environmental SA\\Documents\\SPICE\\SPICE Co-Creation Platform Working\\node_modules\\.bin\\.jsesc-6E7fkFWm',
433 silly reify   'C:\\Users\\Petros Kafkias\\OneDrive - Draxis Environmental SA\\Documents\\SPICE\\SPICE Co-Creation Platform Working\\node_modules\\.bin\\jsesc.cmd': 'C:\\Users\\Petros Kafkias\\OneDrive - Draxis Environmental SA\\Documents\\SPICE\\SPICE Co-Creation Platform Working\\node_modules\\.bin\\.jsesc.cmd-fAPEs11V',
433 silly reify   'C:\\Users\\Petros Kafkias\\OneDrive - Draxis Environmental SA\\Documents\\SPICE\\SPICE Co-Creation Platform Working\\node_modules\\.bin\\jsesc.ps1': 'C:\\Users\\Petros Kafkias\\OneDrive - Draxis Environmental SA\\Documents\\SPICE\\SPICE Co-Creation Platform Working\\node_modules\\.bin\\.jsesc.ps1-Sjb47oFA',
433 silly reify   'C:\\Users\\Petros Kafkias\\OneDrive - Draxis Environmental SA\\Documents\\SPICE\\SPICE Co-Creation Platform Working\\node_modules\\json5': 'C:\\Users\\Petros Kafkias\\OneDrive - Draxis Environmental SA\\Documents\\SPICE\\SPICE Co-Creation Platform Working\\node_modules\\.json5-OS5KiGcn',
433 silly reify   'C:\\Users\\Petros Kafkias\\OneDrive - Draxis Environmental SA\\Documents\\SPICE\\SPICE Co-Creation Platform Working\\node_modules\\.bin\\json5': 'C:\\Users\\Petros Kafkias\\OneDrive - Draxis Environmental SA\\Documents\\SPICE\\SPICE Co-Creation Platform Working\\node_modules\\.bin\\.json5-iJmp3kMo',
433 silly reify   'C:\\Users\\Petros Kafkias\\OneDrive - Draxis Environmental SA\\Documents\\SPICE\\SPICE Co-Creation Platform Working\\node_modules\\.bin\\json5.cmd': 'C:\\Users\\Petros Kafkias\\OneDrive - Draxis Environmental SA\\Documents\\SPICE\\SPICE Co-Creation Platform Working\\node_modules\\.bin\\.json5.cmd-zw62wSoz',
433 silly reify   'C:\\Users\\Petros Kafkias\\OneDrive - Draxis Environmental SA\\Documents\\SPICE\\SPICE Co-Creation Platform Working\\node_modules\\.bin\\json5.ps1': 'C:\\Users\\Petros Kafkias\\OneDrive - Draxis Environmental SA\\Documents\\SPICE\\SPICE Co-Creation Platform Working\\node_modules\\.bin\\.json5.ps1-T02Hq33H',
433 silly reify   'C:\\Users\\Petros Kafkias\\OneDrive - Draxis Environmental SA\\Documents\\SPICE\\SPICE Co-Creation Platform Working\\node_modules\\loose-envify': 'C:\\Users\\Petros Kafkias\\OneDrive - Draxis Environmental SA\\Documents\\SPICE\\SPICE Co-Creation Platform Working\\node_modules\\.loose-envify-82OgyFPz',
433 silly reify   'C:\\Users\\Petros Kafkias\\OneDrive - Draxis Environmental SA\\Documents\\SPICE\\SPICE Co-Creation Platform Working\\node_modules\\.bin\\loose-envify': 'C:\\Users\\Petros Kafkias\\OneDrive - Draxis Environmental SA\\Documents\\SPICE\\SPICE Co-Creation Platform Working\\node_modules\\.bin\\.loose-envify-gq4TTaht',
433 silly reify   'C:\\Users\\Petros Kafkias\\OneDrive - Draxis Environmental SA\\Documents\\SPICE\\SPICE Co-Creation Platform Working\\node_modules\\.bin\\loose-envify.cmd': 'C:\\Users\\Petros Kafkias\\OneDrive - Draxis Environmental SA\\Documents\\SPICE\\SPICE Co-Creation Platform Working\\node_modules\\.bin\\.loose-envify.cmd-FuzTci5R',
433 silly reify   'C:\\Users\\Petros Kafkias\\OneDrive - Draxis Environmental SA\\Documents\\SPICE\\SPICE Co-Creation Platform Working\\node_modules\\.bin\\loose-envify.ps1': 'C:\\Users\\Petros Kafkias\\OneDrive - Draxis Environmental SA\\Documents\\SPICE\\SPICE Co-Creation Platform Working\\node_modules\\.bin\\.loose-envify.ps1-8rYy5Pzw',
433 silly reify   'C:\\Users\\Petros Kafkias\\OneDrive - Draxis Environmental SA\\Documents\\SPICE\\SPICE Co-Creation Platform Working\\node_modules\\nanoid': 'C:\\Users\\Petros Kafkias\\OneDrive - Draxis Environmental SA\\Documents\\SPICE\\SPICE Co-Creation Platform Working\\node_modules\\.nanoid-X6ScLtWv',
433 silly reify   'C:\\Users\\Petros Kafkias\\OneDrive - Draxis Environmental SA\\Documents\\SPICE\\SPICE Co-Creation Platform Working\\node_modules\\.bin\\nanoid': 'C:\\Users\\Petros Kafkias\\OneDrive - Draxis Environmental SA\\Documents\\SPICE\\SPICE Co-Creation Platform Working\\node_modules\\.bin\\.nanoid-TVD10e4L',
433 silly reify   'C:\\Users\\Petros Kafkias\\OneDrive - Draxis Environmental SA\\Documents\\SPICE\\SPICE Co-Creation Platform Working\\node_modules\\.bin\\nanoid.cmd': 'C:\\Users\\Petros Kafkias\\OneDrive - Draxis Environmental SA\\Documents\\SPICE\\SPICE Co-Creation Platform Working\\node_modules\\.bin\\.nanoid.cmd-26pMkMgZ',
433 silly reify   'C:\\Users\\Petros Kafkias\\OneDrive - Draxis Environmental SA\\Documents\\SPICE\\SPICE Co-Creation Platform Working\\node_modules\\.bin\\nanoid.ps1': 'C:\\Users\\Petros Kafkias\\OneDrive - Draxis Environmental SA\\Documents\\SPICE\\SPICE Co-Creation Platform Working\\node_modules\\.bin\\.nanoid.ps1-LkD19Onz',
433 silly reify   'C:\\Users\\Petros Kafkias\\OneDrive - Draxis Environmental SA\\Documents\\SPICE\\SPICE Co-Creation Platform Working\\node_modules\\resolve': 'C:\\Users\\Petros Kafkias\\OneDrive - Draxis Environmental SA\\Documents\\SPICE\\SPICE Co-Creation Platform Working\\node_modules\\.resolve-ScR89prJ',
433 silly reify   'C:\\Users\\Petros Kafkias\\OneDrive - Draxis Environmental SA\\Documents\\SPICE\\SPICE Co-Creation Platform Working\\node_modules\\.bin\\resolve': 'C:\\Users\\Petros Kafkias\\OneDrive - Draxis Environmental SA\\Documents\\SPICE\\SPICE Co-Creation Platform Working\\node_modules\\.bin\\.resolve-PgrPb7tl',
433 silly reify   'C:\\Users\\Petros Kafkias\\OneDrive - Draxis Environmental SA\\Documents\\SPICE\\SPICE Co-Creation Platform Working\\node_modules\\.bin\\resolve.cmd': 'C:\\Users\\Petros Kafkias\\OneDrive - Draxis Environmental SA\\Documents\\SPICE\\SPICE Co-Creation Platform Working\\node_modules\\.bin\\.resolve.cmd-WSjfT7ty',
433 silly reify   'C:\\Users\\Petros Kafkias\\OneDrive - Draxis Environmental SA\\Documents\\SPICE\\SPICE Co-Creation Platform Working\\node_modules\\.bin\\resolve.ps1': 'C:\\Users\\Petros Kafkias\\OneDrive - Draxis Environmental SA\\Documents\\SPICE\\SPICE Co-Creation Platform Working\\node_modules\\.bin\\.resolve.ps1-ETL2QRnq',
433 silly reify   'C:\\Users\\Petros Kafkias\\OneDrive - Draxis Environmental SA\\Documents\\SPICE\\SPICE Co-Creation Platform Working\\node_modules\\rollup': 'C:\\Users\\Petros Kafkias\\OneDrive - Draxis Environmental SA\\Documents\\SPICE\\SPICE Co-Creation Platform Working\\node_modules\\.rollup-JDkr10L6',
433 silly reify   'C:\\Users\\Petros Kafkias\\OneDrive - Draxis Environmental SA\\Documents\\SPICE\\SPICE Co-Creation Platform Working\\node_modules\\.bin\\rollup': 'C:\\Users\\Petros Kafkias\\OneDrive - Draxis Environmental SA\\Documents\\SPICE\\SPICE Co-Creation Platform Working\\node_modules\\.bin\\.rollup-VXE7xm6q',
433 silly reify   'C:\\Users\\Petros Kafkias\\OneDrive - Draxis Environmental SA\\Documents\\SPICE\\SPICE Co-Creation Platform Working\\node_modules\\.bin\\rollup.cmd': 'C:\\Users\\Petros Kafkias\\OneDrive - Draxis Environmental SA\\Documents\\SPICE\\SPICE Co-Creation Platform Working\\node_modules\\.bin\\.rollup.cmd-ErBFuCGJ',
433 silly reify   'C:\\Users\\Petros Kafkias\\OneDrive - Draxis Environmental SA\\Documents\\SPICE\\SPICE Co-Creation Platform Working\\node_modules\\.bin\\rollup.ps1': 'C:\\Users\\Petros Kafkias\\OneDrive - Draxis Environmental SA\\Documents\\SPICE\\SPICE Co-Creation Platform Working\\node_modules\\.bin\\.rollup.ps1-V7Ccjq6R',
433 silly reify   'C:\\Users\\Petros Kafkias\\OneDrive - Draxis Environmental SA\\Documents\\SPICE\\SPICE Co-Creation Platform Working\\node_modules\\semver': 'C:\\Users\\Petros Kafkias\\OneDrive - Draxis Environmental SA\\Documents\\SPICE\\SPICE Co-Creation Platform Working\\node_modules\\.semver-RfysDvhB',
433 silly reify   'C:\\Users\\Petros Kafkias\\OneDrive - Draxis Environmental SA\\Documents\\SPICE\\SPICE Co-Creation Platform Working\\node_modules\\.bin\\semver': 'C:\\Users\\Petros Kafkias\\OneDrive - Draxis Environmental SA\\Documents\\SPICE\\SPICE Co-Creation Platform Working\\node_modules\\.bin\\.semver-h5gcierK',
433 silly reify   'C:\\Users\\Petros Kafkias\\OneDrive - Draxis Environmental SA\\Documents\\SPICE\\SPICE Co-Creation Platform Working\\node_modules\\.bin\\semver.cmd': 'C:\\Users\\Petros Kafkias\\OneDrive - Draxis Environmental SA\\Documents\\SPICE\\SPICE Co-Creation Platform Working\\node_modules\\.bin\\.semver.cmd-54GUwYPQ',
433 silly reify   'C:\\Users\\Petros Kafkias\\OneDrive - Draxis Environmental SA\\Documents\\SPICE\\SPICE Co-Creation Platform Working\\node_modules\\.bin\\semver.ps1': 'C:\\Users\\Petros Kafkias\\OneDrive - Draxis Environmental SA\\Documents\\SPICE\\SPICE Co-Creation Platform Working\\node_modules\\.bin\\.semver.ps1-QKC6xnZ5',
433 silly reify   'C:\\Users\\Petros Kafkias\\OneDrive - Draxis Environmental SA\\Documents\\SPICE\\SPICE Co-Creation Platform Working\\node_modules\\update-browserslist-db': 'C:\\Users\\Petros Kafkias\\OneDrive - Draxis Environmental SA\\Documents\\SPICE\\SPICE Co-Creation Platform Working\\node_modules\\.update-browserslist-db-N6b97W0U',
433 silly reify   'C:\\Users\\Petros Kafkias\\OneDrive - Draxis Environmental SA\\Documents\\SPICE\\SPICE Co-Creation Platform Working\\node_modules\\.bin\\update-browserslist-db': 'C:\\Users\\Petros Kafkias\\OneDrive - Draxis Environmental SA\\Documents\\SPICE\\SPICE Co-Creation Platform Working\\node_modules\\.bin\\.update-browserslist-db-72dOFyqP',
433 silly reify   'C:\\Users\\Petros Kafkias\\OneDrive - Draxis Environmental SA\\Documents\\SPICE\\SPICE Co-Creation Platform Working\\node_modules\\.bin\\update-browserslist-db.cmd': 'C:\\Users\\Petros Kafkias\\OneDrive - Draxis Environmental SA\\Documents\\SPICE\\SPICE Co-Creation Platform Working\\node_modules\\.bin\\.update-browserslist-db.cmd-VvhMWpul',
433 silly reify   'C:\\Users\\Petros Kafkias\\OneDrive - Draxis Environmental SA\\Documents\\SPICE\\SPICE Co-Creation Platform Working\\node_modules\\.bin\\update-browserslist-db.ps1': 'C:\\Users\\Petros Kafkias\\OneDrive - Draxis Environmental SA\\Documents\\SPICE\\SPICE Co-Creation Platform Working\\node_modules\\.bin\\.update-browserslist-db.ps1-7mYzO1oD',
433 silly reify   'C:\\Users\\Petros Kafkias\\OneDrive - Draxis Environmental SA\\Documents\\SPICE\\SPICE Co-Creation Platform Working\\node_modules\\vite': 'C:\\Users\\Petros Kafkias\\OneDrive - Draxis Environmental SA\\Documents\\SPICE\\SPICE Co-Creation Platform Working\\node_modules\\.vite-RoUQv1tH',
433 silly reify   'C:\\Users\\Petros Kafkias\\OneDrive - Draxis Environmental SA\\Documents\\SPICE\\SPICE Co-Creation Platform Working\\node_modules\\.bin\\vite': 'C:\\Users\\Petros Kafkias\\OneDrive - Draxis Environmental SA\\Documents\\SPICE\\SPICE Co-Creation Platform Working\\node_modules\\.bin\\.vite-MbacDQ3j',
433 silly reify   'C:\\Users\\Petros Kafkias\\OneDrive - Draxis Environmental SA\\Documents\\SPICE\\SPICE Co-Creation Platform Working\\node_modules\\.bin\\vite.cmd': 'C:\\Users\\Petros Kafkias\\OneDrive - Draxis Environmental SA\\Documents\\SPICE\\SPICE Co-Creation Platform Working\\node_modules\\.bin\\.vite.cmd-IgVA3XkF',
433 silly reify   'C:\\Users\\Petros Kafkias\\OneDrive - Draxis Environmental SA\\Documents\\SPICE\\SPICE Co-Creation Platform Working\\node_modules\\.bin\\vite.ps1': 'C:\\Users\\Petros Kafkias\\OneDrive - Draxis Environmental SA\\Documents\\SPICE\\SPICE Co-Creation Platform Working\\node_modules\\.bin\\.vite.ps1-TpNDtRVZ',
433 silly reify   'C:\\Users\\Petros Kafkias\\OneDrive - Draxis Environmental SA\\Documents\\SPICE\\SPICE Co-Creation Platform Working\\node_modules\\yaml': 'C:\\Users\\Petros Kafkias\\OneDrive - Draxis Environmental SA\\Documents\\SPICE\\SPICE Co-Creation Platform Working\\node_modules\\.yaml-LTjBhLlW',
433 silly reify   'C:\\Users\\Petros Kafkias\\OneDrive - Draxis Environmental SA\\Documents\\SPICE\\SPICE Co-Creation Platform Working\\node_modules\\.bin\\yaml': 'C:\\Users\\Petros Kafkias\\OneDrive - Draxis Environmental SA\\Documents\\SPICE\\SPICE Co-Creation Platform Working\\node_modules\\.bin\\.yaml-ieMTZHQG',
433 silly reify   'C:\\Users\\Petros Kafkias\\OneDrive - Draxis Environmental SA\\Documents\\SPICE\\SPICE Co-Creation Platform Working\\node_modules\\.bin\\yaml.cmd': 'C:\\Users\\Petros Kafkias\\OneDrive - Draxis Environmental SA\\Documents\\SPICE\\SPICE Co-Creation Platform Working\\node_modules\\.bin\\.yaml.cmd-1mHNjK9E',
433 silly reify   'C:\\Users\\Petros Kafkias\\OneDrive - Draxis Environmental SA\\Documents\\SPICE\\SPICE Co-Creation Platform Working\\node_modules\\.bin\\yaml.ps1': 'C:\\Users\\Petros Kafkias\\OneDrive - Draxis Environmental SA\\Documents\\SPICE\\SPICE Co-Creation Platform Working\\node_modules\\.bin\\.yaml.ps1-HvUJEN3p',
433 silly reify   'C:\\Users\\Petros Kafkias\\OneDrive - Draxis Environmental SA\\Documents\\SPICE\\SPICE Co-Creation Platform Working\\node_modules\\@babel\\parser': 'C:\\Users\\Petros Kafkias\\OneDrive - Draxis Environmental SA\\Documents\\SPICE\\SPICE Co-Creation Platform Working\\node_modules\\@babel\\.parser-IPNpBGTH',
433 silly reify   'C:\\Users\\Petros Kafkias\\OneDrive - Draxis Environmental SA\\Documents\\SPICE\\SPICE Co-Creation Platform Working\\node_modules\\.bin\\parser': 'C:\\Users\\Petros Kafkias\\OneDrive - Draxis Environmental SA\\Documents\\SPICE\\SPICE Co-Creation Platform Working\\node_modules\\.bin\\.parser-gJ5tV2bj',
433 silly reify   'C:\\Users\\Petros Kafkias\\OneDrive - Draxis Environmental SA\\Documents\\SPICE\\SPICE Co-Creation Platform Working\\node_modules\\.bin\\parser.cmd': 'C:\\Users\\Petros Kafkias\\OneDrive - Draxis Environmental SA\\Documents\\SPICE\\SPICE Co-Creation Platform Working\\node_modules\\.bin\\.parser.cmd-QBaB7qWI',
433 silly reify   'C:\\Users\\Petros Kafkias\\OneDrive - Draxis Environmental SA\\Documents\\SPICE\\SPICE Co-Creation Platform Working\\node_modules\\.bin\\parser.ps1': 'C:\\Users\\Petros Kafkias\\OneDrive - Draxis Environmental SA\\Documents\\SPICE\\SPICE Co-Creation Platform Working\\node_modules\\.bin\\.parser.ps1-DYVAxUE8'
433 silly reify }
434 timing reify:retireShallow Completed in 390ms
435 timing reify:createSparse Completed in 131ms
436 verbose reify failed optional dependency C:\Users\Petros Kafkias\OneDrive - Draxis Environmental SA\Documents\SPICE\SPICE Co-Creation Platform Working\node_modules\@tailwindcss\oxide\node_modules\@tailwindcss\oxide-wasm32-wasi
437 silly reify mark deleted [
437 silly reify   'C:\\Users\\Petros Kafkias\\OneDrive - Draxis Environmental SA\\Documents\\SPICE\\SPICE Co-Creation Platform Working\\node_modules\\@tailwindcss\\oxide\\node_modules\\@tailwindcss\\oxide-wasm32-wasi'
437 silly reify ]
438 timing reifyNode:node_modules/@tailwindcss/oxide/node_modules/@tailwindcss/oxide-wasm32-wasi Completed in 2ms
439 timing arborist:ctor Completed in 2ms
440 timing reify:diffTrees Completed in 15ms
441 timing reify:loadBundles Completed in 34ms
442 silly audit bulk request {
442 silly audit   'babel-plugin-macros': [ '3.1.0' ],
442 silly audit   'aria-hidden': [ '1.2.6' ],
442 silly audit   'baseline-browser-mapping': [ '2.10.42' ],
442 silly audit   callsites: [ '3.1.0' ],
442 silly audit   browserslist: [ '4.28.4' ],
442 silly audit   'caniuse-lite': [ '1.0.30001802' ],
442 silly audit   'canvas-confetti': [ '1.9.4' ],
442 silly audit   'class-variance-authority': [ '0.7.1' ],
442 silly audit   chownr: [ '3.0.0' ],
442 silly audit   classnames: [ '2.5.1' ],
442 silly audit   clsx: [ '2.1.1' ],
442 silly audit   cmdk: [ '1.1.1' ],
442 silly audit   cookie: [ '1.1.1' ],
442 silly audit   'convert-source-map': [ '1.9.0', '2.0.0' ],
442 silly audit   cosmiconfig: [ '7.1.0' ],
442 silly audit   yaml: [ '1.10.3', '2.9.0' ],
442 silly audit   csstype: [ '3.2.3' ],
442 silly audit   'd3-array': [ '3.2.4' ],
442 silly audit   'd3-color': [ '3.1.0' ],
442 silly audit   'd3-format': [ '3.1.2' ],
442 silly audit   'd3-ease': [ '3.0.1' ],
442 silly audit   'd3-interpolate': [ '3.0.1' ],
442 silly audit   'd3-path': [ '3.1.0' ],
442 silly audit   'd3-shape': [ '3.2.0' ],
442 silly audit   'd3-scale': [ '4.0.2' ],
442 silly audit   'd3-time': [ '3.1.0' ],
442 silly audit   'd3-time-format': [ '4.1.0' ],
442 silly audit   'd3-timer': [ '3.0.1' ],
442 silly audit   'date-fns': [ '3.6.0' ],
442 silly audit   debug: [ '4.4.3' ],
442 silly audit   'decimal.js-light': [ '2.5.1' ],
442 silly audit   'detect-libc': [ '2.1.2' ],
442 silly audit   'detect-node-es': [ '1.1.0' ],
442 silly audit   'dnd-core': [ '16.0.1' ],
442 silly audit   'dom-helpers': [ '5.2.1' ],
442 silly audit   'electron-to-chromium': [ '1.5.387' ],
442 silly audit   'embla-carousel-react': [ '8.6.0' ],
442 silly audit   'embla-carousel': [ '8.6.0' ],
442 silly audit   'embla-carousel-reactive-utils': [ '8.6.0' ],
442 silly audit   'enhanced-resolve': [ '5.24.1' ],
442 silly audit   'error-ex': [ '1.3.4' ],
442 silly audit   'es-errors': [ '1.3.0' ],
442 silly audit   esbuild: [ '0.25.12' ],
442 silly audit   escalade: [ '3.2.0' ],
442 silly audit   'escape-string-regexp': [ '4.0.0' ],
442 silly audit   eventemitter3: [ '4.0.7' ],
442 silly audit   'fast-deep-equal': [ '3.1.3' ],
442 silly audit   'fast-equals': [ '5.4.0' ],
442 silly audit   fdir: [ '6.5.0' ],
442 silly audit   'find-root': [ '1.1.0' ],
442 silly audit   'framer-motion': [ '12.42.2' ],
442 silly audit   'function-bind': [ '1.1.2' ],
442 silly audit   gensync: [ '1.0.0-beta.2' ],
442 silly audit   'get-nonce': [ '1.0.1' ],
442 silly audit   'graceful-fs': [ '4.2.11' ],
442 silly audit   hasown: [ '2.0.4' ],
442 silly audit   'hoist-non-react-statics': [ '3.3.2' ],
442 silly audit   'react-is': [ '16.13.1', '19.2.7', '18.3.1' ],
442 silly audit   'import-fresh': [ '3.3.1' ],
442 silly audit   'input-otp': [ '1.4.2' ],
442 silly audit   internmap: [ '2.0.3' ],
442 silly audit   'is-arrayish': [ '0.2.1' ],
442 silly audit   'is-core-module': [ '2.16.2' ],
442 silly audit   jiti: [ '2.7.0' ],
442 silly audit   'js-tokens': [ '4.0.0' ],
442 silly audit   jsesc: [ '3.1.0' ],
442 silly audit   'json-parse-even-better-errors': [ '2.3.1' ],
442 silly audit   json2mq: [ '0.2.0' ],
442 silly audit   json5: [ '2.2.3' ],
442 silly audit   lightningcss: [ '1.30.1' ],
442 silly audit   'lightningcss-win32-x64-msvc': [ '1.30.1' ],
442 silly audit   'lines-and-columns': [ '1.2.4' ],
442 silly audit   lodash: [ '4.18.1' ],
442 silly audit   'lodash.debounce': [ '4.0.8' ],
442 silly audit   'loose-envify': [ '1.4.0' ],
442 silly audit   'lru-cache': [ '5.1.1' ],
442 silly audit   'magic-string': [ '0.30.21' ],
442 silly audit   minipass: [ '7.1.3' ],
442 silly audit   minizlib: [ '3.1.0' ],
442 silly audit   motion: [ '12.23.24' ],
442 silly audit   'motion-dom': [ '12.42.2' ],
442 silly audit   'motion-utils': [ '12.39.0' ],
442 silly audit   ms: [ '2.1.3' ],
442 silly audit   nanoid: [ '3.3.15' ],
442 silly audit   'lucide-react': [ '0.487.0' ],
442 silly audit   'next-themes': [ '0.4.6' ],
442 silly audit   'node-releases': [ '2.0.50' ],
442 silly audit   'object-assign': [ '4.1.1' ],
442 silly audit   'parent-module': [ '1.0.1' ],
442 silly audit   'parse-json': [ '5.2.0' ],
442 silly audit   'path-type': [ '4.0.0' ],
442 silly audit   'path-parse': [ '1.0.7' ],
442 silly audit   picocolors: [ '1.1.1' ],
442 silly audit   picomatch: [ '4.0.5' ],
442 silly audit   'prop-types': [ '15.8.1' ],
442 silly audit   react: [ '18.3.1' ],
442 silly audit   'react-day-picker': [ '8.10.1' ],
442 silly audit   'react-dnd': [ '16.0.1' ],
442 silly audit   postcss: [ '8.5.16' ],
442 silly audit   'react-dnd-html5-backend': [ '16.0.1' ],
442 silly audit   'react-dom': [ '18.3.1' ],
442 silly audit   'react-hook-form': [ '7.55.0' ],
442 silly audit   'react-popper': [ '2.3.0' ],
442 silly audit   'react-refresh': [ '0.17.0' ],
442 silly audit   'react-remove-scroll-bar': [ '2.3.8' ],
442 silly audit   'react-resizable-panels': [ '2.1.7' ],
442 silly audit   'react-fast-compare': [ '3.2.2' ],
442 silly audit   'react-remove-scroll': [ '2.7.2' ],
442 silly audit   'react-responsive-masonry': [ '2.7.1' ],
442 silly audit   'react-router': [ '7.13.0' ],
442 silly audit   'react-slick': [ '0.31.0' ],
442 silly audit   'react-smooth': [ '4.0.4' ],
442 silly audit   'react-transition-group': [ '4.4.5' ],
442 silly audit   recharts: [ '2.15.2' ],
442 silly audit   'recharts-scale': [ '0.4.5' ],
442 silly audit   redux: [ '4.2.1' ],
442 silly audit   'react-style-singleton': [ '2.2.3' ],
442 silly audit   resolve: [ '1.22.12' ],
442 silly audit   'resize-observer-polyfill': [ '1.5.1' ],
442 silly audit   rollup: [ '4.62.2' ],
442 silly audit   'resolve-from': [ '4.0.0' ],
442 silly audit   scheduler: [ '0.23.2' ],
442 silly audit   semver: [ '6.3.1' ],
442 silly audit   'set-cookie-parser': [ '2.7.2' ],
442 silly audit   sonner: [ '2.0.3' ],
442 silly audit   'source-map-js': [ '1.2.1' ],
442 silly audit   'source-map': [ '0.5.7' ],
442 silly audit   'string-convert': [ '0.2.1' ],
442 silly audit   stylis: [ '4.2.0' ],
442 silly audit   'tailwind-merge': [ '3.2.0' ],
442 silly audit   tailwindcss: [ '4.1.12' ],
442 silly audit   'supports-preserve-symlinks-flag': [ '1.0.0' ],
442 silly audit   tapable: [ '2.3.3' ],
442 silly audit   tar: [ '7.5.19' ],
442 silly audit   yallist: [ '5.0.0', '3.1.1' ],
442 silly audit   'tiny-invariant': [ '1.3.3' ],
442 silly audit   tinyglobby: [ '0.2.17' ],
442 silly audit   'tw-animate-css': [ '1.3.8' ],
442 silly audit   'update-browserslist-db': [ '1.2.3' ],
442 silly audit   tslib: [ '2.8.1' ],
442 silly audit   'use-callback-ref': [ '1.3.3' ],
442 silly audit   vaul: [ '1.1.2' ],
442 silly audit   'victory-vendor': [ '36.9.2' ],
442 silly audit   vite: [ '6.3.5' ],
442 silly audit   warning: [ '4.0.3' ],
442 silly audit   'use-sidecar': [ '1.1.3' ],
442 silly audit   '@babel/compat-data': [ '7.29.7' ],
442 silly audit   '@babel/core': [ '7.29.7' ],
442 silly audit   '@babel/code-frame': [ '7.29.7' ],
442 silly audit   '@babel/generator': [ '7.29.7' ],
442 silly audit   '@babel/helper-globals': [ '7.29.7' ],
442 silly audit   '@babel/helper-module-transforms': [ '7.29.7' ],
442 silly audit   '@babel/helper-module-imports': [ '7.29.7' ],
442 silly audit   '@babel/helper-compilation-targets': [ '7.29.7' ],
442 silly audit   '@babel/helper-plugin-utils': [ '7.29.7' ],
442 silly audit   '@babel/helper-string-parser': [ '7.29.7' ],
442 silly audit   '@babel/helper-validator-identifier': [ '7.29.7' ],
442 silly audit   '@babel/helper-validator-option': [ '7.29.7' ],
442 silly audit   '@babel/helpers': [ '7.29.7' ],
442 silly audit   '@babel/plugin-transform-react-jsx-self': [ '7.29.7' ],
442 silly audit   '@babel/plugin-transform-react-jsx-source': [ '7.29.7' ],
442 silly audit   '@babel/parser': [ '7.29.7' ],
442 silly audit   '@babel/template': [ '7.29.7' ],
442 silly audit   '@babel/runtime': [ '7.29.7' ],
442 silly audit   '@emotion/babel-plugin': [ '11.13.5' ],
442 silly audit   '@emotion/cache': [ '11.14.0' ],
442 silly audit   '@babel/types': [ '7.29.7' ],
442 silly audit   '@emotion/is-prop-valid': [ '1.4.0' ],
442 silly audit   '@emotion/memoize': [ '0.9.0' ],
442 silly audit   '@emotion/hash': [ '0.9.2' ],
442 silly audit   '@emotion/react': [ '11.14.0' ],
442 silly audit   '@emotion/serialize': [ '1.3.3' ],
442 silly audit   '@emotion/sheet': [ '1.4.0' ],
442 silly audit   '@emotion/styled': [ '11.14.1' ],
442 silly audit   '@emotion/unitless': [ '0.10.0' ],
442 silly audit   '@emotion/use-insertion-effect-with-fallbacks': [ '1.2.0' ],
442 silly audit   '@emotion/utils': [ '1.4.2' ],
442 silly audit   '@emotion/weak-memoize': [ '0.4.0' ],
442 silly audit   '@babel/traverse': [ '7.29.7' ],
442 silly audit   '@esbuild/win32-x64': [ '0.25.12' ],
442 silly audit   '@floating-ui/dom': [ '1.7.6' ],
442 silly audit   '@floating-ui/react-dom': [ '2.1.8' ],
442 silly audit   '@isaacs/fs-minipass': [ '4.0.1' ],
442 silly audit   '@jridgewell/gen-mapping': [ '0.3.13' ],
442 silly audit   '@floating-ui/core': [ '1.7.5' ],
442 silly audit   '@floating-ui/utils': [ '0.2.11' ],
442 silly audit   '@jridgewell/sourcemap-codec': [ '1.5.5' ],
442 silly audit   '@jridgewell/trace-mapping': [ '0.3.31' ],
442 silly audit   '@mui/core-downloads-tracker': [ '7.3.11' ],
442 silly audit   '@jridgewell/resolve-uri': [ '3.1.2' ],
442 silly audit   '@mui/private-theming': [ '7.3.11' ],
442 silly audit   '@mui/material': [ '7.3.5' ],
442 silly audit   '@mui/system': [ '7.3.11' ],
442 silly audit   '@mui/types': [ '7.4.12' ],
442 silly audit   '@mui/styled-engine': [ '7.3.10' ],
442 silly audit   '@mui/utils': [ '7.3.11' ],
442 silly audit   '@popperjs/core': [ '2.11.8' ],
442 silly audit   '@radix-ui/number': [ '1.1.0' ],
442 silly audit   '@radix-ui/primitive': [ '1.1.1' ],
442 silly audit   '@radix-ui/react-alert-dialog': [ '1.1.6' ],
442 silly audit   '@radix-ui/react-accordion': [ '1.2.3' ],
442 silly audit   '@radix-ui/react-arrow': [ '1.1.2' ],
442 silly audit   '@jridgewell/remapping': [ '2.3.5' ],
442 silly audit   '@radix-ui/react-aspect-ratio': [ '1.1.2' ],
442 silly audit   '@radix-ui/react-checkbox': [ '1.1.4' ],
442 silly audit   '@radix-ui/react-collection': [ '1.1.2' ],
442 silly audit   '@radix-ui/react-avatar': [ '1.1.3' ],
442 silly audit   '@radix-ui/react-collapsible': [ '1.1.3' ],
442 silly audit   '@radix-ui/react-context': [ '1.1.1' ],
442 silly audit   '@radix-ui/react-compose-refs': [ '1.1.1' ],
442 silly audit   '@radix-ui/react-context-menu': [ '2.2.6' ],
442 silly audit   '@radix-ui/react-dialog': [ '1.1.6' ],
442 silly audit   '@radix-ui/react-direction': [ '1.1.0' ],
442 silly audit   '@radix-ui/react-dropdown-menu': [ '2.1.6' ],
442 silly audit   '@radix-ui/react-dismissable-layer': [ '1.1.5' ],
442 silly audit   '@radix-ui/react-hover-card': [ '1.1.6' ],
442 silly audit   '@radix-ui/react-focus-scope': [ '1.1.2' ],
442 silly audit   '@radix-ui/react-id': [ '1.1.0' ],
442 silly audit   '@radix-ui/react-focus-guards': [ '1.1.1' ],
442 silly audit   '@radix-ui/react-label': [ '2.1.2' ],
442 silly audit   '@radix-ui/react-menu': [ '2.1.6' ],
442 silly audit   '@radix-ui/react-menubar': [ '1.1.6' ],
442 silly audit   '@radix-ui/react-navigation-menu': [ '1.2.5' ],
442 silly audit   '@radix-ui/react-popover': [ '1.1.6' ],
442 silly audit   '@radix-ui/react-popper': [ '1.2.2' ],
442 silly audit   '@radix-ui/react-portal': [ '1.1.4' ],
442 silly audit   '@radix-ui/react-progress': [ '1.1.2' ],
442 silly audit   '@radix-ui/react-primitive': [ '2.0.2' ],
442 silly audit   '@radix-ui/react-presence': [ '1.1.2' ],
442 silly audit   '@radix-ui/react-radio-group': [ '1.2.3' ],
442 silly audit   '@radix-ui/react-roving-focus': [ '1.1.2' ],
442 silly audit   '@radix-ui/react-scroll-area': [ '1.2.3' ],
442 silly audit   '@radix-ui/react-separator': [ '1.1.2' ],
442 silly audit   '@radix-ui/react-select': [ '2.1.6' ],
442 silly audit   '@radix-ui/react-switch': [ '1.1.3' ],
442 silly audit   '@radix-ui/react-toggle': [ '1.1.2' ],
442 silly audit   '@radix-ui/react-slot': [ '1.1.2' ],
442 silly audit   '@radix-ui/react-toggle-group': [ '1.1.2' ],
442 silly audit   '@radix-ui/react-tooltip': [ '1.1.8' ],
442 silly audit   '@radix-ui/react-use-callback-ref': [ '1.1.0' ],
442 silly audit   '@radix-ui/react-tabs': [ '1.1.3' ],
442 silly audit   '@radix-ui/react-use-controllable-state': [ '1.1.0' ],
442 silly audit   '@radix-ui/react-use-escape-keydown': [ '1.1.0' ],
442 silly audit   '@radix-ui/react-use-layout-effect': [ '1.1.0' ],
442 silly audit   '@radix-ui/react-use-previous': [ '1.1.0' ],
442 silly audit   '@radix-ui/react-slider': [ '1.2.3' ],
442 silly audit   '@radix-ui/rect': [ '1.1.0' ],
442 silly audit   '@radix-ui/react-visually-hidden': [ '1.1.2' ],
442 silly audit   '@radix-ui/react-use-size': [ '1.1.0' ],
442 silly audit   '@radix-ui/react-use-rect': [ '1.1.0' ],
442 silly audit   '@react-dnd/asap': [ '5.0.2' ],
442 silly audit   '@react-dnd/invariant': [ '4.0.2' ],
442 silly audit   '@rolldown/pluginutils': [ '1.0.0-beta.27' ],
442 silly audit   '@react-dnd/shallowequal': [ '4.0.2' ],
442 silly audit   '@rollup/rollup-win32-x64-msvc': [ '4.62.2' ],
442 silly audit   '@rollup/rollup-win32-x64-gnu': [ '4.62.2' ],
442 silly audit   '@tailwindcss/oxide': [ '4.1.12' ],
442 silly audit   '@tailwindcss/oxide-win32-x64-msvc': [ '4.1.12' ],
442 silly audit   '@tailwindcss/vite': [ '4.1.12' ],
442 silly audit   '@types/babel__core': [ '7.20.5' ],
442 silly audit   '@types/babel__generator': [ '7.27.0' ],
442 silly audit   '@types/babel__template': [ '7.4.4' ],
442 silly audit   '@types/babel__traverse': [ '7.28.0' ],
442 silly audit   '@types/d3-array': [ '3.2.2' ],
442 silly audit   '@tailwindcss/node': [ '4.1.12' ],
442 silly audit   '@types/d3-color': [ '3.1.3' ],
442 silly audit   '@types/d3-ease': [ '3.0.2' ],
442 silly audit   '@types/d3-interpolate': [ '3.0.4' ],
442 silly audit   '@types/d3-scale': [ '4.0.9' ],
442 silly audit   '@types/d3-shape': [ '3.1.8' ],
442 silly audit   '@types/d3-time': [ '3.0.4' ],
442 silly audit   '@types/d3-path': [ '3.1.1' ],
442 silly audit   '@types/d3-timer': [ '3.0.2' ],
442 silly audit   '@types/estree': [ '1.0.9' ],
442 silly audit   '@types/prop-types': [ '15.7.15' ],
442 silly audit   '@types/parse-json': [ '4.0.2' ],
442 silly audit   '@types/react': [ '19.2.17' ],
442 silly audit   '@types/react-transition-group': [ '4.4.12' ],
442 silly audit   '@vitejs/plugin-react': [ '4.7.0' ],
442 silly audit   '@mui/icons-material': [ '7.3.5' ],
442 silly audit   '@tailwindcss/oxide-android-arm64': [ '4.1.12' ],
442 silly audit   '@tailwindcss/oxide-darwin-arm64': [ '4.1.12' ],
442 silly audit   '@tailwindcss/oxide-darwin-x64': [ '4.1.12' ],
442 silly audit   '@tailwindcss/oxide-freebsd-x64': [ '4.1.12' ],
442 silly audit   '@tailwindcss/oxide-linux-arm-gnueabihf': [ '4.1.12' ],
442 silly audit   '@tailwindcss/oxide-linux-arm64-gnu': [ '4.1.12' ],
442 silly audit   '@tailwindcss/oxide-linux-arm64-musl': [ '4.1.12' ],
442 silly audit   '@tailwindcss/oxide-linux-x64-gnu': [ '4.1.12' ],
442 silly audit   '@tailwindcss/oxide-linux-x64-musl': [ '4.1.12' ],
442 silly audit   '@tailwindcss/oxide-win32-arm64-msvc': [ '4.1.12' ],
442 silly audit   '@esbuild/aix-ppc64': [ '0.25.12' ],
442 silly audit   '@esbuild/android-arm': [ '0.25.12' ],
442 silly audit   '@esbuild/android-arm64': [ '0.25.12' ],
442 silly audit   '@esbuild/android-x64': [ '0.25.12' ],
442 silly audit   '@esbuild/darwin-arm64': [ '0.25.12' ],
442 silly audit   '@esbuild/darwin-x64': [ '0.25.12' ],
442 silly audit   '@esbuild/freebsd-arm64': [ '0.25.12' ],
442 silly audit   '@esbuild/freebsd-x64': [ '0.25.12' ],
442 silly audit   '@esbuild/linux-arm': [ '0.25.12' ],
442 silly audit   '@esbuild/linux-arm64': [ '0.25.12' ],
442 silly audit   '@esbuild/linux-ia32': [ '0.25.12' ],
442 silly audit   '@esbuild/linux-loong64': [ '0.25.12' ],
442 silly audit   '@esbuild/linux-mips64el': [ '0.25.12' ],
442 silly audit   '@esbuild/linux-ppc64': [ '0.25.12' ],
442 silly audit   '@esbuild/linux-riscv64': [ '0.25.12' ],
442 silly audit   '@esbuild/linux-s390x': [ '0.25.12' ],
442 silly audit   '@esbuild/linux-x64': [ '0.25.12' ],
442 silly audit   '@esbuild/netbsd-arm64': [ '0.25.12' ],
442 silly audit   '@esbuild/netbsd-x64': [ '0.25.12' ],
442 silly audit   '@esbuild/openbsd-arm64': [ '0.25.12' ],
442 silly audit   '@esbuild/openbsd-x64': [ '0.25.12' ],
442 silly audit   '@esbuild/openharmony-arm64': [ '0.25.12' ],
442 silly audit   '@esbuild/sunos-x64': [ '0.25.12' ],
442 silly audit   '@esbuild/win32-arm64': [ '0.25.12' ],
442 silly audit   '@esbuild/win32-ia32': [ '0.25.12' ],
442 silly audit   'lightningcss-darwin-arm64': [ '1.30.1' ],
442 silly audit   'lightningcss-darwin-x64': [ '1.30.1' ],
442 silly audit   'lightningcss-freebsd-x64': [ '1.30.1' ],
442 silly audit   'lightningcss-linux-arm-gnueabihf': [ '1.30.1' ],
442 silly audit   'lightningcss-linux-arm64-gnu': [ '1.30.1' ],
442 silly audit   'lightningcss-linux-arm64-musl': [ '1.30.1' ],
442 silly audit   'lightningcss-linux-x64-gnu': [ '1.30.1' ],
442 silly audit   'lightningcss-linux-x64-musl': [ '1.30.1' ],
442 silly audit   'lightningcss-win32-arm64-msvc': [ '1.30.1' ],
442 silly audit   '@rollup/rollup-android-arm-eabi': [ '4.62.2' ],
442 silly audit   '@rollup/rollup-android-arm64': [ '4.62.2' ],
442 silly audit   '@rollup/rollup-darwin-arm64': [ '4.62.2' ],
442 silly audit   '@rollup/rollup-darwin-x64': [ '4.62.2' ],
442 silly audit   '@rollup/rollup-freebsd-arm64': [ '4.62.2' ],
442 silly audit   '@rollup/rollup-freebsd-x64': [ '4.62.2' ],
442 silly audit   '@rollup/rollup-linux-arm-gnueabihf': [ '4.62.2' ],
442 silly audit   '@rollup/rollup-linux-arm-musleabihf': [ '4.62.2' ],
442 silly audit   '@rollup/rollup-linux-arm64-gnu': [ '4.62.2' ],
442 silly audit   '@rollup/rollup-linux-arm64-musl': [ '4.62.2' ],
442 silly audit   '@rollup/rollup-linux-loong64-gnu': [ '4.62.2' ],
442 silly audit   '@rollup/rollup-linux-loong64-musl': [ '4.62.2' ],
442 silly audit   '@rollup/rollup-linux-ppc64-gnu': [ '4.62.2' ],
442 silly audit   '@rollup/rollup-linux-ppc64-musl': [ '4.62.2' ],
442 silly audit   '@rollup/rollup-linux-riscv64-gnu': [ '4.62.2' ],
442 silly audit   '@rollup/rollup-linux-riscv64-musl': [ '4.62.2' ],
442 silly audit   '@rollup/rollup-linux-s390x-gnu': [ '4.62.2' ],
442 silly audit   '@rollup/rollup-linux-x64-gnu': [ '4.62.2' ],
442 silly audit   '@rollup/rollup-linux-x64-musl': [ '4.62.2' ],
442 silly audit   '@rollup/rollup-openbsd-x64': [ '4.62.2' ],
442 silly audit   '@rollup/rollup-openharmony-arm64': [ '4.62.2' ],
442 silly audit   '@rollup/rollup-win32-arm64-msvc': [ '4.62.2' ],
442 silly audit   '@rollup/rollup-win32-ia32-msvc': [ '4.62.2' ],
442 silly audit   fsevents: [ '2.3.3' ],
442 silly audit   '@tailwindcss/oxide-wasm32-wasi': [ '4.1.12' ]
442 silly audit }
443 verbose reify failed optional dependency C:\Users\Petros Kafkias\OneDrive - Draxis Environmental SA\Documents\SPICE\SPICE Co-Creation Platform Working\node_modules\@tailwindcss\oxide\node_modules\@tailwindcss\oxide-win32-arm64-msvc
444 silly reify mark deleted [
444 silly reify   'C:\\Users\\Petros Kafkias\\OneDrive - Draxis Environmental SA\\Documents\\SPICE\\SPICE Co-Creation Platform Working\\node_modules\\@tailwindcss\\oxide\\node_modules\\@tailwindcss\\oxide-win32-arm64-msvc'
444 silly reify ]
445 verbose reify failed optional dependency C:\Users\Petros Kafkias\OneDrive - Draxis Environmental SA\Documents\SPICE\SPICE Co-Creation Platform Working\node_modules\@tailwindcss\oxide\node_modules\@tailwindcss\oxide-linux-x64-musl
446 silly reify mark deleted [
446 silly reify   'C:\\Users\\Petros Kafkias\\OneDrive - Draxis Environmental SA\\Documents\\SPICE\\SPICE Co-Creation Platform Working\\node_modules\\@tailwindcss\\oxide\\node_modules\\@tailwindcss\\oxide-linux-x64-musl'
446 silly reify ]
447 verbose reify failed optional dependency C:\Users\Petros Kafkias\OneDrive - Draxis Environmental SA\Documents\SPICE\SPICE Co-Creation Platform Working\node_modules\@tailwindcss\oxide\node_modules\@tailwindcss\oxide-linux-x64-gnu
448 silly reify mark deleted [
448 silly reify   'C:\\Users\\Petros Kafkias\\OneDrive - Draxis Environmental SA\\Documents\\SPICE\\SPICE Co-Creation Platform Working\\node_modules\\@tailwindcss\\oxide\\node_modules\\@tailwindcss\\oxide-linux-x64-gnu'
448 silly reify ]
449 verbose reify failed optional dependency C:\Users\Petros Kafkias\OneDrive - Draxis Environmental SA\Documents\SPICE\SPICE Co-Creation Platform Working\node_modules\@tailwindcss\oxide\node_modules\@tailwindcss\oxide-linux-arm64-musl
450 silly reify mark deleted [
450 silly reify   'C:\\Users\\Petros Kafkias\\OneDrive - Draxis Environmental SA\\Documents\\SPICE\\SPICE Co-Creation Platform Working\\node_modules\\@tailwindcss\\oxide\\node_modules\\@tailwindcss\\oxide-linux-arm64-musl'
450 silly reify ]
451 verbose reify failed optional dependency C:\Users\Petros Kafkias\OneDrive - Draxis Environmental SA\Documents\SPICE\SPICE Co-Creation Platform Working\node_modules\@tailwindcss\oxide\node_modules\@tailwindcss\oxide-linux-arm64-gnu
452 silly reify mark deleted [
452 silly reify   'C:\\Users\\Petros Kafkias\\OneDrive - Draxis Environmental SA\\Documents\\SPICE\\SPICE Co-Creation Platform Working\\node_modules\\@tailwindcss\\oxide\\node_modules\\@tailwindcss\\oxide-linux-arm64-gnu'
452 silly reify ]
453 verbose reify failed optional dependency C:\Users\Petros Kafkias\OneDrive - Draxis Environmental SA\Documents\SPICE\SPICE Co-Creation Platform Working\node_modules\@tailwindcss\oxide\node_modules\@tailwindcss\oxide-linux-arm-gnueabihf
454 silly reify mark deleted [
454 silly reify   'C:\\Users\\Petros Kafkias\\OneDrive - Draxis Environmental SA\\Documents\\SPICE\\SPICE Co-Creation Platform Working\\node_modules\\@tailwindcss\\oxide\\node_modules\\@tailwindcss\\oxide-linux-arm-gnueabihf'
454 silly reify ]
455 verbose reify failed optional dependency C:\Users\Petros Kafkias\OneDrive - Draxis Environmental SA\Documents\SPICE\SPICE Co-Creation Platform Working\node_modules\@tailwindcss\oxide\node_modules\@tailwindcss\oxide-freebsd-x64
456 silly reify mark deleted [
456 silly reify   'C:\\Users\\Petros Kafkias\\OneDrive - Draxis Environmental SA\\Documents\\SPICE\\SPICE Co-Creation Platform Working\\node_modules\\@tailwindcss\\oxide\\node_modules\\@tailwindcss\\oxide-freebsd-x64'
456 silly reify ]
457 verbose reify failed optional dependency C:\Users\Petros Kafkias\OneDrive - Draxis Environmental SA\Documents\SPICE\SPICE Co-Creation Platform Working\node_modules\@tailwindcss\oxide\node_modules\@tailwindcss\oxide-darwin-x64
458 silly reify mark deleted [
458 silly reify   'C:\\Users\\Petros Kafkias\\OneDrive - Draxis Environmental SA\\Documents\\SPICE\\SPICE Co-Creation Platform Working\\node_modules\\@tailwindcss\\oxide\\node_modules\\@tailwindcss\\oxide-darwin-x64'
458 silly reify ]
459 verbose reify failed optional dependency C:\Users\Petros Kafkias\OneDrive - Draxis Environmental SA\Documents\SPICE\SPICE Co-Creation Platform Working\node_modules\@tailwindcss\oxide\node_modules\@tailwindcss\oxide-darwin-arm64
460 silly reify mark deleted [
460 silly reify   'C:\\Users\\Petros Kafkias\\OneDrive - Draxis Environmental SA\\Documents\\SPICE\\SPICE Co-Creation Platform Working\\node_modules\\@tailwindcss\\oxide\\node_modules\\@tailwindcss\\oxide-darwin-arm64'
460 silly reify ]
461 verbose reify failed optional dependency C:\Users\Petros Kafkias\OneDrive - Draxis Environmental SA\Documents\SPICE\SPICE Co-Creation Platform Working\node_modules\@tailwindcss\oxide\node_modules\@tailwindcss\oxide-android-arm64
462 silly reify mark deleted [
462 silly reify   'C:\\Users\\Petros Kafkias\\OneDrive - Draxis Environmental SA\\Documents\\SPICE\\SPICE Co-Creation Platform Working\\node_modules\\@tailwindcss\\oxide\\node_modules\\@tailwindcss\\oxide-android-arm64'
462 silly reify ]
463 verbose reify failed optional dependency C:\Users\Petros Kafkias\OneDrive - Draxis Environmental SA\Documents\SPICE\SPICE Co-Creation Platform Working\node_modules\vite\node_modules\fsevents
464 silly reify mark deleted [
464 silly reify   'C:\\Users\\Petros Kafkias\\OneDrive - Draxis Environmental SA\\Documents\\SPICE\\SPICE Co-Creation Platform Working\\node_modules\\vite\\node_modules\\fsevents'
464 silly reify ]
465 verbose reify failed optional dependency C:\Users\Petros Kafkias\OneDrive - Draxis Environmental SA\Documents\SPICE\SPICE Co-Creation Platform Working\node_modules\rollup\node_modules\fsevents
466 silly reify mark deleted [
466 silly reify   'C:\\Users\\Petros Kafkias\\OneDrive - Draxis Environmental SA\\Documents\\SPICE\\SPICE Co-Creation Platform Working\\node_modules\\rollup\\node_modules\\fsevents'
466 silly reify ]
467 verbose reify failed optional dependency C:\Users\Petros Kafkias\OneDrive - Draxis Environmental SA\Documents\SPICE\SPICE Co-Creation Platform Working\node_modules\rollup\node_modules\@rollup\rollup-win32-ia32-msvc
468 silly reify mark deleted [
468 silly reify   'C:\\Users\\Petros Kafkias\\OneDrive - Draxis Environmental SA\\Documents\\SPICE\\SPICE Co-Creation Platform Working\\node_modules\\rollup\\node_modules\\@rollup\\rollup-win32-ia32-msvc'
468 silly reify ]
469 verbose reify failed optional dependency C:\Users\Petros Kafkias\OneDrive - Draxis Environmental SA\Documents\SPICE\SPICE Co-Creation Platform Working\node_modules\rollup\node_modules\@rollup\rollup-win32-arm64-msvc
470 silly reify mark deleted [
470 silly reify   'C:\\Users\\Petros Kafkias\\OneDrive - Draxis Environmental SA\\Documents\\SPICE\\SPICE Co-Creation Platform Working\\node_modules\\rollup\\node_modules\\@rollup\\rollup-win32-arm64-msvc'
470 silly reify ]
471 verbose reify failed optional dependency C:\Users\Petros Kafkias\OneDrive - Draxis Environmental SA\Documents\SPICE\SPICE Co-Creation Platform Working\node_modules\rollup\node_modules\@rollup\rollup-openharmony-arm64
472 silly reify mark deleted [
472 silly reify   'C:\\Users\\Petros Kafkias\\OneDrive - Draxis Environmental SA\\Documents\\SPICE\\SPICE Co-Creation Platform Working\\node_modules\\rollup\\node_modules\\@rollup\\rollup-openharmony-arm64'
472 silly reify ]
473 verbose reify failed optional dependency C:\Users\Petros Kafkias\OneDrive - Draxis Environmental SA\Documents\SPICE\SPICE Co-Creation Platform Working\node_modules\rollup\node_modules\@rollup\rollup-openbsd-x64
474 silly reify mark deleted [
474 silly reify   'C:\\Users\\Petros Kafkias\\OneDrive - Draxis Environmental SA\\Documents\\SPICE\\SPICE Co-Creation Platform Working\\node_modules\\rollup\\node_modules\\@rollup\\rollup-openbsd-x64'
474 silly reify ]
475 verbose reify failed optional dependency C:\Users\Petros Kafkias\OneDrive - Draxis Environmental SA\Documents\SPICE\SPICE Co-Creation Platform Working\node_modules\rollup\node_modules\@rollup\rollup-linux-x64-musl
476 silly reify mark deleted [
476 silly reify   'C:\\Users\\Petros Kafkias\\OneDrive - Draxis Environmental SA\\Documents\\SPICE\\SPICE Co-Creation Platform Working\\node_modules\\rollup\\node_modules\\@rollup\\rollup-linux-x64-musl'
476 silly reify ]
477 verbose reify failed optional dependency C:\Users\Petros Kafkias\OneDrive - Draxis Environmental SA\Documents\SPICE\SPICE Co-Creation Platform Working\node_modules\rollup\node_modules\@rollup\rollup-linux-x64-gnu
478 silly reify mark deleted [
478 silly reify   'C:\\Users\\Petros Kafkias\\OneDrive - Draxis Environmental SA\\Documents\\SPICE\\SPICE Co-Creation Platform Working\\node_modules\\rollup\\node_modules\\@rollup\\rollup-linux-x64-gnu'
478 silly reify ]
479 verbose reify failed optional dependency C:\Users\Petros Kafkias\OneDrive - Draxis Environmental SA\Documents\SPICE\SPICE Co-Creation Platform Working\node_modules\rollup\node_modules\@rollup\rollup-linux-s390x-gnu
480 silly reify mark deleted [
480 silly reify   'C:\\Users\\Petros Kafkias\\OneDrive - Draxis Environmental SA\\Documents\\SPICE\\SPICE Co-Creation Platform Working\\node_modules\\rollup\\node_modules\\@rollup\\rollup-linux-s390x-gnu'
480 silly reify ]
481 verbose reify failed optional dependency C:\Users\Petros Kafkias\OneDrive - Draxis Environmental SA\Documents\SPICE\SPICE Co-Creation Platform Working\node_modules\rollup\node_modules\@rollup\rollup-linux-riscv64-musl
482 silly reify mark deleted [
482 silly reify   'C:\\Users\\Petros Kafkias\\OneDrive - Draxis Environmental SA\\Documents\\SPICE\\SPICE Co-Creation Platform Working\\node_modules\\rollup\\node_modules\\@rollup\\rollup-linux-riscv64-musl'
482 silly reify ]
483 verbose reify failed optional dependency C:\Users\Petros Kafkias\OneDrive - Draxis Environmental SA\Documents\SPICE\SPICE Co-Creation Platform Working\node_modules\rollup\node_modules\@rollup\rollup-linux-riscv64-gnu
484 silly reify mark deleted [
484 silly reify   'C:\\Users\\Petros Kafkias\\OneDrive - Draxis Environmental SA\\Documents\\SPICE\\SPICE Co-Creation Platform Working\\node_modules\\rollup\\node_modules\\@rollup\\rollup-linux-riscv64-gnu'
484 silly reify ]
485 verbose reify failed optional dependency C:\Users\Petros Kafkias\OneDrive - Draxis Environmental SA\Documents\SPICE\SPICE Co-Creation Platform Working\node_modules\rollup\node_modules\@rollup\rollup-linux-ppc64-musl
486 silly reify mark deleted [
486 silly reify   'C:\\Users\\Petros Kafkias\\OneDrive - Draxis Environmental SA\\Documents\\SPICE\\SPICE Co-Creation Platform Working\\node_modules\\rollup\\node_modules\\@rollup\\rollup-linux-ppc64-musl'
486 silly reify ]
487 verbose reify failed optional dependency C:\Users\Petros Kafkias\OneDrive - Draxis Environmental SA\Documents\SPICE\SPICE Co-Creation Platform Working\node_modules\rollup\node_modules\@rollup\rollup-linux-ppc64-gnu
488 silly reify mark deleted [
488 silly reify   'C:\\Users\\Petros Kafkias\\OneDrive - Draxis Environmental SA\\Documents\\SPICE\\SPICE Co-Creation Platform Working\\node_modules\\rollup\\node_modules\\@rollup\\rollup-linux-ppc64-gnu'
488 silly reify ]
489 verbose reify failed optional dependency C:\Users\Petros Kafkias\OneDrive - Draxis Environmental SA\Documents\SPICE\SPICE Co-Creation Platform Working\node_modules\rollup\node_modules\@rollup\rollup-linux-loong64-musl
490 silly reify mark deleted [
490 silly reify   'C:\\Users\\Petros Kafkias\\OneDrive - Draxis Environmental SA\\Documents\\SPICE\\SPICE Co-Creation Platform Working\\node_modules\\rollup\\node_modules\\@rollup\\rollup-linux-loong64-musl'
490 silly reify ]
491 verbose reify failed optional dependency C:\Users\Petros Kafkias\OneDrive - Draxis Environmental SA\Documents\SPICE\SPICE Co-Creation Platform Working\node_modules\rollup\node_modules\@rollup\rollup-linux-loong64-gnu
492 silly reify mark deleted [
492 silly reify   'C:\\Users\\Petros Kafkias\\OneDrive - Draxis Environmental SA\\Documents\\SPICE\\SPICE Co-Creation Platform Working\\node_modules\\rollup\\node_modules\\@rollup\\rollup-linux-loong64-gnu'
492 silly reify ]
493 verbose reify failed optional dependency C:\Users\Petros Kafkias\OneDrive - Draxis Environmental SA\Documents\SPICE\SPICE Co-Creation Platform Working\node_modules\rollup\node_modules\@rollup\rollup-linux-arm64-musl
494 silly reify mark deleted [
494 silly reify   'C:\\Users\\Petros Kafkias\\OneDrive - Draxis Environmental SA\\Documents\\SPICE\\SPICE Co-Creation Platform Working\\node_modules\\rollup\\node_modules\\@rollup\\rollup-linux-arm64-musl'
494 silly reify ]
495 verbose reify failed optional dependency C:\Users\Petros Kafkias\OneDrive - Draxis Environmental SA\Documents\SPICE\SPICE Co-Creation Platform Working\node_modules\rollup\node_modules\@rollup\rollup-linux-arm64-gnu
496 silly reify mark deleted [
496 silly reify   'C:\\Users\\Petros Kafkias\\OneDrive - Draxis Environmental SA\\Documents\\SPICE\\SPICE Co-Creation Platform Working\\node_modules\\rollup\\node_modules\\@rollup\\rollup-linux-arm64-gnu'
496 silly reify ]
497 verbose reify failed optional dependency C:\Users\Petros Kafkias\OneDrive - Draxis Environmental SA\Documents\SPICE\SPICE Co-Creation Platform Working\node_modules\rollup\node_modules\@rollup\rollup-linux-arm-musleabihf
498 silly reify mark deleted [
498 silly reify   'C:\\Users\\Petros Kafkias\\OneDrive - Draxis Environmental SA\\Documents\\SPICE\\SPICE Co-Creation Platform Working\\node_modules\\rollup\\node_modules\\@rollup\\rollup-linux-arm-musleabihf'
498 silly reify ]
499 verbose reify failed optional dependency C:\Users\Petros Kafkias\OneDrive - Draxis Environmental SA\Documents\SPICE\SPICE Co-Creation Platform Working\node_modules\rollup\node_modules\@rollup\rollup-linux-arm-gnueabihf
500 silly reify mark deleted [
500 silly reify   'C:\\Users\\Petros Kafkias\\OneDrive - Draxis Environmental SA\\Documents\\SPICE\\SPICE Co-Creation Platform Working\\node_modules\\rollup\\node_modules\\@rollup\\rollup-linux-arm-gnueabihf'
500 silly reify ]
501 verbose reify failed optional dependency C:\Users\Petros Kafkias\OneDrive - Draxis Environmental SA\Documents\SPICE\SPICE Co-Creation Platform Working\node_modules\rollup\node_modules\@rollup\rollup-freebsd-x64
502 silly reify mark deleted [
502 silly reify   'C:\\Users\\Petros Kafkias\\OneDrive - Draxis Environmental SA\\Documents\\SPICE\\SPICE Co-Creation Platform Working\\node_modules\\rollup\\node_modules\\@rollup\\rollup-freebsd-x64'
502 silly reify ]
503 verbose reify failed optional dependency C:\Users\Petros Kafkias\OneDrive - Draxis Environmental SA\Documents\SPICE\SPICE Co-Creation Platform Working\node_modules\rollup\node_modules\@rollup\rollup-freebsd-arm64
504 silly reify mark deleted [
504 silly reify   'C:\\Users\\Petros Kafkias\\OneDrive - Draxis Environmental SA\\Documents\\SPICE\\SPICE Co-Creation Platform Working\\node_modules\\rollup\\node_modules\\@rollup\\rollup-freebsd-arm64'
504 silly reify ]
505 verbose reify failed optional dependency C:\Users\Petros Kafkias\OneDrive - Draxis Environmental SA\Documents\SPICE\SPICE Co-Creation Platform Working\node_modules\rollup\node_modules\@rollup\rollup-darwin-x64
506 silly reify mark deleted [
506 silly reify   'C:\\Users\\Petros Kafkias\\OneDrive - Draxis Environmental SA\\Documents\\SPICE\\SPICE Co-Creation Platform Working\\node_modules\\rollup\\node_modules\\@rollup\\rollup-darwin-x64'
506 silly reify ]
507 verbose reify failed optional dependency C:\Users\Petros Kafkias\OneDrive - Draxis Environmental SA\Documents\SPICE\SPICE Co-Creation Platform Working\node_modules\rollup\node_modules\@rollup\rollup-darwin-arm64
508 silly reify mark deleted [
508 silly reify   'C:\\Users\\Petros Kafkias\\OneDrive - Draxis Environmental SA\\Documents\\SPICE\\SPICE Co-Creation Platform Working\\node_modules\\rollup\\node_modules\\@rollup\\rollup-darwin-arm64'
508 silly reify ]
509 verbose reify failed optional dependency C:\Users\Petros Kafkias\OneDrive - Draxis Environmental SA\Documents\SPICE\SPICE Co-Creation Platform Working\node_modules\rollup\node_modules\@rollup\rollup-android-arm64
510 silly reify mark deleted [
510 silly reify   'C:\\Users\\Petros Kafkias\\OneDrive - Draxis Environmental SA\\Documents\\SPICE\\SPICE Co-Creation Platform Working\\node_modules\\rollup\\node_modules\\@rollup\\rollup-android-arm64'
510 silly reify ]
511 verbose reify failed optional dependency C:\Users\Petros Kafkias\OneDrive - Draxis Environmental SA\Documents\SPICE\SPICE Co-Creation Platform Working\node_modules\rollup\node_modules\@rollup\rollup-android-arm-eabi
512 silly reify mark deleted [
512 silly reify   'C:\\Users\\Petros Kafkias\\OneDrive - Draxis Environmental SA\\Documents\\SPICE\\SPICE Co-Creation Platform Working\\node_modules\\rollup\\node_modules\\@rollup\\rollup-android-arm-eabi'
512 silly reify ]
513 verbose reify failed optional dependency C:\Users\Petros Kafkias\OneDrive - Draxis Environmental SA\Documents\SPICE\SPICE Co-Creation Platform Working\node_modules\lightningcss\node_modules\lightningcss-win32-arm64-msvc
514 silly reify mark deleted [
514 silly reify   'C:\\Users\\Petros Kafkias\\OneDrive - Draxis Environmental SA\\Documents\\SPICE\\SPICE Co-Creation Platform Working\\node_modules\\lightningcss\\node_modules\\lightningcss-win32-arm64-msvc'
514 silly reify ]
515 verbose reify failed optional dependency C:\Users\Petros Kafkias\OneDrive - Draxis Environmental SA\Documents\SPICE\SPICE Co-Creation Platform Working\node_modules\lightningcss\node_modules\lightningcss-linux-x64-musl
516 silly reify mark deleted [
516 silly reify   'C:\\Users\\Petros Kafkias\\OneDrive - Draxis Environmental SA\\Documents\\SPICE\\SPICE Co-Creation Platform Working\\node_modules\\lightningcss\\node_modules\\lightningcss-linux-x64-musl'
516 silly reify ]
517 verbose reify failed optional dependency C:\Users\Petros Kafkias\OneDrive - Draxis Environmental SA\Documents\SPICE\SPICE Co-Creation Platform Working\node_modules\lightningcss\node_modules\lightningcss-linux-x64-gnu
518 silly reify mark deleted [
518 silly reify   'C:\\Users\\Petros Kafkias\\OneDrive - Draxis Environmental SA\\Documents\\SPICE\\SPICE Co-Creation Platform Working\\node_modules\\lightningcss\\node_modules\\lightningcss-linux-x64-gnu'
518 silly reify ]
519 verbose reify failed optional dependency C:\Users\Petros Kafkias\OneDrive - Draxis Environmental SA\Documents\SPICE\SPICE Co-Creation Platform Working\node_modules\lightningcss\node_modules\lightningcss-linux-arm64-musl
520 silly reify mark deleted [
520 silly reify   'C:\\Users\\Petros Kafkias\\OneDrive - Draxis Environmental SA\\Documents\\SPICE\\SPICE Co-Creation Platform Working\\node_modules\\lightningcss\\node_modules\\lightningcss-linux-arm64-musl'
520 silly reify ]
521 verbose reify failed optional dependency C:\Users\Petros Kafkias\OneDrive - Draxis Environmental SA\Documents\SPICE\SPICE Co-Creation Platform Working\node_modules\lightningcss\node_modules\lightningcss-linux-arm64-gnu
522 silly reify mark deleted [
522 silly reify   'C:\\Users\\Petros Kafkias\\OneDrive - Draxis Environmental SA\\Documents\\SPICE\\SPICE Co-Creation Platform Working\\node_modules\\lightningcss\\node_modules\\lightningcss-linux-arm64-gnu'
522 silly reify ]
523 verbose reify failed optional dependency C:\Users\Petros Kafkias\OneDrive - Draxis Environmental SA\Documents\SPICE\SPICE Co-Creation Platform Working\node_modules\lightningcss\node_modules\lightningcss-linux-arm-gnueabihf
524 silly reify mark deleted [
524 silly reify   'C:\\Users\\Petros Kafkias\\OneDrive - Draxis Environmental SA\\Documents\\SPICE\\SPICE Co-Creation Platform Working\\node_modules\\lightningcss\\node_modules\\lightningcss-linux-arm-gnueabihf'
524 silly reify ]
525 verbose reify failed optional dependency C:\Users\Petros Kafkias\OneDrive - Draxis Environmental SA\Documents\SPICE\SPICE Co-Creation Platform Working\node_modules\lightningcss\node_modules\lightningcss-freebsd-x64
526 silly reify mark deleted [
526 silly reify   'C:\\Users\\Petros Kafkias\\OneDrive - Draxis Environmental SA\\Documents\\SPICE\\SPICE Co-Creation Platform Working\\node_modules\\lightningcss\\node_modules\\lightningcss-freebsd-x64'
526 silly reify ]
527 verbose reify failed optional dependency C:\Users\Petros Kafkias\OneDrive - Draxis Environmental SA\Documents\SPICE\SPICE Co-Creation Platform Working\node_modules\lightningcss\node_modules\lightningcss-darwin-x64
528 silly reify mark deleted [
528 silly reify   'C:\\Users\\Petros Kafkias\\OneDrive - Draxis Environmental SA\\Documents\\SPICE\\SPICE Co-Creation Platform Working\\node_modules\\lightningcss\\node_modules\\lightningcss-darwin-x64'
528 silly reify ]
529 verbose reify failed optional dependency C:\Users\Petros Kafkias\OneDrive - Draxis Environmental SA\Documents\SPICE\SPICE Co-Creation Platform Working\node_modules\lightningcss\node_modules\lightningcss-darwin-arm64
530 silly reify mark deleted [
530 silly reify   'C:\\Users\\Petros Kafkias\\OneDrive - Draxis Environmental SA\\Documents\\SPICE\\SPICE Co-Creation Platform Working\\node_modules\\lightningcss\\node_modules\\lightningcss-darwin-arm64'
530 silly reify ]
531 verbose reify failed optional dependency C:\Users\Petros Kafkias\OneDrive - Draxis Environmental SA\Documents\SPICE\SPICE Co-Creation Platform Working\node_modules\esbuild\node_modules\@esbuild\win32-ia32
532 silly reify mark deleted [
532 silly reify   'C:\\Users\\Petros Kafkias\\OneDrive - Draxis Environmental SA\\Documents\\SPICE\\SPICE Co-Creation Platform Working\\node_modules\\esbuild\\node_modules\\@esbuild\\win32-ia32'
532 silly reify ]
533 verbose reify failed optional dependency C:\Users\Petros Kafkias\OneDrive - Draxis Environmental SA\Documents\SPICE\SPICE Co-Creation Platform Working\node_modules\esbuild\node_modules\@esbuild\win32-arm64
534 silly reify mark deleted [
534 silly reify   'C:\\Users\\Petros Kafkias\\OneDrive - Draxis Environmental SA\\Documents\\SPICE\\SPICE Co-Creation Platform Working\\node_modules\\esbuild\\node_modules\\@esbuild\\win32-arm64'
534 silly reify ]
535 verbose reify failed optional dependency C:\Users\Petros Kafkias\OneDrive - Draxis Environmental SA\Documents\SPICE\SPICE Co-Creation Platform Working\node_modules\esbuild\node_modules\@esbuild\sunos-x64
536 silly reify mark deleted [
536 silly reify   'C:\\Users\\Petros Kafkias\\OneDrive - Draxis Environmental SA\\Documents\\SPICE\\SPICE Co-Creation Platform Working\\node_modules\\esbuild\\node_modules\\@esbuild\\sunos-x64'
536 silly reify ]
537 verbose reify failed optional dependency C:\Users\Petros Kafkias\OneDrive - Draxis Environmental SA\Documents\SPICE\SPICE Co-Creation Platform Working\node_modules\esbuild\node_modules\@esbuild\openharmony-arm64
538 silly reify mark deleted [
538 silly reify   'C:\\Users\\Petros Kafkias\\OneDrive - Draxis Environmental SA\\Documents\\SPICE\\SPICE Co-Creation Platform Working\\node_modules\\esbuild\\node_modules\\@esbuild\\openharmony-arm64'
538 silly reify ]
539 verbose reify failed optional dependency C:\Users\Petros Kafkias\OneDrive - Draxis Environmental SA\Documents\SPICE\SPICE Co-Creation Platform Working\node_modules\esbuild\node_modules\@esbuild\openbsd-x64
540 silly reify mark deleted [
540 silly reify   'C:\\Users\\Petros Kafkias\\OneDrive - Draxis Environmental SA\\Documents\\SPICE\\SPICE Co-Creation Platform Working\\node_modules\\esbuild\\node_modules\\@esbuild\\openbsd-x64'
540 silly reify ]
541 verbose reify failed optional dependency C:\Users\Petros Kafkias\OneDrive - Draxis Environmental SA\Documents\SPICE\SPICE Co-Creation Platform Working\node_modules\esbuild\node_modules\@esbuild\openbsd-arm64
542 silly reify mark deleted [
542 silly reify   'C:\\Users\\Petros Kafkias\\OneDrive - Draxis Environmental SA\\Documents\\SPICE\\SPICE Co-Creation Platform Working\\node_modules\\esbuild\\node_modules\\@esbuild\\openbsd-arm64'
542 silly reify ]
543 verbose reify failed optional dependency C:\Users\Petros Kafkias\OneDrive - Draxis Environmental SA\Documents\SPICE\SPICE Co-Creation Platform Working\node_modules\esbuild\node_modules\@esbuild\netbsd-x64
544 silly reify mark deleted [
544 silly reify   'C:\\Users\\Petros Kafkias\\OneDrive - Draxis Environmental SA\\Documents\\SPICE\\SPICE Co-Creation Platform Working\\node_modules\\esbuild\\node_modules\\@esbuild\\netbsd-x64'
544 silly reify ]
545 verbose reify failed optional dependency C:\Users\Petros Kafkias\OneDrive - Draxis Environmental SA\Documents\SPICE\SPICE Co-Creation Platform Working\node_modules\esbuild\node_modules\@esbuild\netbsd-arm64
546 silly reify mark deleted [
546 silly reify   'C:\\Users\\Petros Kafkias\\OneDrive - Draxis Environmental SA\\Documents\\SPICE\\SPICE Co-Creation Platform Working\\node_modules\\esbuild\\node_modules\\@esbuild\\netbsd-arm64'
546 silly reify ]
547 verbose reify failed optional dependency C:\Users\Petros Kafkias\OneDrive - Draxis Environmental SA\Documents\SPICE\SPICE Co-Creation Platform Working\node_modules\esbuild\node_modules\@esbuild\linux-x64
548 silly reify mark deleted [
548 silly reify   'C:\\Users\\Petros Kafkias\\OneDrive - Draxis Environmental SA\\Documents\\SPICE\\SPICE Co-Creation Platform Working\\node_modules\\esbuild\\node_modules\\@esbuild\\linux-x64'
548 silly reify ]
549 verbose reify failed optional dependency C:\Users\Petros Kafkias\OneDrive - Draxis Environmental SA\Documents\SPICE\SPICE Co-Creation Platform Working\node_modules\esbuild\node_modules\@esbuild\linux-s390x
550 silly reify mark deleted [
550 silly reify   'C:\\Users\\Petros Kafkias\\OneDrive - Draxis Environmental SA\\Documents\\SPICE\\SPICE Co-Creation Platform Working\\node_modules\\esbuild\\node_modules\\@esbuild\\linux-s390x'
550 silly reify ]
551 verbose reify failed optional dependency C:\Users\Petros Kafkias\OneDrive - Draxis Environmental SA\Documents\SPICE\SPICE Co-Creation Platform Working\node_modules\esbuild\node_modules\@esbuild\linux-riscv64
552 silly reify mark deleted [
552 silly reify   'C:\\Users\\Petros Kafkias\\OneDrive - Draxis Environmental SA\\Documents\\SPICE\\SPICE Co-Creation Platform Working\\node_modules\\esbuild\\node_modules\\@esbuild\\linux-riscv64'
552 silly reify ]
553 verbose reify failed optional dependency C:\Users\Petros Kafkias\OneDrive - Draxis Environmental SA\Documents\SPICE\SPICE Co-Creation Platform Working\node_modules\esbuild\node_modules\@esbuild\linux-ppc64
554 silly reify mark deleted [
554 silly reify   'C:\\Users\\Petros Kafkias\\OneDrive - Draxis Environmental SA\\Documents\\SPICE\\SPICE Co-Creation Platform Working\\node_modules\\esbuild\\node_modules\\@esbuild\\linux-ppc64'
554 silly reify ]
555 verbose reify failed optional dependency C:\Users\Petros Kafkias\OneDrive - Draxis Environmental SA\Documents\SPICE\SPICE Co-Creation Platform Working\node_modules\esbuild\node_modules\@esbuild\linux-mips64el
556 silly reify mark deleted [
556 silly reify   'C:\\Users\\Petros Kafkias\\OneDrive - Draxis Environmental SA\\Documents\\SPICE\\SPICE Co-Creation Platform Working\\node_modules\\esbuild\\node_modules\\@esbuild\\linux-mips64el'
556 silly reify ]
557 verbose reify failed optional dependency C:\Users\Petros Kafkias\OneDrive - Draxis Environmental SA\Documents\SPICE\SPICE Co-Creation Platform Working\node_modules\esbuild\node_modules\@esbuild\linux-loong64
558 silly reify mark deleted [
558 silly reify   'C:\\Users\\Petros Kafkias\\OneDrive - Draxis Environmental SA\\Documents\\SPICE\\SPICE Co-Creation Platform Working\\node_modules\\esbuild\\node_modules\\@esbuild\\linux-loong64'
558 silly reify ]
559 verbose reify failed optional dependency C:\Users\Petros Kafkias\OneDrive - Draxis Environmental SA\Documents\SPICE\SPICE Co-Creation Platform Working\node_modules\esbuild\node_modules\@esbuild\linux-ia32
560 silly reify mark deleted [
560 silly reify   'C:\\Users\\Petros Kafkias\\OneDrive - Draxis Environmental SA\\Documents\\SPICE\\SPICE Co-Creation Platform Working\\node_modules\\esbuild\\node_modules\\@esbuild\\linux-ia32'
560 silly reify ]
561 verbose reify failed optional dependency C:\Users\Petros Kafkias\OneDrive - Draxis Environmental SA\Documents\SPICE\SPICE Co-Creation Platform Working\node_modules\esbuild\node_modules\@esbuild\linux-arm64
562 silly reify mark deleted [
562 silly reify   'C:\\Users\\Petros Kafkias\\OneDrive - Draxis Environmental SA\\Documents\\SPICE\\SPICE Co-Creation Platform Working\\node_modules\\esbuild\\node_modules\\@esbuild\\linux-arm64'
562 silly reify ]
563 verbose reify failed optional dependency C:\Users\Petros Kafkias\OneDrive - Draxis Environmental SA\Documents\SPICE\SPICE Co-Creation Platform Working\node_modules\esbuild\node_modules\@esbuild\linux-arm
564 silly reify mark deleted [
564 silly reify   'C:\\Users\\Petros Kafkias\\OneDrive - Draxis Environmental SA\\Documents\\SPICE\\SPICE Co-Creation Platform Working\\node_modules\\esbuild\\node_modules\\@esbuild\\linux-arm'
564 silly reify ]
565 verbose reify failed optional dependency C:\Users\Petros Kafkias\OneDrive - Draxis Environmental SA\Documents\SPICE\SPICE Co-Creation Platform Working\node_modules\esbuild\node_modules\@esbuild\freebsd-x64
566 silly reify mark deleted [
566 silly reify   'C:\\Users\\Petros Kafkias\\OneDrive - Draxis Environmental SA\\Documents\\SPICE\\SPICE Co-Creation Platform Working\\node_modules\\esbuild\\node_modules\\@esbuild\\freebsd-x64'
566 silly reify ]
567 verbose reify failed optional dependency C:\Users\Petros Kafkias\OneDrive - Draxis Environmental SA\Documents\SPICE\SPICE Co-Creation Platform Working\node_modules\esbuild\node_modules\@esbuild\freebsd-arm64
568 silly reify mark deleted [
568 silly reify   'C:\\Users\\Petros Kafkias\\OneDrive - Draxis Environmental SA\\Documents\\SPICE\\SPICE Co-Creation Platform Working\\node_modules\\esbuild\\node_modules\\@esbuild\\freebsd-arm64'
568 silly reify ]
569 verbose reify failed optional dependency C:\Users\Petros Kafkias\OneDrive - Draxis Environmental SA\Documents\SPICE\SPICE Co-Creation Platform Working\node_modules\esbuild\node_modules\@esbuild\darwin-x64
570 silly reify mark deleted [
570 silly reify   'C:\\Users\\Petros Kafkias\\OneDrive - Draxis Environmental SA\\Documents\\SPICE\\SPICE Co-Creation Platform Working\\node_modules\\esbuild\\node_modules\\@esbuild\\darwin-x64'
570 silly reify ]
571 verbose reify failed optional dependency C:\Users\Petros Kafkias\OneDrive - Draxis Environmental SA\Documents\SPICE\SPICE Co-Creation Platform Working\node_modules\esbuild\node_modules\@esbuild\darwin-arm64
572 silly reify mark deleted [
572 silly reify   'C:\\Users\\Petros Kafkias\\OneDrive - Draxis Environmental SA\\Documents\\SPICE\\SPICE Co-Creation Platform Working\\node_modules\\esbuild\\node_modules\\@esbuild\\darwin-arm64'
572 silly reify ]
573 verbose reify failed optional dependency C:\Users\Petros Kafkias\OneDrive - Draxis Environmental SA\Documents\SPICE\SPICE Co-Creation Platform Working\node_modules\esbuild\node_modules\@esbuild\android-x64
574 silly reify mark deleted [
574 silly reify   'C:\\Users\\Petros Kafkias\\OneDrive - Draxis Environmental SA\\Documents\\SPICE\\SPICE Co-Creation Platform Working\\node_modules\\esbuild\\node_modules\\@esbuild\\android-x64'
574 silly reify ]
575 verbose reify failed optional dependency C:\Users\Petros Kafkias\OneDrive - Draxis Environmental SA\Documents\SPICE\SPICE Co-Creation Platform Working\node_modules\esbuild\node_modules\@esbuild\android-arm64
576 silly reify mark deleted [
576 silly reify   'C:\\Users\\Petros Kafkias\\OneDrive - Draxis Environmental SA\\Documents\\SPICE\\SPICE Co-Creation Platform Working\\node_modules\\esbuild\\node_modules\\@esbuild\\android-arm64'
576 silly reify ]
577 verbose reify failed optional dependency C:\Users\Petros Kafkias\OneDrive - Draxis Environmental SA\Documents\SPICE\SPICE Co-Creation Platform Working\node_modules\esbuild\node_modules\@esbuild\android-arm
578 silly reify mark deleted [
578 silly reify   'C:\\Users\\Petros Kafkias\\OneDrive - Draxis Environmental SA\\Documents\\SPICE\\SPICE Co-Creation Platform Working\\node_modules\\esbuild\\node_modules\\@esbuild\\android-arm'
578 silly reify ]
579 verbose reify failed optional dependency C:\Users\Petros Kafkias\OneDrive - Draxis Environmental SA\Documents\SPICE\SPICE Co-Creation Platform Working\node_modules\esbuild\node_modules\@esbuild\aix-ppc64
580 silly reify mark deleted [
580 silly reify   'C:\\Users\\Petros Kafkias\\OneDrive - Draxis Environmental SA\\Documents\\SPICE\\SPICE Co-Creation Platform Working\\node_modules\\esbuild\\node_modules\\@esbuild\\aix-ppc64'
580 silly reify ]
581 timing reifyNode:node_modules/@tailwindcss/oxide/node_modules/@tailwindcss/oxide-win32-arm64-msvc Completed in 170ms
582 timing reifyNode:node_modules/@tailwindcss/oxide/node_modules/@tailwindcss/oxide-linux-x64-musl Completed in 169ms
583 timing reifyNode:node_modules/@tailwindcss/oxide/node_modules/@tailwindcss/oxide-linux-x64-gnu Completed in 169ms
584 timing reifyNode:node_modules/@tailwindcss/oxide/node_modules/@tailwindcss/oxide-linux-arm64-musl Completed in 169ms
585 timing reifyNode:node_modules/@tailwindcss/oxide/node_modules/@tailwindcss/oxide-linux-arm64-gnu Completed in 169ms
586 timing reifyNode:node_modules/@tailwindcss/oxide/node_modules/@tailwindcss/oxide-linux-arm-gnueabihf Completed in 170ms
587 timing reifyNode:node_modules/@tailwindcss/oxide/node_modules/@tailwindcss/oxide-freebsd-x64 Completed in 170ms
588 timing reifyNode:node_modules/@tailwindcss/oxide/node_modules/@tailwindcss/oxide-darwin-x64 Completed in 170ms
589 timing reifyNode:node_modules/@tailwindcss/oxide/node_modules/@tailwindcss/oxide-darwin-arm64 Completed in 169ms
590 timing reifyNode:node_modules/@tailwindcss/oxide/node_modules/@tailwindcss/oxide-android-arm64 Completed in 169ms
591 timing reifyNode:node_modules/vite/node_modules/fsevents Completed in 169ms
592 timing reifyNode:node_modules/rollup/node_modules/fsevents Completed in 169ms
593 timing reifyNode:node_modules/rollup/node_modules/@rollup/rollup-win32-ia32-msvc Completed in 169ms
594 timing reifyNode:node_modules/rollup/node_modules/@rollup/rollup-win32-arm64-msvc Completed in 169ms
595 timing reifyNode:node_modules/rollup/node_modules/@rollup/rollup-openharmony-arm64 Completed in 169ms
596 timing reifyNode:node_modules/rollup/node_modules/@rollup/rollup-openbsd-x64 Completed in 169ms
597 timing reifyNode:node_modules/rollup/node_modules/@rollup/rollup-linux-x64-musl Completed in 169ms
598 timing reifyNode:node_modules/rollup/node_modules/@rollup/rollup-linux-x64-gnu Completed in 169ms
599 timing reifyNode:node_modules/rollup/node_modules/@rollup/rollup-linux-s390x-gnu Completed in 169ms
600 timing reifyNode:node_modules/rollup/node_modules/@rollup/rollup-linux-riscv64-musl Completed in 169ms
601 timing reifyNode:node_modules/rollup/node_modules/@rollup/rollup-linux-riscv64-gnu Completed in 169ms
602 timing reifyNode:node_modules/rollup/node_modules/@rollup/rollup-linux-ppc64-musl Completed in 169ms
603 timing reifyNode:node_modules/rollup/node_modules/@rollup/rollup-linux-ppc64-gnu Completed in 169ms
604 timing reifyNode:node_modules/rollup/node_modules/@rollup/rollup-linux-loong64-musl Completed in 169ms
605 timing reifyNode:node_modules/rollup/node_modules/@rollup/rollup-linux-loong64-gnu Completed in 169ms
606 timing reifyNode:node_modules/rollup/node_modules/@rollup/rollup-linux-arm64-musl Completed in 170ms
607 timing reifyNode:node_modules/rollup/node_modules/@rollup/rollup-linux-arm64-gnu Completed in 169ms
608 timing reifyNode:node_modules/rollup/node_modules/@rollup/rollup-linux-arm-musleabihf Completed in 169ms
609 timing reifyNode:node_modules/rollup/node_modules/@rollup/rollup-linux-arm-gnueabihf Completed in 169ms
610 timing reifyNode:node_modules/rollup/node_modules/@rollup/rollup-freebsd-x64 Completed in 169ms
611 timing reifyNode:node_modules/rollup/node_modules/@rollup/rollup-freebsd-arm64 Completed in 169ms
612 timing reifyNode:node_modules/rollup/node_modules/@rollup/rollup-darwin-x64 Completed in 169ms
613 timing reifyNode:node_modules/rollup/node_modules/@rollup/rollup-darwin-arm64 Completed in 169ms
614 timing reifyNode:node_modules/rollup/node_modules/@rollup/rollup-android-arm64 Completed in 169ms
615 timing reifyNode:node_modules/rollup/node_modules/@rollup/rollup-android-arm-eabi Completed in 169ms
616 timing reifyNode:node_modules/lightningcss/node_modules/lightningcss-win32-arm64-msvc Completed in 168ms
617 timing reifyNode:node_modules/lightningcss/node_modules/lightningcss-linux-x64-musl Completed in 168ms
618 timing reifyNode:node_modules/lightningcss/node_modules/lightningcss-linux-x64-gnu Completed in 168ms
619 timing reifyNode:node_modules/lightningcss/node_modules/lightningcss-linux-arm64-musl Completed in 168ms
620 timing reifyNode:node_modules/lightningcss/node_modules/lightningcss-linux-arm64-gnu Completed in 168ms
621 timing reifyNode:node_modules/lightningcss/node_modules/lightningcss-linux-arm-gnueabihf Completed in 168ms
622 timing reifyNode:node_modules/lightningcss/node_modules/lightningcss-freebsd-x64 Completed in 168ms
623 timing reifyNode:node_modules/lightningcss/node_modules/lightningcss-darwin-x64 Completed in 168ms
624 timing reifyNode:node_modules/lightningcss/node_modules/lightningcss-darwin-arm64 Completed in 168ms
625 timing reifyNode:node_modules/esbuild/node_modules/@esbuild/win32-ia32 Completed in 168ms
626 timing reifyNode:node_modules/esbuild/node_modules/@esbuild/win32-arm64 Completed in 168ms
627 timing reifyNode:node_modules/esbuild/node_modules/@esbuild/sunos-x64 Completed in 168ms
628 timing reifyNode:node_modules/esbuild/node_modules/@esbuild/openharmony-arm64 Completed in 168ms
629 timing reifyNode:node_modules/esbuild/node_modules/@esbuild/openbsd-x64 Completed in 168ms
630 timing reifyNode:node_modules/esbuild/node_modules/@esbuild/openbsd-arm64 Completed in 168ms
631 timing reifyNode:node_modules/esbuild/node_modules/@esbuild/netbsd-x64 Completed in 167ms
632 timing reifyNode:node_modules/esbuild/node_modules/@esbuild/netbsd-arm64 Completed in 167ms
633 timing reifyNode:node_modules/esbuild/node_modules/@esbuild/linux-x64 Completed in 166ms
634 timing reifyNode:node_modules/esbuild/node_modules/@esbuild/linux-s390x Completed in 166ms
635 timing reifyNode:node_modules/esbuild/node_modules/@esbuild/linux-riscv64 Completed in 166ms
636 timing reifyNode:node_modules/esbuild/node_modules/@esbuild/linux-ppc64 Completed in 166ms
637 timing reifyNode:node_modules/esbuild/node_modules/@esbuild/linux-mips64el Completed in 167ms
638 timing reifyNode:node_modules/esbuild/node_modules/@esbuild/linux-loong64 Completed in 167ms
639 timing reifyNode:node_modules/esbuild/node_modules/@esbuild/linux-ia32 Completed in 166ms
640 timing reifyNode:node_modules/esbuild/node_modules/@esbuild/linux-arm64 Completed in 166ms
641 timing reifyNode:node_modules/esbuild/node_modules/@esbuild/linux-arm Completed in 166ms
642 timing reifyNode:node_modules/esbuild/node_modules/@esbuild/freebsd-x64 Completed in 166ms
643 timing reifyNode:node_modules/esbuild/node_modules/@esbuild/freebsd-arm64 Completed in 166ms
644 timing reifyNode:node_modules/esbuild/node_modules/@esbuild/darwin-x64 Completed in 166ms
645 timing reifyNode:node_modules/esbuild/node_modules/@esbuild/darwin-arm64 Completed in 166ms
646 timing reifyNode:node_modules/esbuild/node_modules/@esbuild/android-x64 Completed in 167ms
647 timing reifyNode:node_modules/esbuild/node_modules/@esbuild/android-arm64 Completed in 167ms
648 timing reifyNode:node_modules/esbuild/node_modules/@esbuild/android-arm Completed in 167ms
649 timing reifyNode:node_modules/esbuild/node_modules/@esbuild/aix-ppc64 Completed in 167ms
650 silly tarball no local data for @mui/icons-material@https://registry.npmjs.org/@mui/icons-material/-/icons-material-7.3.5.tgz. Extracting by manifest.
651 http fetch GET 200 https://registry.npmjs.org/@babel%2fparser 115ms (cache hit)
652 http fetch GET 200 https://registry.npmjs.org/update-browserslist-db 140ms (cache hit)
653 http fetch GET 200 https://registry.npmjs.org/resolve 151ms (cache hit)
654 http fetch GET 200 https://registry.npmjs.org/yaml 172ms (cache hit)
655 http fetch GET 200 https://registry.npmjs.org/semver 182ms (cache hit)
656 http fetch GET 200 https://registry.npmjs.org/loose-envify 183ms (cache hit)
657 http fetch GET 200 https://registry.npmjs.org/json5 192ms (cache hit)
658 http fetch GET 200 https://registry.npmjs.org/esbuild 197ms (cache hit)
659 http fetch GET 200 https://registry.npmjs.org/rollup 234ms (cache hit)
660 http fetch GET 200 https://registry.npmjs.org/vite 402ms (cache hit)
661 http fetch GET 200 https://registry.npmjs.org/jiti 478ms (cache hit)
662 http fetch GET 200 https://registry.npmjs.org/jsesc 512ms (cache hit)
663 http fetch GET 200 https://registry.npmjs.org/nanoid 525ms (cache hit)
664 http fetch GET 200 https://registry.npmjs.org/baseline-browser-mapping 523ms (cache hit)
665 http fetch GET 200 https://registry.npmjs.org/browserslist 525ms (cache hit)
666 http fetch POST 200 https://registry.npmjs.org/-/npm/v1/security/advisories/bulk 757ms
667 timing auditReport:getReport Completed in 774ms
668 silly audit report {
668 silly audit report   'react-router': [
668 silly audit report     {
668 silly audit report       id: 1120063,
668 silly audit report       url: 'https://github.com/advisories/GHSA-49rj-9fvp-4h2h',
668 silly audit report       title: "React Router's vendored turbo-stream v2 allows arbitrary constructor invocation via TYPE_ERROR deserialization leading to Unauth RCE",
668 silly audit report       severity: 'high',
668 silly audit report       vulnerable_versions: '>=7.0.0 <=7.14.1',
668 silly audit report       cwe: [Array],
668 silly audit report       cvss: [Object]
668 silly audit report     },
668 silly audit report     {
668 silly audit report       id: 1120065,
668 silly audit report       url: 'https://github.com/advisories/GHSA-2j2x-hqr9-3h42',
668 silly audit report       title: "React Router's same-origin redirect with path starting // causes open redirect via protocol-relative URL reinterpretation",
668 silly audit report       severity: 'moderate',
668 silly audit report       vulnerable_versions: '>=7.0.0 <7.14.1',
668 silly audit report       cwe: [Array],
668 silly audit report       cvss: [Object]
668 silly audit report     },
668 silly audit report     {
668 silly audit report       id: 1120066,
668 silly audit report       url: 'https://github.com/advisories/GHSA-8646-j5j9-6r62',
668 silly audit report       title: 'React Router vulnerable to XSS in unstable RSC redirect handling via javascript: redirect targets',
668 silly audit report       severity: 'high',
668 silly audit report       vulnerable_versions: '>=7.7.0 <7.13.2',
668 silly audit report       cwe: [Array],
668 silly audit report       cvss: [Object]
668 silly audit report     },
668 silly audit report     {
668 silly audit report       id: 1120067,
668 silly audit report       url: 'https://github.com/advisories/GHSA-f22v-gfqf-p8f3',
668 silly audit report       title: 'React Router has stored XSS via unescaped Location header in prerendered redirect HTML',
668 silly audit report       severity: 'moderate',
668 silly audit report       vulnerable_versions: '>=7.5.1 <7.13.2',
668 silly audit report       cwe: [Array],
668 silly audit report       cvss: [Object]
668 silly audit report     },
668 silly audit report     {
668 silly audit report       id: 1120069,
668 silly audit report       url: 'https://github.com/advisories/GHSA-8x6r-g9mw-2r78',
668 silly audit report       title: 'React Router vulnerable to DoS via unbounded path expansion in __manifest endpoint',
668 silly audit report       severity: 'high',
668 silly audit report       vulnerable_versions: '>=7.0.0 <7.15.0',
668 silly audit report       cwe: [Array],
668 silly audit report       cvss: [Object]
668 silly audit report     },
668 silly audit report     {
668 silly audit report       id: 1120081,
668 silly audit report       url: 'https://github.com/advisories/GHSA-rxv8-25v2-qmq8',
668 silly audit report       title: 'React Router vulnerable to Denial of Service via reflected user input in single-fetch',
668 silly audit report       severity: 'high',
668 silly audit report       vulnerable_versions: '>=7.0.0 <7.14.0',
668 silly audit report       cwe: [Array],
668 silly audit report       cvss: [Object]
668 silly audit report     },
668 silly audit report     {
668 silly audit report       id: 1120807,
668 silly audit report       url: 'https://github.com/advisories/GHSA-84g9-w2xq-vcv6',
668 silly audit report       title: 'React Router: Potential CSRF via PUT/PATCH/DELETE document requests',
668 silly audit report       severity: 'low',
668 silly audit report       vulnerable_versions: '>=7.12.0 <7.15.1',
668 silly audit report       cwe: [Array],
668 silly audit report       cvss: [Object]
668 silly audit report     }
668 silly audit report   ],
668 silly audit report   vite: [
668 silly audit report     {
668 silly audit report       id: 1107324,
668 silly audit report       url: 'https://github.com/advisories/GHSA-g4jq-h2w9-997c',
668 silly audit report       title: 'Vite middleware may serve files starting with the same name with the public directory',
668 silly audit report       severity: 'low',
668 silly audit report       vulnerable_versions: '>=6.0.0 <=6.3.5',
668 silly audit report       cwe: [Array],
668 silly audit report       cvss: [Object]
668 silly audit report     },
668 silly audit report     {
668 silly audit report       id: 1107328,
668 silly audit report       url: 'https://github.com/advisories/GHSA-jqfw-vq24-v9c3',
668 silly audit report       title: "Vite's `server.fs` settings were not applied to HTML files",
668 silly audit report       severity: 'low',
668 silly audit report       vulnerable_versions: '>=6.0.0 <=6.3.5',
668 silly audit report       cwe: [Array],
668 silly audit report       cvss: [Object]
668 silly audit report     },
668 silly audit report     {
668 silly audit report       id: 1109135,
668 silly audit report       url: 'https://github.com/advisories/GHSA-93m4-6634-74q7',
668 silly audit report       title: 'vite allows server.fs.deny bypass via backslash on Windows',
668 silly audit report       severity: 'moderate',
668 silly audit report       vulnerable_versions: '>=6.0.0 <=6.4.0',
668 silly audit report       cwe: [Array],
668 silly audit report       cvss: [Object]
668 silly audit report     },
668 silly audit report     {
668 silly audit report       id: 1120784,
668 silly audit report       url: 'https://github.com/advisories/GHSA-v6wh-96g9-6wx3',
668 silly audit report       title: 'launch-editor: NTLMv2 hash disclosure via UNC path handling on Windows',
668 silly audit report       severity: 'moderate',
668 silly audit report       vulnerable_versions: '<=6.4.2',
668 silly audit report       cwe: [Array],
668 silly audit report       cvss: [Object]
668 silly audit report     },
668 silly audit report     {
668 silly audit report       id: 1120789,
668 silly audit report       url: 'https://github.com/advisories/GHSA-fx2h-pf6j-xcff',
668 silly audit report       title: 'vite: `server.fs.deny` bypass on Windows alternate paths',
668 silly audit report       severity: 'high',
668 silly audit report       vulnerable_versions: '<=6.4.2',
668 silly audit report       cwe: [Array],
668 silly audit report       cvss: [Object]
668 silly audit report     },
668 silly audit report     {
668 silly audit report       id: 1116229,
668 silly audit report       url: 'https://github.com/advisories/GHSA-4w7w-66w2-5vf9',
668 silly audit report       title: 'Vite Vulnerable to Path Traversal in Optimized Deps `.map` Handling',
668 silly audit report       severity: 'moderate',
668 silly audit report       vulnerable_versions: '<=6.4.1',
668 silly audit report       cwe: [Array],
668 silly audit report       cvss: [Object]
668 silly audit report     },
668 silly audit report     {
668 silly audit report       id: 1116234,
668 silly audit report       url: 'https://github.com/advisories/GHSA-p9ff-h696-f583',
668 silly audit report       title: 'Vite Vulnerable to Arbitrary File Read via Vite Dev Server WebSocket',
668 silly audit report       severity: 'high',
668 silly audit report       vulnerable_versions: '>=6.0.0 <=6.4.1',
668 silly audit report       cwe: [Array],
668 silly audit report       cvss: [Object]
668 silly audit report     }
668 silly audit report   ]
668 silly audit report }
669 timing metavuln:packument:vite Completed in 7ms
670 timing metavuln:cache:get:security-advisory:react-router:eY5U4aDOtBmSv0o9ifOkv5/Dd9YimI6Hz8fjvcmq5X7wbokBl5uWQbcZEFp7tvybDEvXCXfYtHOSJxQlGlLUEg== Completed in 162ms
671 timing metavuln:cache:get:security-advisory:react-router:eQA0zti9e3gr59/G0XEDTXpBo0KKACodhippX9jHxcZn2PcuprX8nvzsWfmZjFCTwod3FYPR9PZRU6RrQUl0BQ== Completed in 168ms
672 timing metavuln:cache:get:security-advisory:react-router:2RT2zx+0K4W6/htsmqTKEkUQV0JqLSDTG6ePpXw1jDKc2j8LxZjBkyryeccgw2pXHDHUxxtIVLBGioiCfPiCYg== Completed in 167ms
673 timing metavuln:cache:get:security-advisory:react-router:SLRsPjKw52ND9K+rNxiAGCPsgMI1Qmw75UjzTgmq90yIOpWDNh85oyCegf+mCJHKwq5lWo3LN4Zyx+15gPTLGA== Completed in 169ms
674 timing metavuln:cache:get:security-advisory:vite:Tg1igN5ImUILB7iL3lCsdCfvryCmdwXKQoLrV9oZh5qkz8tTcdwqqtt4Gpb4Z+ybfbkRa+CBnUNY2uVy1+5EAA== Completed in 168ms
675 timing metavuln:load:security-advisory:vite:1107324 Completed in 34ms
676 timing metavuln:calculate:security-advisory:vite:1107324 Completed in 204ms
677 timing metavuln:cache:get:security-advisory:react-router:UTigV39RNyhu6QeF5msFgMHu/ml+reVExWe0c+RqCjbXZ45I/wA8o83UaT3ZnA5z/u1C/02MrogiPuojCt4Nlw== Completed in 204ms
678 timing metavuln:cache:get:security-advisory:vite:lhMAfW6KGSgCoRssD7e9LUKdutS+l4nPk6asDknTsbkWI2UMyL0z8LPAXleuo5qPagcVjQxgCtMH3fz1kzkSYA== Completed in 202ms
679 timing metavuln:load:security-advisory:vite:1109135 Completed in 18ms
680 timing metavuln:calculate:security-advisory:vite:1109135 Completed in 220ms
681 timing metavuln:cache:get:security-advisory:react-router:AWVuGag03KawsmSvkAPEynJatj2FO6DPdwiCeuI3B2prpTLFw0mDKLgLoKFXa8pTdrrBYoo3+aJbqxz/o2Xzug== Completed in 227ms
682 timing metavuln:cache:get:security-advisory:vite:CReXW7o3cJZ0aN4nhg/gRV1E8OPJ2SoGmmUw6lY2bLjCfF70z3PbDKbutfCbWYbBHkeQ6W4F2IxffSmtDjtaNw== Completed in 222ms
683 timing metavuln:load:security-advisory:vite:1120784 Completed in 24ms
684 timing metavuln:calculate:security-advisory:vite:1120784 Completed in 246ms
685 timing metavuln:cache:get:security-advisory:vite:0uerD0bg2wLpA2p8gFFFUIFeutSBDzFl98dN45i4u1EYj3EvJW03UyjO7tQ7Nk8yLBSi8rbvxI4k8C+oCGWubg== Completed in 252ms
686 timing metavuln:load:security-advisory:vite:1107328 Completed in 8ms
687 timing metavuln:calculate:security-advisory:vite:1107328 Completed in 260ms
688 timing metavuln:cache:get:security-advisory:react-router:M2u8q+cNH2/JeNVRGUeWZdG1XzIVvaqZqGlwi0tywlYQxhegMXBJW+LoL2/+2Mvnq519r5jtrfSPRgTfwrm8wQ== Completed in 265ms
689 timing metavuln:cache:get:security-advisory:vite:I1BdsVrQ8+F0Nz5pjiEY7gYSFBzvKNwOR8nQyg9euOprN34SC4VipJH1GMc8WCRl+e0xZWGr2QiYwiNwqO4gag== Completed in 261ms
690 timing metavuln:load:security-advisory:vite:1116229 Completed in 17ms
691 timing metavuln:calculate:security-advisory:vite:1116229 Completed in 278ms
692 timing metavuln:cache:get:security-advisory:vite:rfJCJIEvcv5f5yDq7HLcRBJmzTJ3qG7HiqGGE2HGmflNE9+dfcWbPBKVjy9e92Z2cEm1UUr/9/cniCzumr5N1A== Completed in 280ms
693 timing metavuln:load:security-advisory:vite:1120789 Completed in 23ms
694 timing metavuln:calculate:security-advisory:vite:1120789 Completed in 305ms
695 timing metavuln:cache:get:security-advisory:vite:NrX8Kp1+Hvd4wvEsS+lQHlOeCmhHudEeMSpjy9BuW2CaPgMCcTb+azDYWI3SEwQXj582+iuKbuJSaWmAaLYLNw== Completed in 305ms
696 timing metavuln:load:security-advisory:vite:1116234 Completed in 12ms
697 timing metavuln:calculate:security-advisory:vite:1116234 Completed in 317ms
698 http fetch GET 200 https://registry.npmjs.org/semver/-/semver-6.3.1.tgz 957ms (cache hit)
699 http fetch GET 200 https://registry.npmjs.org/@babel/parser/-/parser-7.29.7.tgz 1025ms (cache hit)
700 http fetch GET 200 https://registry.npmjs.org/esbuild/-/esbuild-0.25.12.tgz 928ms (cache hit)
701 http fetch GET 200 https://registry.npmjs.org/update-browserslist-db/-/update-browserslist-db-1.2.3.tgz 1003ms (cache hit)
702 http fetch GET 200 https://registry.npmjs.org/yaml/-/yaml-2.9.0.tgz 973ms (cache hit)
703 http fetch GET 200 https://registry.npmjs.org/resolve/-/resolve-1.22.12.tgz 993ms (cache hit)
704 http fetch GET 200 https://registry.npmjs.org/rollup/-/rollup-4.62.2.tgz 782ms (cache hit)
705 http fetch GET 200 https://registry.npmjs.org/vite/-/vite-6.3.5.tgz 696ms (cache hit)
706 http fetch GET 200 https://registry.npmjs.org/loose-envify/-/loose-envify-1.4.0.tgz 980ms (cache hit)
707 http fetch GET 200 https://registry.npmjs.org/json5/-/json5-2.2.3.tgz 977ms (cache hit)
708 http fetch GET 200 https://registry.npmjs.org/jiti/-/jiti-2.7.0.tgz 684ms (cache hit)
709 http fetch GET 200 https://registry.npmjs.org/jsesc/-/jsesc-3.1.0.tgz 665ms (cache hit)
710 http fetch GET 200 https://registry.npmjs.org/nanoid/-/nanoid-3.3.15.tgz 662ms (cache hit)
711 http fetch GET 200 https://registry.npmjs.org/react-router 643ms (cache hit)
712 timing metavuln:packument:react-router Completed in 665ms
713 timing metavuln:load:security-advisory:react-router:1120063 Completed in 15ms
714 timing metavuln:calculate:security-advisory:react-router:1120063 Completed in 682ms
715 timing metavuln:load:security-advisory:react-router:1120065 Completed in 18ms
716 timing metavuln:calculate:security-advisory:react-router:1120065 Completed in 696ms
717 timing metavuln:load:security-advisory:react-router:1120066 Completed in 14ms
718 timing metavuln:calculate:security-advisory:react-router:1120066 Completed in 710ms
719 timing metavuln:load:security-advisory:react-router:1120067 Completed in 19ms
720 timing metavuln:calculate:security-advisory:react-router:1120067 Completed in 728ms
721 timing metavuln:load:security-advisory:react-router:1120069 Completed in 12ms
722 timing metavuln:calculate:security-advisory:react-router:1120069 Completed in 741ms
723 timing metavuln:load:security-advisory:react-router:1120081 Completed in 13ms
724 timing metavuln:calculate:security-advisory:react-router:1120081 Completed in 755ms
725 timing metavuln:load:security-advisory:react-router:1120807 Completed in 13ms
726 timing metavuln:calculate:security-advisory:react-router:1120807 Completed in 768ms
727 http fetch GET 200 https://registry.npmjs.org/baseline-browser-mapping/-/baseline-browser-mapping-2.10.42.tgz 850ms (cache hit)
728 http fetch GET 200 https://registry.npmjs.org/browserslist/-/browserslist-4.28.4.tgz 854ms (cache hit)
729 timing metavuln:cache:get:security-advisory:@tailwindcss/vite:1ztbvYzRBkHmt5RcSQRGJ3aXfyWEowu+TER58Z1iRDCVy7Kfa7oGb8l9g+2fMUJ0YJUvLwOCAJVtHIkIK/RhYw== Completed in 98ms
730 timing metavuln:cache:get:security-advisory:@vitejs/plugin-react:MVOGFBRHsZgBtr/ZmFfXJcrR1ECgniAAy3KSuhgUZ+LEJG4qmAPN6myIG8bhDb8tzwGkH+59oesT9j+BIxrDcw== Completed in 99ms
731 http fetch GET 200 https://registry.npmjs.org/@tailwindcss%2fvite 151ms (cache hit)
732 timing metavuln:packument:@tailwindcss/vite Completed in 169ms
733 timing metavuln:load:security-advisory:@tailwindcss/vite:Tg1igN5ImUILB7iL3lCsdCfvryCmdwXKQoLrV9oZh5qkz8tTcdwqqtt4Gpb4Z+ybfbkRa+CBnUNY2uVy1+5EAA== Completed in 23ms
734 timing metavuln:calculate:security-advisory:@tailwindcss/vite:Tg1igN5ImUILB7iL3lCsdCfvryCmdwXKQoLrV9oZh5qkz8tTcdwqqtt4Gpb4Z+ybfbkRa+CBnUNY2uVy1+5EAA== Completed in 193ms
735 http fetch GET 200 https://registry.npmjs.org/@vitejs%2fplugin-react 223ms (cache hit)
736 timing metavuln:packument:@vitejs/plugin-react Completed in 227ms
737 timing metavuln:load:security-advisory:@vitejs/plugin-react:Tg1igN5ImUILB7iL3lCsdCfvryCmdwXKQoLrV9oZh5qkz8tTcdwqqtt4Gpb4Z+ybfbkRa+CBnUNY2uVy1+5EAA== Completed in 1ms
738 timing metavuln:calculate:security-advisory:@vitejs/plugin-react:Tg1igN5ImUILB7iL3lCsdCfvryCmdwXKQoLrV9oZh5qkz8tTcdwqqtt4Gpb4Z+ybfbkRa+CBnUNY2uVy1+5EAA== Completed in 228ms
739 timing auditReport:init Completed in 1070ms
740 timing reify:audit Completed in 1849ms
741 timing reifyNode:node_modules/semver Completed in 1882ms
742 timing reifyNode:node_modules/jsesc Completed in 1887ms
743 timing reifyNode:node_modules/loose-envify Completed in 1905ms
744 timing reifyNode:node_modules/update-browserslist-db Completed in 1907ms
745 timing reifyNode:node_modules/esbuild Completed in 1925ms
746 timing reifyNode:node_modules/baseline-browser-mapping Completed in 1948ms
747 timing reifyNode:node_modules/browserslist Completed in 1952ms
748 timing reifyNode:node_modules/json5 Completed in 2193ms
749 timing reifyNode:node_modules/nanoid Completed in 2213ms
750 timing reifyNode:node_modules/@babel/parser Completed in 2249ms
751 timing reifyNode:node_modules/jiti Completed in 2279ms
752 timing reifyNode:node_modules/rollup Completed in 2393ms
753 timing reifyNode:node_modules/vite Completed in 2420ms
754 timing reifyNode:node_modules/resolve Completed in 2579ms
755 timing reifyNode:node_modules/yaml Completed in 2877ms
756 http fetch GET 200 https://registry.npmjs.org/@mui/icons-material/-/icons-material-7.3.5.tgz 104235ms (cache miss)
757 timing reifyNode:node_modules/@mui/icons-material Completed in 104440ms
758 timing reify:unpack Completed in 104450ms
759 timing reify:unretire Completed in 1ms
760 timing build:queue Completed in 7ms
761 timing build:link:node_modules/@babel/parser Completed in 100ms
762 timing build:link:node_modules/esbuild Completed in 98ms
763 timing build:link:node_modules/baseline-browser-mapping Completed in 99ms
764 timing build:link:node_modules/browserslist Completed in 98ms
765 timing build:link:node_modules/json5 Completed in 97ms
766 timing build:link:node_modules/resolve Completed in 97ms
767 timing build:link:node_modules/jiti Completed in 99ms
768 timing build:link:node_modules/semver Completed in 97ms
769 timing build:link:node_modules/jsesc Completed in 99ms
770 timing build:link:node_modules/nanoid Completed in 98ms
771 timing build:link:node_modules/loose-envify Completed in 98ms
772 timing build:link:node_modules/update-browserslist-db Completed in 96ms
773 timing build:link:node_modules/rollup Completed in 97ms
774 timing build:link:node_modules/yaml Completed in 96ms
775 timing build:link:node_modules/vite Completed in 96ms
776 timing build:link Completed in 102ms
777 info run esbuild@0.25.12 postinstall node_modules/esbuild node install.js
778 info run esbuild@0.25.12 postinstall { code: 1, signal: null }
779 warn cleanup Failed to remove some directories [
779 warn cleanup   [
779 warn cleanup     'C:\\Users\\Petros Kafkias\\OneDrive - Draxis Environmental SA\\Documents\\SPICE\\SPICE Co-Creation Platform Working\\node_modules\\esbuild',
779 warn cleanup     [Error: EPERM: operation not permitted, rmdir 'C:\Users\Petros Kafkias\OneDrive - Draxis Environmental SA\Documents\SPICE\SPICE Co-Creation Platform Working\node_modules\esbuild'] {
779 warn cleanup       errno: -4048,
779 warn cleanup       code: 'EPERM',
779 warn cleanup       syscall: 'rmdir',
779 warn cleanup       path: 'C:\\Users\\Petros Kafkias\\OneDrive - Draxis Environmental SA\\Documents\\SPICE\\SPICE Co-Creation Platform Working\\node_modules\\esbuild'
779 warn cleanup     }
779 warn cleanup   ],
779 warn cleanup   [
779 warn cleanup     'C:\\Users\\Petros Kafkias\\OneDrive - Draxis Environmental SA\\Documents\\SPICE\\SPICE Co-Creation Platform Working\\node_modules\\yaml',
779 warn cleanup     [Error: EPERM: operation not permitted, rmdir 'C:\Users\Petros Kafkias\OneDrive - Draxis Environmental SA\Documents\SPICE\SPICE Co-Creation Platform Working\node_modules\yaml\dist\schema\json'] {
779 warn cleanup       errno: -4048,
779 warn cleanup       code: 'EPERM',
779 warn cleanup       syscall: 'rmdir',
779 warn cleanup       path: 'C:\\Users\\Petros Kafkias\\OneDrive - Draxis Environmental SA\\Documents\\SPICE\\SPICE Co-Creation Platform Working\\node_modules\\yaml\\dist\\schema\\json'
779 warn cleanup     }
779 warn cleanup   ],
779 warn cleanup   [
779 warn cleanup     'C:\\Users\\Petros Kafkias\\OneDrive - Draxis Environmental SA\\Documents\\SPICE\\SPICE Co-Creation Platform Working\\node_modules\\vite',
779 warn cleanup     [Error: EPERM: operation not permitted, rmdir 'C:\Users\Petros Kafkias\OneDrive - Draxis Environmental SA\Documents\SPICE\SPICE Co-Creation Platform Working\node_modules\vite\dist\node\chunks'] {
779 warn cleanup       errno: -4048,
779 warn cleanup       code: 'EPERM',
779 warn cleanup       syscall: 'rmdir',
779 warn cleanup       path: 'C:\\Users\\Petros Kafkias\\OneDrive - Draxis Environmental SA\\Documents\\SPICE\\SPICE Co-Creation Platform Working\\node_modules\\vite\\dist\\node\\chunks'
779 warn cleanup     }
779 warn cleanup   ],
779 warn cleanup   [
779 warn cleanup     'C:\\Users\\Petros Kafkias\\OneDrive - Draxis Environmental SA\\Documents\\SPICE\\SPICE Co-Creation Platform Working\\node_modules\\resolve',
779 warn cleanup     [Error: EPERM: operation not permitted, rmdir 'C:\Users\Petros Kafkias\OneDrive - Draxis Environmental SA\Documents\SPICE\SPICE Co-Creation Platform Working\node_modules\resolve\test\resolver\quux'] {
779 warn cleanup       errno: -4048,
779 warn cleanup       code: 'EPERM',
779 warn cleanup       syscall: 'rmdir',
779 warn cleanup       path: 'C:\\Users\\Petros Kafkias\\OneDrive - Draxis Environmental SA\\Documents\\SPICE\\SPICE Co-Creation Platform Working\\node_modules\\resolve\\test\\resolver\\quux'
779 warn cleanup     }
779 warn cleanup   ],
779 warn cleanup   [
779 warn cleanup     'C:\\Users\\Petros Kafkias\\OneDrive - Draxis Environmental SA\\Documents\\SPICE\\SPICE Co-Creation Platform Working\\node_modules\\resolve',
779 warn cleanup     [Error: EPERM: operation not permitted, rmdir 'C:\Users\Petros Kafkias\OneDrive - Draxis Environmental SA\Documents\SPICE\SPICE Co-Creation Platform Working\node_modules\resolve\test\resolver\symlinked\_\symlink_target'] {
779 warn cleanup       errno: -4048,
779 warn cleanup       code: 'EPERM',
779 warn cleanup       syscall: 'rmdir',
779 warn cleanup       path: 'C:\\Users\\Petros Kafkias\\OneDrive - Draxis Environmental SA\\Documents\\SPICE\\SPICE Co-Creation Platform Working\\node_modules\\resolve\\test\\resolver\\symlinked\\_\\symlink_target'
779 warn cleanup     }
779 warn cleanup   ]
779 warn cleanup ]
780 timing reify:rollback:createSparse Completed in 13014ms
781 timing reify:rollback:retireShallow Completed in 398ms
782 timing command:install Completed in 123541ms
783 verbose stack Error: command failed
783 verbose stack     at ChildProcess.<anonymous> (C:\Program Files\nodejs\node_modules\npm\node_modules\@npmcli\promise-spawn\lib\index.js:53:27)
783 verbose stack     at ChildProcess.emit (node:events:513:28)
783 verbose stack     at maybeClose (node:internal/child_process:1091:16)
783 verbose stack     at ChildProcess._handle.onexit (node:internal/child_process:302:5)
784 verbose pkgid esbuild@0.25.12
785 verbose cwd C:\Users\Petros Kafkias\OneDrive - Draxis Environmental SA\Documents\SPICE\SPICE Co-Creation Platform Working
786 verbose Windows_NT 10.0.26200
787 verbose node v18.15.0
788 verbose npm  v9.5.0
789 error code 1
790 error path C:\Users\Petros Kafkias\OneDrive - Draxis Environmental SA\Documents\SPICE\SPICE Co-Creation Platform Working\node_modules\esbuild
791 error command failed
792 error command C:\WINDOWS\system32\cmd.exe /d /s /c node install.js
793 error node:internal/fs/utils:347
793 error     throw err;
793 error     ^
793 error
793 error Error: EPERM: operation not permitted, lstat 'C:\Users\Petros Kafkias'
793 error     at Object.realpathSync (node:fs:2580:7)
793 error     at toRealPath (node:internal/modules/cjs/loader:477:13)
793 error     at Module._findPath (node:internal/modules/cjs/loader:662:22)
793 error     at resolveMainPath (node:internal/modules/run_main:19:25)
793 error     at Function.executeUserEntryPoint [as runMain] (node:internal/modules/run_main:75:24)
793 error     at node:internal/main/run_main_module:23:47 {
793 error   errno: -4048,
793 error   syscall: 'lstat',
793 error   code: 'EPERM',
793 error   path: 'C:\\Users\\Petros Kafkias'
793 error }
793 error
793 error Node.js v18.15.0
794 verbose exit 1
795 timing npm Completed in 123649ms
796 verbose unfinished npm timer reify 1783330215654
797 verbose unfinished npm timer reify:build 1783330325382
798 verbose unfinished npm timer build 1783330325383
799 verbose unfinished npm timer build:deps 1783330325384
800 verbose unfinished npm timer build:run:postinstall 1783330325494
801 verbose unfinished npm timer build:run:postinstall:node_modules/esbuild 1783330325494
802 verbose code 1
803 error A complete log of this run can be found in:
803 error     C:\Users\Petros Kafkias\OneDrive - Draxis Environmental SA\Documents\SPICE\SPICE Co-Creation Platform Working\.npm-cache\_logs\2026-07-06T09_30_15_571Z-debug-0.log
