0 verbose cli C:\Program Files\nodejs\node.exe C:\Program Files\nodejs\node_modules\npm\bin\npm-cli.js
1 info using npm@9.5.0
2 info using node@v18.15.0
3 timing npm:load:whichnode Completed in 2ms
4 timing config:load:defaults Completed in 3ms
5 timing config:load:file:C:\Program Files\nodejs\node_modules\npm\npmrc Completed in 4ms
6 timing config:load:builtin Completed in 5ms
7 timing config:load:cli Completed in 4ms
8 timing config:load:env Completed in 1ms
9 timing config:load:file:C:\Users\Petros Kafkias\OneDrive - Draxis Environmental SA\Documents\SPICE\SPICE Co-Creation Platform Working\.npmrc Completed in 1ms
10 timing config:load:project Completed in 3ms
11 timing config:load:file:C:\Users\Petros Kafkias\.npmrc Completed in 0ms
12 timing config:load:user Completed in 0ms
13 timing config:load:file:C:\Users\Petros Kafkias\AppData\Roaming\npm\etc\npmrc Completed in 0ms
14 timing config:load:global Completed in 0ms
15 timing config:load:setEnvs Completed in 2ms
16 timing config:load Completed in 19ms
17 timing npm:load:configload Completed in 19ms
18 timing npm:load:mkdirpcache Completed in 3ms
19 timing npm:load:mkdirplogs Completed in 3ms
20 verbose title npm install
21 verbose argv "install" "--cache" ".npm-cache"
22 timing npm:load:setTitle Completed in 4ms
23 timing config:load:flatten Completed in 6ms
24 timing npm:load:display Completed in 9ms
25 verbose logfile logs-max:10 dir:C:\Users\Petros Kafkias\OneDrive - Draxis Environmental SA\Documents\SPICE\SPICE Co-Creation Platform Working\.npm-cache\_logs\2026-07-06T09_27_45_290Z-
26 verbose logfile C:\Users\Petros Kafkias\OneDrive - Draxis Environmental SA\Documents\SPICE\SPICE Co-Creation Platform Working\.npm-cache\_logs\2026-07-06T09_27_45_290Z-debug-0.log
27 timing npm:load:logFile Completed in 12ms
28 timing npm:load:timers Completed in 0ms
29 timing npm:load:configScope Completed in 0ms
30 timing npm:load Completed in 56ms
31 timing arborist:ctor Completed in 1ms
32 silly logfile done cleaning log files
33 timing arborist:ctor Completed in 0ms
34 timing idealTree:init Completed in 31ms
35 timing idealTree:userRequests Completed in 0ms
36 silly idealTree buildDeps
37 silly fetch manifest @emotion/react@11.14.0
38 http fetch GET 200 https://registry.npmjs.org/@emotion%2freact 180ms (cache miss)
39 silly fetch manifest react@18.3.1
40 http fetch GET 200 https://registry.npmjs.org/npm 454ms (cache miss)
41 http fetch GET 200 https://registry.npmjs.org/react 397ms (cache miss)
42 silly fetch manifest @emotion/styled@11.14.1
43 http fetch GET 200 https://registry.npmjs.org/@emotion%2fstyled 321ms (cache miss)
44 silly fetch manifest @mui/icons-material@7.3.5
45 http fetch GET 200 https://registry.npmjs.org/@mui%2ficons-material 710ms (cache miss)
46 silly fetch manifest @mui/material@7.3.5
47 http fetch GET 200 https://registry.npmjs.org/@mui%2fmaterial 559ms (cache miss)
48 silly fetch manifest @mui/material-pigment-css@^7.3.5
49 http fetch GET 200 https://registry.npmjs.org/@mui%2fmaterial-pigment-css 1919ms (cache miss)
50 silly fetch manifest @pigment-css/react@^0.0.30
51 http fetch GET 200 https://registry.npmjs.org/@pigment-css%2freact 824ms (cache miss)
52 silly fetch manifest @types/react@^17.0.0 || ^18.0.0 || ^19.0.0
53 http fetch GET 200 https://registry.npmjs.org/@types%2freact 545ms (cache miss)
54 silly fetch manifest react-dom@18.3.1
55 http fetch GET 200 https://registry.npmjs.org/react-dom 280ms (cache miss)
56 silly fetch manifest @popperjs/core@2.11.8
57 http fetch GET 200 https://registry.npmjs.org/@popperjs%2fcore 417ms (cache miss)
58 silly fetch manifest @radix-ui/react-accordion@1.2.3
59 http fetch GET 200 https://registry.npmjs.org/@radix-ui%2freact-accordion 572ms (cache miss)
60 silly fetch manifest @types/react@*
61 silly fetch manifest @types/react-dom@*
62 http fetch GET 200 https://registry.npmjs.org/@types%2freact-dom 136ms (cache miss)
63 silly fetch manifest @radix-ui/react-alert-dialog@1.1.6
64 http fetch GET 200 https://registry.npmjs.org/@radix-ui%2freact-alert-dialog 564ms (cache miss)
65 silly fetch manifest @radix-ui/react-aspect-ratio@1.1.2
66 http fetch GET 200 https://registry.npmjs.org/@radix-ui%2freact-aspect-ratio 555ms (cache miss)
67 silly fetch manifest @radix-ui/react-avatar@1.1.3
68 http fetch GET 200 https://registry.npmjs.org/@radix-ui%2freact-avatar 553ms (cache miss)
69 silly fetch manifest @radix-ui/react-checkbox@1.1.4
70 http fetch GET 200 https://registry.npmjs.org/@radix-ui%2freact-checkbox 557ms (cache miss)
71 silly fetch manifest @radix-ui/react-collapsible@1.1.3
72 http fetch GET 200 https://registry.npmjs.org/@radix-ui%2freact-collapsible 559ms (cache miss)
73 silly fetch manifest @radix-ui/react-context-menu@2.2.6
74 http fetch GET 200 https://registry.npmjs.org/@radix-ui%2freact-context-menu 523ms (cache miss)
75 silly fetch manifest @radix-ui/react-dialog@1.1.6
76 http fetch GET 200 https://registry.npmjs.org/@radix-ui%2freact-dialog 343ms (cache miss)
77 silly fetch manifest @radix-ui/react-dropdown-menu@2.1.6
78 http fetch GET 200 https://registry.npmjs.org/@radix-ui%2freact-dropdown-menu 152ms (cache miss)
79 silly fetch manifest @radix-ui/react-hover-card@1.1.6
80 http fetch GET 200 https://registry.npmjs.org/@radix-ui%2freact-hover-card 586ms (cache miss)
81 silly fetch manifest @radix-ui/react-label@2.1.2
82 http fetch GET 200 https://registry.npmjs.org/@radix-ui%2freact-label 538ms (cache miss)
83 silly fetch manifest @radix-ui/react-menubar@1.1.6
84 http fetch GET 200 https://registry.npmjs.org/@radix-ui%2freact-menubar 530ms (cache miss)
85 silly fetch manifest @radix-ui/react-navigation-menu@1.2.5
86 http fetch GET 200 https://registry.npmjs.org/@radix-ui%2freact-navigation-menu 730ms (cache miss)
87 silly fetch manifest @radix-ui/react-popover@1.1.6
88 http fetch GET 200 https://registry.npmjs.org/@radix-ui%2freact-popover 413ms (cache miss)
89 silly fetch manifest @radix-ui/react-progress@1.1.2
90 http fetch GET 200 https://registry.npmjs.org/@radix-ui%2freact-progress 604ms (cache miss)
91 silly fetch manifest @radix-ui/react-radio-group@1.2.3
92 http fetch GET 200 https://registry.npmjs.org/@radix-ui%2freact-radio-group 572ms (cache miss)
93 silly fetch manifest @radix-ui/react-scroll-area@1.2.3
94 http fetch GET 200 https://registry.npmjs.org/@radix-ui%2freact-scroll-area 644ms (cache miss)
95 silly fetch manifest @radix-ui/react-select@2.1.6
96 http fetch GET 200 https://registry.npmjs.org/@radix-ui%2freact-select 10803ms (cache miss)
97 silly fetch manifest @radix-ui/react-separator@1.1.2
98 http fetch GET 200 https://registry.npmjs.org/@radix-ui%2freact-separator 1049ms (cache miss)
99 silly fetch manifest @radix-ui/react-slider@1.2.3
100 http fetch GET 200 https://registry.npmjs.org/@radix-ui%2freact-slider 733ms (cache miss)
101 silly fetch manifest @radix-ui/react-slot@1.1.2
102 http fetch GET 200 https://registry.npmjs.org/@radix-ui%2freact-slot 492ms (cache miss)
103 silly fetch manifest @radix-ui/react-switch@1.1.3
104 http fetch GET 200 https://registry.npmjs.org/@radix-ui%2freact-switch 633ms (cache miss)
105 silly fetch manifest @radix-ui/react-tabs@1.1.3
106 http fetch GET 200 https://registry.npmjs.org/@radix-ui%2freact-tabs 395ms (cache miss)
107 silly fetch manifest @radix-ui/react-toggle-group@1.1.2
108 http fetch GET 200 https://registry.npmjs.org/@radix-ui%2freact-toggle-group 571ms (cache miss)
109 silly fetch manifest @radix-ui/react-toggle@1.1.2
110 http fetch GET 200 https://registry.npmjs.org/@radix-ui%2freact-toggle 564ms (cache miss)
111 silly fetch manifest @radix-ui/react-tooltip@1.1.8
112 http fetch GET 200 https://registry.npmjs.org/@radix-ui%2freact-tooltip 398ms (cache miss)
113 silly fetch manifest canvas-confetti@1.9.4
114 http fetch GET 200 https://registry.npmjs.org/canvas-confetti 52ms (cache miss)
115 silly fetch manifest class-variance-authority@0.7.1
116 http fetch GET 200 https://registry.npmjs.org/class-variance-authority 48ms (cache miss)
117 silly fetch manifest clsx@2.1.1
118 http fetch GET 200 https://registry.npmjs.org/clsx 45ms (cache miss)
119 silly fetch manifest cmdk@1.1.1
120 http fetch GET 200 https://registry.npmjs.org/cmdk 50ms (cache miss)
121 silly fetch manifest date-fns@3.6.0
122 http fetch GET 200 https://registry.npmjs.org/date-fns 289ms (cache miss)
123 silly fetch manifest embla-carousel-react@8.6.0
124 http fetch GET 200 https://registry.npmjs.org/embla-carousel-react 265ms (cache miss)
125 silly fetch manifest input-otp@1.4.2
126 http fetch GET 200 https://registry.npmjs.org/input-otp 260ms (cache miss)
127 silly fetch manifest lucide-react@0.487.0
128 http fetch GET 200 https://registry.npmjs.org/lucide-react 150ms (cache miss)
129 silly fetch manifest motion@12.23.24
130 http fetch GET 200 https://registry.npmjs.org/motion 92ms (cache miss)
131 silly fetch manifest @emotion/is-prop-valid@*
132 http fetch GET 200 https://registry.npmjs.org/@emotion%2fis-prop-valid 320ms (cache miss)
133 silly fetch manifest next-themes@0.4.6
134 http fetch GET 200 https://registry.npmjs.org/next-themes 294ms (cache miss)
135 silly fetch manifest react-day-picker@8.10.1
136 http fetch GET 200 https://registry.npmjs.org/react-day-picker 367ms (cache miss)
137 silly fetch manifest react-dnd@16.0.1
138 http fetch GET 200 https://registry.npmjs.org/react-dnd 258ms (cache miss)
139 silly fetch manifest @types/hoist-non-react-statics@>= 3.3.1
140 http fetch GET 200 https://registry.npmjs.org/@types%2fhoist-non-react-statics 52ms (cache miss)
141 silly fetch manifest @types/node@>= 12
142 http fetch GET 200 https://registry.npmjs.org/@types%2fnode 415ms (cache miss)
143 silly fetch manifest react-dnd-html5-backend@16.0.1
144 http fetch GET 200 https://registry.npmjs.org/react-dnd-html5-backend 314ms (cache miss)
145 silly fetch manifest react-hook-form@7.55.0
146 http fetch GET 200 https://registry.npmjs.org/react-hook-form 231ms (cache miss)
147 silly fetch manifest react-popper@2.3.0
148 http fetch GET 200 https://registry.npmjs.org/react-popper 338ms (cache miss)
149 silly fetch manifest react-resizable-panels@2.1.7
150 http fetch GET 200 https://registry.npmjs.org/react-resizable-panels 373ms (cache miss)
151 silly fetch manifest react-responsive-masonry@2.7.1
152 http fetch GET 200 https://registry.npmjs.org/react-responsive-masonry 247ms (cache miss)
153 silly fetch manifest react-router@7.13.0
154 http fetch GET 200 https://registry.npmjs.org/react-router 166ms (cache miss)
155 silly fetch manifest react-slick@0.31.0
156 http fetch GET 200 https://registry.npmjs.org/react-slick 250ms (cache miss)
157 silly fetch manifest recharts@2.15.2
158 http fetch GET 200 https://registry.npmjs.org/recharts 76ms (cache miss)
159 silly fetch manifest sonner@2.0.3
160 http fetch GET 200 https://registry.npmjs.org/sonner 253ms (cache miss)
161 silly fetch manifest tailwind-merge@3.2.0
162 http fetch GET 200 https://registry.npmjs.org/tailwind-merge 83ms (cache miss)
163 silly fetch manifest tw-animate-css@1.3.8
164 http fetch GET 200 https://registry.npmjs.org/tw-animate-css 263ms (cache miss)
165 silly fetch manifest vaul@1.1.2
166 http fetch GET 200 https://registry.npmjs.org/vaul 258ms (cache miss)
167 silly fetch manifest @tailwindcss/vite@4.1.12
168 http fetch GET 200 https://registry.npmjs.org/@tailwindcss%2fvite 143ms (cache miss)
169 silly fetch manifest vite@6.3.5
170 http fetch GET 200 https://registry.npmjs.org/vite 148ms (cache miss)
171 silly fetch manifest @types/node@^18.0.0 || ^20.0.0 || >=22.0.0
172 silly fetch manifest jiti@>=1.21.0
173 http fetch GET 200 https://registry.npmjs.org/jiti 61ms (cache miss)
174 silly fetch manifest less@*
175 http fetch GET 200 https://registry.npmjs.org/less 283ms (cache miss)
176 silly fetch manifest lightningcss@^1.21.0
177 http fetch GET 200 https://registry.npmjs.org/lightningcss 59ms (cache miss)
178 silly fetch manifest sass@*
179 http fetch GET 200 https://registry.npmjs.org/sass 95ms (cache miss)
180 silly fetch manifest sass-embedded@*
181 http fetch GET 200 https://registry.npmjs.org/sass-embedded 248ms (cache miss)
182 silly fetch manifest stylus@*
183 http fetch GET 200 https://registry.npmjs.org/stylus 238ms (cache miss)
184 silly fetch manifest sugarss@*
185 http fetch GET 200 https://registry.npmjs.org/sugarss 237ms (cache miss)
186 silly fetch manifest postcss@^8.3.3
187 http fetch GET 200 https://registry.npmjs.org/postcss 69ms (cache miss)
188 silly fetch manifest terser@^5.16.0
189 http fetch GET 200 https://registry.npmjs.org/terser 63ms (cache miss)
190 silly fetch manifest tsx@^4.8.1
191 http fetch GET 200 https://registry.npmjs.org/tsx 54ms (cache miss)
192 silly fetch manifest yaml@^2.4.2
193 http fetch GET 200 https://registry.npmjs.org/yaml 56ms (cache miss)
194 silly fetch manifest @vitejs/plugin-react@4.7.0
195 http fetch GET 200 https://registry.npmjs.org/@vitejs%2fplugin-react 179ms (cache miss)
196 silly fetch manifest tailwindcss@4.1.12
197 http fetch GET 200 https://registry.npmjs.org/tailwindcss 446ms (cache miss)
198 silly placeDep ROOT @emotion/react@11.14.0 OK for: @figma/my-make-file@0.0.1 want: 11.14.0
199 silly placeDep ROOT react@18.3.1 OK for: @emotion/react@11.14.0 want: >=16.8.0
200 silly placeDep ROOT @emotion/styled@11.14.1 OK for: @figma/my-make-file@0.0.1 want: 11.14.1
201 silly placeDep ROOT @mui/icons-material@7.3.5 OK for: @figma/my-make-file@0.0.1 want: 7.3.5
202 silly placeDep ROOT @mui/material@7.3.5 OK for: @mui/icons-material@7.3.5 want: ^7.3.5
203 silly placeDep ROOT react-dom@18.3.1 OK for: @mui/material@7.3.5 want: ^17.0.0 || ^18.0.0 || ^19.0.0
204 silly placeDep ROOT @popperjs/core@2.11.8 OK for: @figma/my-make-file@0.0.1 want: 2.11.8
205 silly placeDep ROOT @radix-ui/react-accordion@1.2.3 OK for: @figma/my-make-file@0.0.1 want: 1.2.3
206 silly placeDep ROOT @radix-ui/react-alert-dialog@1.1.6 OK for: @figma/my-make-file@0.0.1 want: 1.1.6
207 silly placeDep ROOT @radix-ui/react-aspect-ratio@1.1.2 OK for: @figma/my-make-file@0.0.1 want: 1.1.2
208 silly placeDep ROOT @radix-ui/react-avatar@1.1.3 OK for: @figma/my-make-file@0.0.1 want: 1.1.3
209 silly placeDep ROOT @radix-ui/react-checkbox@1.1.4 OK for: @figma/my-make-file@0.0.1 want: 1.1.4
210 silly placeDep ROOT @radix-ui/react-collapsible@1.1.3 OK for: @figma/my-make-file@0.0.1 want: 1.1.3
211 silly placeDep ROOT @radix-ui/react-context-menu@2.2.6 OK for: @figma/my-make-file@0.0.1 want: 2.2.6
212 silly placeDep ROOT @radix-ui/react-dialog@1.1.6 OK for: @figma/my-make-file@0.0.1 want: 1.1.6
213 silly placeDep ROOT @radix-ui/react-dropdown-menu@2.1.6 OK for: @figma/my-make-file@0.0.1 want: 2.1.6
214 silly placeDep ROOT @radix-ui/react-hover-card@1.1.6 OK for: @figma/my-make-file@0.0.1 want: 1.1.6
215 silly placeDep ROOT @radix-ui/react-label@2.1.2 OK for: @figma/my-make-file@0.0.1 want: 2.1.2
216 silly placeDep ROOT @radix-ui/react-menubar@1.1.6 OK for: @figma/my-make-file@0.0.1 want: 1.1.6
217 silly placeDep ROOT @radix-ui/react-navigation-menu@1.2.5 OK for: @figma/my-make-file@0.0.1 want: 1.2.5
218 silly placeDep ROOT @radix-ui/react-popover@1.1.6 OK for: @figma/my-make-file@0.0.1 want: 1.1.6
219 silly placeDep ROOT @radix-ui/react-progress@1.1.2 OK for: @figma/my-make-file@0.0.1 want: 1.1.2
220 silly placeDep ROOT @radix-ui/react-radio-group@1.2.3 OK for: @figma/my-make-file@0.0.1 want: 1.2.3
221 silly placeDep ROOT @radix-ui/react-scroll-area@1.2.3 OK for: @figma/my-make-file@0.0.1 want: 1.2.3
222 silly placeDep ROOT @radix-ui/react-select@2.1.6 OK for: @figma/my-make-file@0.0.1 want: 2.1.6
223 silly placeDep ROOT @radix-ui/react-separator@1.1.2 OK for: @figma/my-make-file@0.0.1 want: 1.1.2
224 silly placeDep ROOT @radix-ui/react-slider@1.2.3 OK for: @figma/my-make-file@0.0.1 want: 1.2.3
225 silly placeDep ROOT @radix-ui/react-slot@1.1.2 OK for: @figma/my-make-file@0.0.1 want: 1.1.2
226 silly placeDep ROOT @radix-ui/react-switch@1.1.3 OK for: @figma/my-make-file@0.0.1 want: 1.1.3
227 silly placeDep ROOT @radix-ui/react-tabs@1.1.3 OK for: @figma/my-make-file@0.0.1 want: 1.1.3
228 silly placeDep ROOT @radix-ui/react-toggle@1.1.2 OK for: @figma/my-make-file@0.0.1 want: 1.1.2
229 silly placeDep ROOT @radix-ui/react-toggle-group@1.1.2 OK for: @figma/my-make-file@0.0.1 want: 1.1.2
230 silly placeDep ROOT @radix-ui/react-tooltip@1.1.8 OK for: @figma/my-make-file@0.0.1 want: 1.1.8
231 silly placeDep ROOT @tailwindcss/vite@4.1.12 OK for: @figma/my-make-file@0.0.1 want: 4.1.12
232 silly placeDep ROOT vite@6.3.5 OK for: @tailwindcss/vite@4.1.12 want: ^5.2.0 || ^6 || ^7
233 silly placeDep ROOT @vitejs/plugin-react@4.7.0 OK for: @figma/my-make-file@0.0.1 want: 4.7.0
234 silly placeDep ROOT canvas-confetti@1.9.4 OK for: @figma/my-make-file@0.0.1 want: 1.9.4
235 silly placeDep ROOT class-variance-authority@0.7.1 OK for: @figma/my-make-file@0.0.1 want: 0.7.1
236 silly placeDep ROOT clsx@2.1.1 OK for: @figma/my-make-file@0.0.1 want: 2.1.1
237 silly placeDep ROOT cmdk@1.1.1 OK for: @figma/my-make-file@0.0.1 want: 1.1.1
238 silly placeDep ROOT date-fns@3.6.0 OK for: @figma/my-make-file@0.0.1 want: 3.6.0
239 silly placeDep ROOT embla-carousel-react@8.6.0 OK for: @figma/my-make-file@0.0.1 want: 8.6.0
240 silly placeDep ROOT input-otp@1.4.2 OK for: @figma/my-make-file@0.0.1 want: 1.4.2
241 silly placeDep ROOT lucide-react@0.487.0 OK for: @figma/my-make-file@0.0.1 want: 0.487.0
242 silly placeDep ROOT motion@12.23.24 OK for: @figma/my-make-file@0.0.1 want: 12.23.24
243 silly placeDep ROOT next-themes@0.4.6 OK for: @figma/my-make-file@0.0.1 want: 0.4.6
244 silly placeDep ROOT react-day-picker@8.10.1 OK for: @figma/my-make-file@0.0.1 want: 8.10.1
245 silly placeDep ROOT react-dnd@16.0.1 OK for: @figma/my-make-file@0.0.1 want: 16.0.1
246 silly placeDep ROOT react-dnd-html5-backend@16.0.1 OK for: @figma/my-make-file@0.0.1 want: 16.0.1
247 silly placeDep ROOT react-hook-form@7.55.0 OK for: @figma/my-make-file@0.0.1 want: 7.55.0
248 silly placeDep ROOT react-popper@2.3.0 OK for: @figma/my-make-file@0.0.1 want: 2.3.0
249 silly placeDep ROOT react-resizable-panels@2.1.7 OK for: @figma/my-make-file@0.0.1 want: 2.1.7
250 silly placeDep ROOT react-responsive-masonry@2.7.1 OK for: @figma/my-make-file@0.0.1 want: 2.7.1
251 silly placeDep ROOT react-router@7.13.0 OK for: @figma/my-make-file@0.0.1 want: 7.13.0
252 silly placeDep ROOT react-slick@0.31.0 OK for: @figma/my-make-file@0.0.1 want: 0.31.0
253 silly placeDep ROOT recharts@2.15.2 OK for: @figma/my-make-file@0.0.1 want: 2.15.2
254 silly placeDep ROOT sonner@2.0.3 OK for: @figma/my-make-file@0.0.1 want: 2.0.3
255 silly placeDep ROOT tailwind-merge@3.2.0 OK for: @figma/my-make-file@0.0.1 want: 3.2.0
256 silly placeDep ROOT tailwindcss@4.1.12 OK for: @figma/my-make-file@0.0.1 want: 4.1.12
257 silly placeDep ROOT tw-animate-css@1.3.8 OK for: @figma/my-make-file@0.0.1 want: 1.3.8
258 silly placeDep ROOT vaul@1.1.2 OK for: @figma/my-make-file@0.0.1 want: 1.1.2
259 silly fetch manifest @babel/runtime@^7.18.3
260 silly fetch manifest @emotion/cache@^11.14.0
261 silly fetch manifest @emotion/utils@^1.4.2
262 silly fetch manifest @emotion/serialize@^1.3.3
263 silly fetch manifest @emotion/babel-plugin@^11.13.5
264 silly fetch manifest @emotion/weak-memoize@^0.4.0
265 silly fetch manifest hoist-non-react-statics@^3.3.1
266 silly fetch manifest @emotion/use-insertion-effect-with-fallbacks@^1.2.0
267 silly fetch manifest loose-envify@^1.1.0
268 silly fetch manifest @emotion/is-prop-valid@^1.3.0
269 silly fetch manifest @babel/runtime@^7.28.4
270 silly fetch manifest csstype@^3.1.3
271 silly fetch manifest react-is@^19.2.0
272 silly fetch manifest @mui/types@^7.4.8
273 silly fetch manifest @mui/utils@^7.3.5
274 silly fetch manifest prop-types@^15.8.1
275 silly fetch manifest @mui/system@^7.3.5
276 silly fetch manifest react-transition-group@^4.4.5
277 silly fetch manifest @mui/core-downloads-tracker@^7.3.5
278 silly fetch manifest @types/react-transition-group@^4.4.12
279 silly fetch manifest scheduler@^0.23.2
280 silly fetch manifest @radix-ui/react-id@1.1.0
281 silly fetch manifest @radix-ui/primitive@1.1.1
282 silly fetch manifest @radix-ui/react-context@1.1.1
283 silly fetch manifest @radix-ui/react-direction@1.1.0
284 silly fetch manifest @radix-ui/react-primitive@2.0.2
285 silly fetch manifest @radix-ui/react-collection@1.1.2
286 silly fetch manifest @radix-ui/react-compose-refs@1.1.1
287 silly fetch manifest @radix-ui/react-use-controllable-state@1.1.0
288 silly fetch manifest @radix-ui/react-use-callback-ref@1.1.0
289 silly fetch manifest @radix-ui/react-use-layout-effect@1.1.0
290 silly fetch manifest @radix-ui/react-presence@1.1.2
291 silly fetch manifest @radix-ui/react-use-size@1.1.0
292 silly fetch manifest @radix-ui/react-use-previous@1.1.0
293 silly fetch manifest @radix-ui/react-menu@2.1.6
294 silly fetch manifest aria-hidden@^1.2.4
295 silly fetch manifest react-remove-scroll@^2.6.3
296 silly fetch manifest @radix-ui/react-portal@1.1.4
297 silly fetch manifest @radix-ui/react-focus-scope@1.1.2
298 silly fetch manifest @radix-ui/react-focus-guards@1.1.1
299 silly fetch manifest @radix-ui/react-dismissable-layer@1.1.5
300 silly fetch manifest @radix-ui/react-popper@1.2.2
301 silly fetch manifest @radix-ui/react-roving-focus@1.1.2
302 silly fetch manifest @radix-ui/react-visually-hidden@1.1.2
303 silly fetch manifest @radix-ui/number@1.1.0
304 silly fetch manifest @tailwindcss/node@4.1.12
305 silly fetch manifest @tailwindcss/oxide@4.1.12
306 silly fetch manifest fdir@^6.4.4
307 silly fetch manifest rollup@^4.34.9
308 silly fetch manifest esbuild@^0.25.0
309 silly fetch manifest postcss@^8.5.3
310 silly fetch manifest picomatch@^4.0.2
311 silly fetch manifest tinyglobby@^0.2.13
312 silly fetch manifest fsevents@~2.3.3
313 silly fetch manifest @babel/core@^7.28.0
314 silly fetch manifest react-refresh@^0.17.0
315 silly fetch manifest @types/babel__core@^7.20.5
316 silly fetch manifest @rolldown/pluginutils@1.0.0-beta.27
317 silly fetch manifest @babel/plugin-transform-react-jsx-self@^7.27.1
318 silly fetch manifest @babel/plugin-transform-react-jsx-source@^7.27.1
319 silly fetch manifest @radix-ui/react-id@^1.1.0
320 silly fetch manifest @radix-ui/react-primitive@^2.0.2
321 silly fetch manifest @radix-ui/react-compose-refs@^1.1.1
322 silly fetch manifest embla-carousel@8.6.0
323 silly fetch manifest embla-carousel-reactive-utils@8.6.0
324 silly fetch manifest tslib@^2.4.0
325 silly fetch manifest framer-motion@^12.23.24
326 silly fetch manifest @react-dnd/invariant@^4.0.1
327 silly fetch manifest @react-dnd/shallowequal@^4.0.1
328 silly fetch manifest dnd-core@^16.0.1
329 silly fetch manifest fast-deep-equal@^3.1.3
330 silly fetch manifest hoist-non-react-statics@^3.3.2
331 silly fetch manifest react-fast-compare@^3.0.1
332 silly fetch manifest warning@^4.0.2
333 silly fetch manifest cookie@^1.0.1
334 silly fetch manifest set-cookie-parser@^2.6.0
335 silly fetch manifest classnames@^2.2.5
336 silly fetch manifest json2mq@^0.2.0
337 silly fetch manifest lodash.debounce@^4.0.8
338 silly fetch manifest resize-observer-polyfill@^1.5.0
339 silly fetch manifest lodash@^4.17.21
340 silly fetch manifest react-is@^18.3.1
341 silly fetch manifest react-smooth@^4.0.4
342 silly fetch manifest eventemitter3@^4.0.1
343 silly fetch manifest recharts-scale@^0.4.4
344 silly fetch manifest tiny-invariant@^1.3.1
345 silly fetch manifest victory-vendor@^36.6.8
346 http fetch GET 200 https://registry.npmjs.org/@babel%2fruntime 247ms (cache miss)
347 http fetch GET 200 https://registry.npmjs.org/hoist-non-react-statics 295ms (cache miss)
348 http fetch GET 200 https://registry.npmjs.org/loose-envify 310ms (cache miss)
349 http fetch GET 200 https://registry.npmjs.org/csstype 327ms (cache miss)
350 http fetch GET 200 https://registry.npmjs.org/@babel%2fruntime 340ms (cache miss)
351 http fetch GET 200 https://registry.npmjs.org/@emotion%2fbabel-plugin 385ms (cache miss)
352 http fetch GET 200 https://registry.npmjs.org/@emotion%2futils 389ms (cache miss)
353 http fetch GET 200 https://registry.npmjs.org/@types%2freact-transition-group 372ms (cache miss)
354 http fetch GET 200 https://registry.npmjs.org/prop-types 513ms (cache miss)
355 http fetch GET 200 https://registry.npmjs.org/react-transition-group 536ms (cache miss)
356 http fetch GET 200 https://registry.npmjs.org/@radix-ui%2freact-id 551ms (cache miss)
357 http fetch GET 200 https://registry.npmjs.org/@radix-ui%2freact-context 568ms (cache miss)
358 http fetch GET 200 https://registry.npmjs.org/@emotion%2fuse-insertion-effect-with-fallbacks 601ms (cache miss)
359 http fetch GET 200 https://registry.npmjs.org/@emotion%2fweak-memoize 610ms (cache miss)
360 http fetch GET 200 https://registry.npmjs.org/@emotion%2fserialize 616ms (cache miss)
361 http fetch GET 200 https://registry.npmjs.org/react-is 606ms (cache miss)
362 http fetch GET 200 https://registry.npmjs.org/@emotion%2fcache 647ms (cache miss)
363 http fetch GET 200 https://registry.npmjs.org/@radix-ui%2freact-use-callback-ref 661ms (cache miss)
364 http fetch GET 200 https://registry.npmjs.org/@radix-ui%2freact-use-controllable-state 671ms (cache miss)
365 http fetch GET 200 https://registry.npmjs.org/@radix-ui%2freact-compose-refs 690ms (cache miss)
366 http fetch GET 200 https://registry.npmjs.org/@radix-ui%2freact-collection 705ms (cache miss)
367 http fetch GET 200 https://registry.npmjs.org/@radix-ui%2freact-use-layout-effect 709ms (cache miss)
368 http fetch GET 200 https://registry.npmjs.org/aria-hidden 724ms (cache miss)
369 http fetch GET 200 https://registry.npmjs.org/@radix-ui%2fprimitive 741ms (cache miss)
370 http fetch GET 200 https://registry.npmjs.org/scheduler 746ms (cache miss)
371 http fetch GET 200 https://registry.npmjs.org/react-remove-scroll 805ms (cache miss)
372 http fetch GET 200 https://registry.npmjs.org/@mui%2fsystem 852ms (cache miss)
373 http fetch GET 200 https://registry.npmjs.org/@radix-ui%2freact-presence 847ms (cache miss)
374 http fetch GET 200 https://registry.npmjs.org/@radix-ui%2freact-focus-guards 848ms (cache miss)
375 http fetch GET 200 https://registry.npmjs.org/@mui%2ftypes 884ms (cache miss)
376 http fetch GET 200 https://registry.npmjs.org/@radix-ui%2freact-focus-scope 882ms (cache miss)
377 http fetch GET 200 https://registry.npmjs.org/@radix-ui%2freact-dismissable-layer 893ms (cache miss)
378 http fetch GET 200 https://registry.npmjs.org/fdir 889ms (cache miss)
379 http fetch GET 200 https://registry.npmjs.org/@mui%2fcore-downloads-tracker 941ms (cache miss)
380 http fetch GET 200 https://registry.npmjs.org/@mui%2futils 951ms (cache miss)
381 http fetch GET 200 https://registry.npmjs.org/@radix-ui%2freact-primitive 946ms (cache miss)
382 http fetch GET 200 https://registry.npmjs.org/picomatch 934ms (cache miss)
383 http fetch GET 200 https://registry.npmjs.org/@radix-ui%2freact-use-size 965ms (cache miss)
384 http fetch GET 200 https://registry.npmjs.org/fsevents 946ms (cache miss)
385 http fetch GET 200 https://registry.npmjs.org/esbuild 973ms (cache miss)
386 http fetch GET 200 https://registry.npmjs.org/@radix-ui%2freact-direction 1035ms (cache miss)
387 http fetch GET 200 https://registry.npmjs.org/@types%2fbabel__core 1039ms (cache miss)
388 http fetch GET 200 https://registry.npmjs.org/@babel%2fcore 1053ms (cache miss)
389 http fetch GET 200 https://registry.npmjs.org/@radix-ui%2freact-popper 1086ms (cache miss)
390 http fetch GET 200 https://registry.npmjs.org/@radix-ui%2freact-portal 1103ms (cache miss)
391 http fetch GET 200 https://registry.npmjs.org/@radix-ui%2freact-visually-hidden 1117ms (cache miss)
392 http fetch GET 200 https://registry.npmjs.org/tinyglobby 1118ms (cache miss)
393 http fetch GET 200 https://registry.npmjs.org/@babel%2fplugin-transform-react-jsx-source 1118ms (cache miss)
394 http fetch GET 200 https://registry.npmjs.org/@radix-ui%2freact-id 1123ms (cache miss)
395 http fetch GET 200 https://registry.npmjs.org/rollup 1146ms (cache miss)
396 http fetch GET 200 https://registry.npmjs.org/@tailwindcss%2fnode 1197ms (cache miss)
397 http fetch GET 200 https://registry.npmjs.org/@radix-ui%2freact-compose-refs 1189ms (cache miss)
398 http fetch GET 200 https://registry.npmjs.org/@radix-ui%2fnumber 1267ms (cache miss)
399 http fetch GET 200 https://registry.npmjs.org/@radix-ui%2freact-primitive 1251ms (cache miss)
400 http fetch GET 200 https://registry.npmjs.org/@radix-ui%2freact-use-previous 1296ms (cache miss)
401 http fetch GET 200 https://registry.npmjs.org/@radix-ui%2freact-menu 1352ms (cache miss)
402 http fetch GET 200 https://registry.npmjs.org/warning 1327ms (cache miss)
403 http fetch GET 200 https://registry.npmjs.org/hoist-non-react-statics 1337ms (cache miss)
404 http fetch GET 200 https://registry.npmjs.org/react-fast-compare 1337ms (cache miss)
405 http fetch GET 200 https://registry.npmjs.org/fast-deep-equal 1344ms (cache miss)
406 http fetch GET 200 https://registry.npmjs.org/@babel%2fplugin-transform-react-jsx-self 1371ms (cache miss)
407 http fetch GET 200 https://registry.npmjs.org/cookie 1366ms (cache miss)
408 http fetch GET 200 https://registry.npmjs.org/set-cookie-parser 1367ms (cache miss)
409 http fetch GET 200 https://registry.npmjs.org/embla-carousel-reactive-utils 1392ms (cache miss)
410 http fetch GET 200 https://registry.npmjs.org/resize-observer-polyfill 1386ms (cache miss)
411 http fetch GET 200 https://registry.npmjs.org/tslib 1410ms (cache miss)
412 http fetch GET 200 https://registry.npmjs.org/lodash 1402ms (cache miss)
413 http fetch GET 200 https://registry.npmjs.org/@radix-ui%2freact-roving-focus 1459ms (cache miss)
414 http fetch GET 200 https://registry.npmjs.org/recharts-scale 1420ms (cache miss)
415 http fetch GET 200 https://registry.npmjs.org/tiny-invariant 1421ms (cache miss)
416 http fetch GET 200 https://registry.npmjs.org/embla-carousel 1445ms (cache miss)
417 http fetch GET 200 https://registry.npmjs.org/react-smooth 1435ms (cache miss)
418 http fetch GET 200 https://registry.npmjs.org/victory-vendor 1441ms (cache miss)
419 http fetch GET 200 https://registry.npmjs.org/@tailwindcss%2foxide 1495ms (cache miss)
420 http fetch GET 200 https://registry.npmjs.org/react-refresh 1519ms (cache miss)
421 http fetch GET 200 https://registry.npmjs.org/@rolldown%2fpluginutils 1600ms (cache miss)
422 http fetch GET 200 https://registry.npmjs.org/classnames 1593ms (cache miss)
423 http fetch GET 200 https://registry.npmjs.org/lodash.debounce 1593ms (cache miss)
424 http fetch GET 200 https://registry.npmjs.org/eventemitter3 1590ms (cache miss)
425 http fetch GET 200 https://registry.npmjs.org/dnd-core 1605ms (cache miss)
426 http fetch GET 200 https://registry.npmjs.org/json2mq 1601ms (cache miss)
427 http fetch GET 200 https://registry.npmjs.org/@react-dnd%2finvariant 1635ms (cache miss)
428 http fetch GET 200 https://registry.npmjs.org/react-is 1643ms (cache miss)
429 http fetch GET 200 https://registry.npmjs.org/framer-motion 1704ms (cache miss)
430 http fetch GET 200 https://registry.npmjs.org/@react-dnd%2fshallowequal 1731ms (cache miss)
431 timing idealTree:#root Completed in 42315ms
432 silly fetch manifest react@>=16.8.0
433 silly placeDep ROOT @babel/runtime@7.29.7 OK for: @emotion/react@11.14.0 want: ^7.18.3
434 silly placeDep ROOT @emotion/babel-plugin@11.13.5 OK for: @emotion/react@11.14.0 want: ^11.13.5
435 silly placeDep ROOT @emotion/cache@11.14.0 OK for: @emotion/react@11.14.0 want: ^11.14.0
436 silly placeDep ROOT @emotion/serialize@1.3.3 OK for: @emotion/react@11.14.0 want: ^1.3.3
437 silly placeDep ROOT @emotion/use-insertion-effect-with-fallbacks@1.2.0 OK for: @emotion/react@11.14.0 want: ^1.2.0
438 silly placeDep ROOT @emotion/utils@1.4.2 OK for: @emotion/react@11.14.0 want: ^1.4.2
439 silly placeDep ROOT @emotion/weak-memoize@0.4.0 OK for: @emotion/react@11.14.0 want: ^0.4.0
440 silly placeDep ROOT hoist-non-react-statics@3.3.2 OK for: @emotion/react@11.14.0 want: ^3.3.1
441 silly fetch manifest stylis@4.2.0
442 silly fetch manifest find-root@^1.1.0
443 silly fetch manifest source-map@^0.5.7
444 silly fetch manifest @emotion/hash@^0.9.2
445 silly fetch manifest @emotion/memoize@^0.9.0
446 silly fetch manifest convert-source-map@^1.5.0
447 silly fetch manifest babel-plugin-macros@^3.1.0
448 silly fetch manifest escape-string-regexp@^4.0.0
449 silly fetch manifest @babel/helper-module-imports@^7.16.7
450 silly fetch manifest @emotion/sheet@^1.4.0
451 silly fetch manifest csstype@^3.0.2
452 silly fetch manifest @emotion/unitless@^0.10.0
453 silly fetch manifest react-is@^16.7.0
454 http fetch GET 200 https://registry.npmjs.org/find-root 84ms (cache miss)
455 http fetch GET 200 https://registry.npmjs.org/escape-string-regexp 82ms (cache miss)
456 http fetch GET 200 https://registry.npmjs.org/babel-plugin-macros 89ms (cache miss)
457 http fetch GET 200 https://registry.npmjs.org/@babel%2fhelper-module-imports 94ms (cache miss)
458 http fetch GET 200 https://registry.npmjs.org/@emotion%2fhash 152ms (cache miss)
459 http fetch GET 200 https://registry.npmjs.org/@emotion%2fsheet 148ms (cache miss)
460 http fetch GET 200 https://registry.npmjs.org/source-map 275ms (cache miss)
461 http fetch GET 200 https://registry.npmjs.org/stylis 296ms (cache miss)
462 http fetch GET 200 https://registry.npmjs.org/convert-source-map 301ms (cache miss)
463 http fetch GET 200 https://registry.npmjs.org/@emotion%2fmemoize 352ms (cache miss)
464 http fetch GET 200 https://registry.npmjs.org/@emotion%2funitless 358ms (cache miss)
465 timing idealTree:node_modules/@emotion/react Completed in 386ms
466 timing idealTree:node_modules/@babel/runtime Completed in 0ms
467 silly placeDep ROOT @babel/helper-module-imports@7.29.7 OK for: @emotion/babel-plugin@11.13.5 want: ^7.16.7
468 silly placeDep ROOT @emotion/hash@0.9.2 OK for: @emotion/babel-plugin@11.13.5 want: ^0.9.2
469 silly placeDep ROOT @emotion/memoize@0.9.0 OK for: @emotion/babel-plugin@11.13.5 want: ^0.9.0
470 silly placeDep ROOT babel-plugin-macros@3.1.0 OK for: @emotion/babel-plugin@11.13.5 want: ^3.1.0
471 silly placeDep ROOT convert-source-map@1.9.0 OK for: @emotion/babel-plugin@11.13.5 want: ^1.5.0
472 silly placeDep ROOT escape-string-regexp@4.0.0 OK for: @emotion/babel-plugin@11.13.5 want: ^4.0.0
473 silly placeDep ROOT find-root@1.1.0 OK for: @emotion/babel-plugin@11.13.5 want: ^1.1.0
474 silly placeDep ROOT source-map@0.5.7 OK for: @emotion/babel-plugin@11.13.5 want: ^0.5.7
475 silly placeDep ROOT stylis@4.2.0 OK for: @emotion/babel-plugin@11.13.5 want: 4.2.0
476 silly fetch manifest @babel/types@^7.29.7
477 silly fetch manifest @babel/traverse@^7.29.7
478 silly fetch manifest cosmiconfig@^7.0.0
479 silly fetch manifest resolve@^1.19.0
480 http fetch GET 200 https://registry.npmjs.org/resolve 74ms (cache miss)
481 http fetch GET 200 https://registry.npmjs.org/@babel%2ftypes 85ms (cache miss)
482 http fetch GET 200 https://registry.npmjs.org/@babel%2ftraverse 97ms (cache miss)
483 http fetch GET 200 https://registry.npmjs.org/cosmiconfig 261ms (cache miss)
484 timing idealTree:node_modules/@emotion/babel-plugin Completed in 281ms
485 silly placeDep ROOT @babel/traverse@7.29.7 OK for: @babel/helper-module-imports@7.29.7 want: ^7.29.7
486 silly placeDep ROOT @babel/types@7.29.7 OK for: @babel/helper-module-imports@7.29.7 want: ^7.29.7
487 silly fetch manifest debug@^4.3.1
488 silly fetch manifest @babel/parser@^7.29.7
489 silly fetch manifest @babel/template@^7.29.7
490 silly fetch manifest @babel/generator@^7.29.7
491 silly fetch manifest @babel/code-frame@^7.29.7
492 silly fetch manifest @babel/helper-globals@^7.29.7
493 silly fetch manifest @babel/helper-string-parser@^7.29.7
494 silly fetch manifest @babel/helper-validator-identifier@^7.29.7
495 http fetch GET 200 https://registry.npmjs.org/@babel%2fhelper-globals 74ms (cache miss)
496 http fetch GET 200 https://registry.npmjs.org/@babel%2ftemplate 80ms (cache miss)
497 http fetch GET 200 https://registry.npmjs.org/@babel%2fcode-frame 95ms (cache miss)
498 http fetch GET 200 https://registry.npmjs.org/@babel%2fgenerator 106ms (cache miss)
499 http fetch GET 200 https://registry.npmjs.org/@babel%2fparser 114ms (cache miss)
500 http fetch GET 200 https://registry.npmjs.org/debug 119ms (cache miss)
501 http fetch GET 200 https://registry.npmjs.org/@babel%2fhelper-string-parser 114ms (cache miss)
502 http fetch GET 200 https://registry.npmjs.org/@babel%2fhelper-validator-identifier 248ms (cache miss)
503 timing idealTree:node_modules/@babel/helper-module-imports Completed in 261ms
504 silly placeDep ROOT @babel/code-frame@7.29.7 OK for: @babel/traverse@7.29.7 want: ^7.29.7
505 silly placeDep ROOT @babel/generator@7.29.7 OK for: @babel/traverse@7.29.7 want: ^7.29.7
506 silly placeDep ROOT @babel/helper-globals@7.29.7 OK for: @babel/traverse@7.29.7 want: ^7.29.7
507 silly placeDep ROOT @babel/parser@7.29.7 OK for: @babel/traverse@7.29.7 want: ^7.29.7
508 silly placeDep ROOT @babel/template@7.29.7 OK for: @babel/traverse@7.29.7 want: ^7.29.7
509 silly placeDep ROOT debug@4.4.3 OK for: @babel/traverse@7.29.7 want: ^4.3.1
510 silly fetch manifest js-tokens@^4.0.0
511 silly fetch manifest picocolors@^1.1.1
512 silly fetch manifest jsesc@^3.0.2
513 silly fetch manifest @jridgewell/gen-mapping@^0.3.12
514 silly fetch manifest @jridgewell/trace-mapping@^0.3.28
515 silly fetch manifest ms@^2.1.3
516 http fetch GET 200 https://registry.npmjs.org/js-tokens 83ms (cache miss)
517 http fetch GET 200 https://registry.npmjs.org/ms 80ms (cache miss)
518 http fetch GET 200 https://registry.npmjs.org/picocolors 87ms (cache miss)
519 http fetch GET 200 https://registry.npmjs.org/jsesc 90ms (cache miss)
520 http fetch GET 200 https://registry.npmjs.org/@jridgewell%2fgen-mapping 93ms (cache miss)
521 http fetch GET 200 https://registry.npmjs.org/@jridgewell%2ftrace-mapping 108ms (cache miss)
522 timing idealTree:node_modules/@babel/traverse Completed in 123ms
523 silly placeDep ROOT @babel/helper-validator-identifier@7.29.7 OK for: @babel/code-frame@7.29.7 want: ^7.29.7
524 silly placeDep ROOT js-tokens@4.0.0 OK for: @babel/code-frame@7.29.7 want: ^4.0.0
525 silly placeDep ROOT picocolors@1.1.1 OK for: @babel/code-frame@7.29.7 want: ^1.1.1
526 timing idealTree:node_modules/@babel/code-frame Completed in 7ms
527 silly placeDep ROOT @jridgewell/gen-mapping@0.3.13 OK for: @babel/generator@7.29.7 want: ^0.3.12
528 silly placeDep ROOT @jridgewell/trace-mapping@0.3.31 OK for: @babel/generator@7.29.7 want: ^0.3.28
529 silly placeDep ROOT jsesc@3.1.0 OK for: @babel/generator@7.29.7 want: ^3.0.2
530 silly fetch manifest @jridgewell/sourcemap-codec@^1.5.0
531 silly fetch manifest @jridgewell/resolve-uri@^3.1.0
532 silly fetch manifest @jridgewell/sourcemap-codec@^1.4.14
533 http fetch GET 200 https://registry.npmjs.org/@jridgewell%2fresolve-uri 67ms (cache miss)
534 http fetch GET 200 https://registry.npmjs.org/@jridgewell%2fsourcemap-codec 69ms (cache miss)
535 http fetch GET 200 https://registry.npmjs.org/@jridgewell%2fsourcemap-codec 72ms (cache miss)
536 timing idealTree:node_modules/@babel/generator Completed in 80ms
537 timing idealTree:node_modules/@babel/helper-globals Completed in 0ms
538 timing idealTree:node_modules/@babel/helper-validator-identifier Completed in 0ms
539 timing idealTree:node_modules/@babel/parser Completed in 0ms
540 timing idealTree:node_modules/@babel/template Completed in 0ms
541 silly placeDep ROOT @babel/helper-string-parser@7.29.7 OK for: @babel/types@7.29.7 want: ^7.29.7
542 timing idealTree:node_modules/@babel/types Completed in 2ms
543 timing idealTree:node_modules/@babel/helper-string-parser Completed in 0ms
544 silly placeDep ROOT @emotion/sheet@1.4.0 OK for: @emotion/cache@11.14.0 want: ^1.4.0
545 timing idealTree:node_modules/@emotion/cache Completed in 2ms
546 timing idealTree:node_modules/@emotion/hash Completed in 0ms
547 timing idealTree:node_modules/@emotion/memoize Completed in 0ms
548 silly placeDep ROOT @emotion/unitless@0.10.0 OK for: @emotion/serialize@1.3.3 want: ^0.10.0
549 silly placeDep ROOT csstype@3.2.3 OK for: @emotion/serialize@1.3.3 want: ^3.0.2
550 timing idealTree:node_modules/@emotion/serialize Completed in 3ms
551 timing idealTree:node_modules/@emotion/sheet Completed in 0ms
552 silly placeDep ROOT @emotion/is-prop-valid@1.4.0 OK for: @emotion/styled@11.14.1 want: ^1.3.0
553 timing idealTree:node_modules/@emotion/styled Completed in 2ms
554 timing idealTree:node_modules/@emotion/is-prop-valid Completed in 0ms
555 timing idealTree:node_modules/@emotion/unitless Completed in 0ms
556 timing idealTree:node_modules/@emotion/use-insertion-effect-with-fallbacks Completed in 0ms
557 timing idealTree:node_modules/@emotion/utils Completed in 0ms
558 timing idealTree:node_modules/@emotion/weak-memoize Completed in 0ms
559 silly placeDep ROOT @jridgewell/sourcemap-codec@1.5.5 OK for: @jridgewell/gen-mapping@0.3.13 want: ^1.5.0
560 timing idealTree:node_modules/@jridgewell/gen-mapping Completed in 2ms
561 timing idealTree:node_modules/@jridgewell/sourcemap-codec Completed in 0ms
562 silly placeDep ROOT @jridgewell/resolve-uri@3.1.2 OK for: @jridgewell/trace-mapping@0.3.31 want: ^3.1.0
563 timing idealTree:node_modules/@jridgewell/trace-mapping Completed in 2ms
564 timing idealTree:node_modules/@jridgewell/resolve-uri Completed in 0ms
565 timing idealTree:node_modules/@mui/icons-material Completed in 0ms
566 silly fetch manifest react@^17.0.0 || ^18.0.0 || ^19.0.0
567 silly fetch manifest @emotion/react@^11.5.0
568 silly fetch manifest @emotion/styled@^11.3.0
569 silly fetch manifest react-dom@^17.0.0 || ^18.0.0 || ^19.0.0
570 silly placeDep ROOT @mui/core-downloads-tracker@7.3.11 OK for: @mui/material@7.3.5 want: ^7.3.5
571 silly placeDep ROOT @mui/system@7.3.11 OK for: @mui/material@7.3.5 want: ^7.3.5
572 silly placeDep ROOT @mui/types@7.4.12 OK for: @mui/material@7.3.5 want: ^7.4.8
573 silly placeDep ROOT @mui/utils@7.3.11 OK for: @mui/material@7.3.5 want: ^7.3.5
574 silly placeDep ROOT @types/react-transition-group@4.4.12 OK for: @mui/material@7.3.5 want: ^4.4.12
575 silly placeDep ROOT @types/react@19.2.17 OK for: @types/react-transition-group@4.4.12 want: *
576 silly placeDep ROOT prop-types@15.8.1 OK for: @mui/material@7.3.5 want: ^15.8.1
577 silly placeDep ROOT react-is@19.2.7 OK for: @mui/material@7.3.5 want: ^19.2.0
578 silly placeDep ROOT react-transition-group@4.4.5 OK for: @mui/material@7.3.5 want: ^4.4.5
579 silly fetch manifest @mui/styled-engine@^7.3.10
580 silly fetch manifest @mui/private-theming@^7.3.11
581 silly fetch manifest @types/prop-types@^15.7.15
582 silly fetch manifest loose-envify@^1.4.0
583 silly fetch manifest object-assign@^4.1.1
584 silly fetch manifest react-is@^16.13.1
585 silly fetch manifest dom-helpers@^5.0.1
586 http fetch GET 200 https://registry.npmjs.org/object-assign 72ms (cache miss)
587 http fetch GET 200 https://registry.npmjs.org/@types%2fprop-types 80ms (cache miss)
588 http fetch GET 200 https://registry.npmjs.org/dom-helpers 77ms (cache miss)
589 http fetch GET 200 https://registry.npmjs.org/@mui%2fprivate-theming 540ms (cache miss)
590 http fetch GET 200 https://registry.npmjs.org/@mui%2fstyled-engine 571ms (cache miss)
591 timing idealTree:node_modules/@mui/material Completed in 615ms
592 timing idealTree:node_modules/@mui/core-downloads-tracker Completed in 0ms
593 silly placeDep ROOT @mui/private-theming@7.3.11 OK for: @mui/system@7.3.11 want: ^7.3.11
594 silly placeDep ROOT @mui/styled-engine@7.3.10 OK for: @mui/system@7.3.11 want: ^7.3.10
595 timing idealTree:node_modules/@mui/system Completed in 11ms
596 timing idealTree:node_modules/@mui/private-theming Completed in 0ms
597 timing idealTree:node_modules/@mui/styled-engine Completed in 0ms
598 timing idealTree:node_modules/@mui/types Completed in 0ms
599 silly placeDep ROOT @types/prop-types@15.7.15 OK for: @mui/utils@7.3.11 want: ^15.7.15
600 timing idealTree:node_modules/@mui/utils Completed in 2ms
601 timing idealTree:node_modules/@popperjs/core Completed in 0ms
602 silly fetch manifest react@^16.8 || ^17.0 || ^18.0 || ^19.0 || ^19.0.0-rc
603 silly fetch manifest react-dom@^16.8 || ^17.0 || ^18.0 || ^19.0 || ^19.0.0-rc
604 silly placeDep ROOT @radix-ui/primitive@1.1.1 OK for: @radix-ui/react-accordion@1.2.3 want: 1.1.1
605 silly placeDep ROOT @radix-ui/react-collection@1.1.2 OK for: @radix-ui/react-accordion@1.2.3 want: 1.1.2
606 silly placeDep ROOT @radix-ui/react-compose-refs@1.1.1 OK for: @radix-ui/react-accordion@1.2.3 want: 1.1.1
607 silly placeDep ROOT @radix-ui/react-context@1.1.1 OK for: @radix-ui/react-accordion@1.2.3 want: 1.1.1
608 silly placeDep ROOT @radix-ui/react-direction@1.1.0 OK for: @radix-ui/react-accordion@1.2.3 want: 1.1.0
609 silly placeDep ROOT @radix-ui/react-id@1.1.0 OK for: @radix-ui/react-accordion@1.2.3 want: 1.1.0
610 silly placeDep ROOT @radix-ui/react-primitive@2.0.2 OK for: @radix-ui/react-accordion@1.2.3 want: 2.0.2
611 silly placeDep ROOT @radix-ui/react-use-controllable-state@1.1.0 OK for: @radix-ui/react-accordion@1.2.3 want: 1.1.0
612 timing idealTree:node_modules/@radix-ui/react-accordion Completed in 41ms
613 timing idealTree:node_modules/@radix-ui/primitive Completed in 0ms
614 timing idealTree:node_modules/@radix-ui/react-alert-dialog Completed in 0ms
615 timing idealTree:node_modules/@radix-ui/react-aspect-ratio Completed in 0ms
616 silly placeDep ROOT @radix-ui/react-use-callback-ref@1.1.0 OK for: @radix-ui/react-avatar@1.1.3 want: 1.1.0
617 silly placeDep ROOT @radix-ui/react-use-layout-effect@1.1.0 OK for: @radix-ui/react-avatar@1.1.3 want: 1.1.0
618 timing idealTree:node_modules/@radix-ui/react-avatar Completed in 9ms
619 silly placeDep ROOT @radix-ui/react-presence@1.1.2 OK for: @radix-ui/react-checkbox@1.1.4 want: 1.1.2
620 silly placeDep ROOT @radix-ui/react-use-previous@1.1.0 OK for: @radix-ui/react-checkbox@1.1.4 want: 1.1.0
621 silly placeDep ROOT @radix-ui/react-use-size@1.1.0 OK for: @radix-ui/react-checkbox@1.1.4 want: 1.1.0
622 timing idealTree:node_modules/@radix-ui/react-checkbox Completed in 14ms
623 timing idealTree:node_modules/@radix-ui/react-collapsible Completed in 0ms
624 timing idealTree:node_modules/@radix-ui/react-collection Completed in 0ms
625 timing idealTree:node_modules/@radix-ui/react-compose-refs Completed in 0ms
626 timing idealTree:node_modules/@radix-ui/react-context Completed in 0ms
627 silly placeDep ROOT @radix-ui/react-menu@2.1.6 OK for: @radix-ui/react-context-menu@2.2.6 want: 2.1.6
628 timing idealTree:node_modules/@radix-ui/react-context-menu Completed in 26ms
629 silly placeDep ROOT @radix-ui/react-dismissable-layer@1.1.5 OK for: @radix-ui/react-dialog@1.1.6 want: 1.1.5
630 silly placeDep ROOT @radix-ui/react-focus-guards@1.1.1 OK for: @radix-ui/react-dialog@1.1.6 want: 1.1.1
631 silly placeDep ROOT @radix-ui/react-focus-scope@1.1.2 OK for: @radix-ui/react-dialog@1.1.6 want: 1.1.2
632 silly placeDep ROOT @radix-ui/react-portal@1.1.4 OK for: @radix-ui/react-dialog@1.1.6 want: 1.1.4
633 silly placeDep ROOT aria-hidden@1.2.6 OK for: @radix-ui/react-dialog@1.1.6 want: ^1.2.4
634 silly placeDep ROOT react-remove-scroll@2.7.2 OK for: @radix-ui/react-dialog@1.1.6 want: ^2.6.3
635 silly fetch manifest @radix-ui/react-use-escape-keydown@1.1.0
636 silly fetch manifest tslib@^2.0.0
637 silly fetch manifest react-remove-scroll-bar@^2.3.7
638 silly fetch manifest react-style-singleton@^2.2.3
639 silly fetch manifest tslib@^2.1.0
640 silly fetch manifest use-callback-ref@^1.3.3
641 silly fetch manifest use-sidecar@^1.1.3
642 http fetch GET 200 https://registry.npmjs.org/use-callback-ref 98ms (cache miss)
643 http fetch GET 200 https://registry.npmjs.org/react-remove-scroll-bar 110ms (cache miss)
644 http fetch GET 200 https://registry.npmjs.org/use-sidecar 101ms (cache miss)
645 http fetch GET 200 https://registry.npmjs.org/react-style-singleton 244ms (cache miss)
646 http fetch GET 200 https://registry.npmjs.org/@radix-ui%2freact-use-escape-keydown 338ms (cache miss)
647 timing idealTree:node_modules/@radix-ui/react-dialog Completed in 415ms
648 timing idealTree:node_modules/@radix-ui/react-direction Completed in 0ms
649 silly placeDep ROOT @radix-ui/react-use-escape-keydown@1.1.0 OK for: @radix-ui/react-dismissable-layer@1.1.5 want: 1.1.0
650 timing idealTree:node_modules/@radix-ui/react-dismissable-layer Completed in 4ms
651 timing idealTree:node_modules/@radix-ui/react-dropdown-menu Completed in 0ms
652 timing idealTree:node_modules/@radix-ui/react-focus-guards Completed in 0ms
653 timing idealTree:node_modules/@radix-ui/react-focus-scope Completed in 0ms
654 silly placeDep ROOT @radix-ui/react-popper@1.2.2 OK for: @radix-ui/react-hover-card@1.1.6 want: 1.2.2
655 silly fetch manifest @radix-ui/rect@1.1.0
656 silly fetch manifest @radix-ui/react-arrow@1.1.2
657 silly fetch manifest @floating-ui/react-dom@^2.0.0
658 silly fetch manifest @radix-ui/react-use-rect@1.1.0
659 http fetch GET 200 https://registry.npmjs.org/@floating-ui%2freact-dom 72ms (cache miss)
660 http fetch GET 200 https://registry.npmjs.org/@radix-ui%2frect 131ms (cache miss)
661 http fetch GET 200 https://registry.npmjs.org/@radix-ui%2freact-arrow 148ms (cache miss)
662 http fetch GET 200 https://registry.npmjs.org/@radix-ui%2freact-use-rect 344ms (cache miss)
663 timing idealTree:node_modules/@radix-ui/react-hover-card Completed in 358ms
664 timing idealTree:node_modules/@radix-ui/react-id Completed in 0ms
665 timing idealTree:node_modules/@radix-ui/react-label Completed in 0ms
666 silly placeDep ROOT @radix-ui/react-roving-focus@1.1.2 OK for: @radix-ui/react-menu@2.1.6 want: 1.1.2
667 timing idealTree:node_modules/@radix-ui/react-menu Completed in 9ms
668 timing idealTree:node_modules/@radix-ui/react-menubar Completed in 0ms
669 silly placeDep ROOT @radix-ui/react-visually-hidden@1.1.2 OK for: @radix-ui/react-navigation-menu@1.2.5 want: 1.1.2
670 timing idealTree:node_modules/@radix-ui/react-navigation-menu Completed in 8ms
671 timing idealTree:node_modules/@radix-ui/react-popover Completed in 0ms
672 silly placeDep ROOT @floating-ui/react-dom@2.1.8 OK for: @radix-ui/react-popper@1.2.2 want: ^2.0.0
673 silly placeDep ROOT @radix-ui/react-arrow@1.1.2 OK for: @radix-ui/react-popper@1.2.2 want: 1.1.2
674 silly placeDep ROOT @radix-ui/react-use-rect@1.1.0 OK for: @radix-ui/react-popper@1.2.2 want: 1.1.0
675 silly placeDep ROOT @radix-ui/rect@1.1.0 OK for: @radix-ui/react-popper@1.2.2 want: 1.1.0
676 silly fetch manifest @floating-ui/dom@^1.7.6
677 http fetch GET 200 https://registry.npmjs.org/@floating-ui%2fdom 124ms (cache miss)
678 timing idealTree:node_modules/@radix-ui/react-popper Completed in 148ms
679 silly placeDep ROOT @floating-ui/dom@1.7.6 OK for: @floating-ui/react-dom@2.1.8 want: ^1.7.6
680 silly fetch manifest @floating-ui/core@^1.7.5
681 silly fetch manifest @floating-ui/utils@^0.2.11
682 http fetch GET 200 https://registry.npmjs.org/@floating-ui%2futils 112ms (cache miss)
683 http fetch GET 200 https://registry.npmjs.org/@floating-ui%2fcore 333ms (cache miss)
684 timing idealTree:node_modules/@floating-ui/react-dom Completed in 338ms
685 silly placeDep ROOT @floating-ui/core@1.7.5 OK for: @floating-ui/dom@1.7.6 want: ^1.7.5
686 silly placeDep ROOT @floating-ui/utils@0.2.11 OK for: @floating-ui/dom@1.7.6 want: ^0.2.11
687 timing idealTree:node_modules/@floating-ui/dom Completed in 5ms
688 timing idealTree:node_modules/@floating-ui/core Completed in 0ms
689 timing idealTree:node_modules/@floating-ui/utils Completed in 0ms
690 timing idealTree:node_modules/@radix-ui/react-arrow Completed in 0ms
691 timing idealTree:node_modules/@radix-ui/react-portal Completed in 1ms
692 timing idealTree:node_modules/@radix-ui/react-presence Completed in 1ms
693 timing idealTree:node_modules/@radix-ui/react-primitive Completed in 0ms
694 timing idealTree:node_modules/@radix-ui/react-progress Completed in 0ms
695 timing idealTree:node_modules/@radix-ui/react-radio-group Completed in 0ms
696 timing idealTree:node_modules/@radix-ui/react-roving-focus Completed in 0ms
697 silly placeDep ROOT @radix-ui/number@1.1.0 OK for: @radix-ui/react-scroll-area@1.2.3 want: 1.1.0
698 timing idealTree:node_modules/@radix-ui/react-scroll-area Completed in 3ms
699 timing idealTree:node_modules/@radix-ui/number Completed in 0ms
700 timing idealTree:node_modules/@radix-ui/react-select Completed in 0ms
701 timing idealTree:node_modules/@radix-ui/react-separator Completed in 1ms
702 timing idealTree:node_modules/@radix-ui/react-slider Completed in 0ms
703 timing idealTree:node_modules/@radix-ui/react-slot Completed in 0ms
704 timing idealTree:node_modules/@radix-ui/react-switch Completed in 0ms
705 timing idealTree:node_modules/@radix-ui/react-tabs Completed in 0ms
706 timing idealTree:node_modules/@radix-ui/react-toggle Completed in 0ms
707 timing idealTree:node_modules/@radix-ui/react-toggle-group Completed in 0ms
708 timing idealTree:node_modules/@radix-ui/react-tooltip Completed in 0ms
709 timing idealTree:node_modules/@radix-ui/react-use-callback-ref Completed in 1ms
710 timing idealTree:node_modules/@radix-ui/react-use-controllable-state Completed in 0ms
711 timing idealTree:node_modules/@radix-ui/react-use-escape-keydown Completed in 0ms
712 timing idealTree:node_modules/@radix-ui/react-use-layout-effect Completed in 0ms
713 timing idealTree:node_modules/@radix-ui/react-use-previous Completed in 0ms
714 timing idealTree:node_modules/@radix-ui/react-use-rect Completed in 0ms
715 timing idealTree:node_modules/@radix-ui/react-use-size Completed in 0ms
716 timing idealTree:node_modules/@radix-ui/react-visually-hidden Completed in 0ms
717 timing idealTree:node_modules/@radix-ui/rect Completed in 0ms
718 silly placeDep ROOT @tailwindcss/node@4.1.12 OK for: @tailwindcss/vite@4.1.12 want: 4.1.12
719 silly placeDep ROOT @tailwindcss/oxide@4.1.12 OK for: @tailwindcss/vite@4.1.12 want: 4.1.12
720 silly fetch manifest jiti@^2.5.1
721 silly fetch manifest lightningcss@1.30.1
722 silly fetch manifest magic-string@^0.30.17
723 silly fetch manifest source-map-js@^1.2.1
724 silly fetch manifest enhanced-resolve@^5.18.3
725 silly fetch manifest @jridgewell/remapping@^2.3.4
726 silly fetch manifest tar@^7.4.3
727 silly fetch manifest detect-libc@^2.0.4
728 silly fetch manifest @tailwindcss/oxide-darwin-x64@4.1.12
729 silly fetch manifest @tailwindcss/oxide-freebsd-x64@4.1.12
730 silly fetch manifest @tailwindcss/oxide-wasm32-wasi@4.1.12
731 silly fetch manifest @tailwindcss/oxide-darwin-arm64@4.1.12
732 silly fetch manifest @tailwindcss/oxide-android-arm64@4.1.12
733 silly fetch manifest @tailwindcss/oxide-linux-x64-gnu@4.1.12
734 silly fetch manifest @tailwindcss/oxide-linux-x64-musl@4.1.12
735 silly fetch manifest @tailwindcss/oxide-win32-x64-msvc@4.1.12
736 silly fetch manifest @tailwindcss/oxide-linux-arm64-gnu@4.1.12
737 silly fetch manifest @tailwindcss/oxide-linux-arm64-musl@4.1.12
738 silly fetch manifest @tailwindcss/oxide-win32-arm64-msvc@4.1.12
739 silly fetch manifest @tailwindcss/oxide-linux-arm-gnueabihf@4.1.12
740 http fetch GET 200 https://registry.npmjs.org/source-map-js 86ms (cache miss)
741 http fetch GET 200 https://registry.npmjs.org/detect-libc 81ms (cache miss)
742 http fetch GET 200 https://registry.npmjs.org/magic-string 91ms (cache miss)
743 http fetch GET 200 https://registry.npmjs.org/tar 91ms (cache miss)
744 http fetch GET 200 https://registry.npmjs.org/enhanced-resolve 98ms (cache miss)
745 http fetch GET 200 https://registry.npmjs.org/@jridgewell%2fremapping 110ms (cache miss)
746 http fetch GET 200 https://registry.npmjs.org/@tailwindcss%2foxide-wasm32-wasi 110ms (cache miss)
747 http fetch GET 200 https://registry.npmjs.org/@tailwindcss%2foxide-linux-arm64-gnu 184ms (cache miss)
748 http fetch GET 200 https://registry.npmjs.org/@tailwindcss%2foxide-linux-x64-gnu 205ms (cache miss)
749 http fetch GET 200 https://registry.npmjs.org/@tailwindcss%2foxide-linux-arm-gnueabihf 493ms (cache miss)
750 http fetch GET 200 https://registry.npmjs.org/@tailwindcss%2foxide-freebsd-x64 513ms (cache miss)
751 http fetch GET 200 https://registry.npmjs.org/@tailwindcss%2foxide-win32-x64-msvc 546ms (cache miss)
752 http fetch GET 200 https://registry.npmjs.org/@tailwindcss%2foxide-linux-arm64-musl 559ms (cache miss)
753 http fetch GET 200 https://registry.npmjs.org/@tailwindcss%2foxide-darwin-x64 595ms (cache miss)
754 http fetch GET 200 https://registry.npmjs.org/@tailwindcss%2foxide-darwin-arm64 603ms (cache miss)
755 http fetch GET 200 https://registry.npmjs.org/@tailwindcss%2foxide-android-arm64 613ms (cache miss)
756 http fetch GET 200 https://registry.npmjs.org/@tailwindcss%2foxide-win32-arm64-msvc 630ms (cache miss)
757 http fetch GET 200 https://registry.npmjs.org/@tailwindcss%2foxide-linux-x64-musl 656ms (cache miss)
758 timing idealTree:node_modules/@tailwindcss/vite Completed in 692ms
759 silly placeDep ROOT @jridgewell/remapping@2.3.5 OK for: @tailwindcss/node@4.1.12 want: ^2.3.4
760 silly placeDep ROOT enhanced-resolve@5.24.1 OK for: @tailwindcss/node@4.1.12 want: ^5.18.3
761 silly placeDep ROOT jiti@2.7.0 OK for: @tailwindcss/node@4.1.12 want: ^2.5.1
762 silly placeDep ROOT lightningcss@1.30.1 OK for: @tailwindcss/node@4.1.12 want: 1.30.1
763 silly placeDep ROOT magic-string@0.30.21 OK for: @tailwindcss/node@4.1.12 want: ^0.30.17
764 silly placeDep ROOT source-map-js@1.2.1 OK for: @tailwindcss/node@4.1.12 want: ^1.2.1
765 silly fetch manifest graceful-fs@^4.2.4
766 silly fetch manifest tapable@^2.3.3
767 silly fetch manifest detect-libc@^2.0.3
768 silly fetch manifest lightningcss-darwin-x64@1.30.1
769 silly fetch manifest lightningcss-freebsd-x64@1.30.1
770 silly fetch manifest lightningcss-darwin-arm64@1.30.1
771 silly fetch manifest lightningcss-linux-x64-gnu@1.30.1
772 silly fetch manifest lightningcss-linux-x64-musl@1.30.1
773 silly fetch manifest lightningcss-win32-x64-msvc@1.30.1
774 silly fetch manifest lightningcss-linux-arm64-gnu@1.30.1
775 silly fetch manifest lightningcss-linux-arm64-musl@1.30.1
776 silly fetch manifest lightningcss-win32-arm64-msvc@1.30.1
777 silly fetch manifest lightningcss-linux-arm-gnueabihf@1.30.1
778 http fetch GET 200 https://registry.npmjs.org/lightningcss-linux-arm64-gnu 107ms (cache miss)
779 http fetch GET 200 https://registry.npmjs.org/lightningcss-darwin-arm64 112ms (cache miss)
780 http fetch GET 200 https://registry.npmjs.org/lightningcss-linux-arm64-musl 109ms (cache miss)
781 http fetch GET 200 https://registry.npmjs.org/lightningcss-win32-x64-msvc 112ms (cache miss)
782 http fetch GET 200 https://registry.npmjs.org/lightningcss-linux-x64-musl 115ms (cache miss)
783 http fetch GET 200 https://registry.npmjs.org/lightningcss-linux-x64-gnu 300ms (cache miss)
784 http fetch GET 200 https://registry.npmjs.org/lightningcss-freebsd-x64 315ms (cache miss)
785 http fetch GET 200 https://registry.npmjs.org/lightningcss-win32-arm64-msvc 313ms (cache miss)
786 http fetch GET 200 https://registry.npmjs.org/lightningcss-darwin-x64 325ms (cache miss)
787 http fetch GET 200 https://registry.npmjs.org/tapable 333ms (cache miss)
788 http fetch GET 200 https://registry.npmjs.org/graceful-fs 336ms (cache miss)
789 http fetch GET 200 https://registry.npmjs.org/lightningcss-linux-arm-gnueabihf 329ms (cache miss)
790 timing idealTree:node_modules/@tailwindcss/node Completed in 346ms
791 timing idealTree:node_modules/@jridgewell/remapping Completed in 0ms
792 silly placeDep ROOT @tailwindcss/oxide-android-arm64@4.1.12 OK for: @tailwindcss/oxide@4.1.12 want: 4.1.12
793 silly placeDep ROOT @tailwindcss/oxide-darwin-arm64@4.1.12 OK for: @tailwindcss/oxide@4.1.12 want: 4.1.12
794 silly placeDep ROOT @tailwindcss/oxide-darwin-x64@4.1.12 OK for: @tailwindcss/oxide@4.1.12 want: 4.1.12
795 silly placeDep ROOT @tailwindcss/oxide-freebsd-x64@4.1.12 OK for: @tailwindcss/oxide@4.1.12 want: 4.1.12
796 silly placeDep ROOT @tailwindcss/oxide-linux-arm-gnueabihf@4.1.12 OK for: @tailwindcss/oxide@4.1.12 want: 4.1.12
797 silly placeDep ROOT @tailwindcss/oxide-linux-arm64-gnu@4.1.12 OK for: @tailwindcss/oxide@4.1.12 want: 4.1.12
798 silly placeDep ROOT @tailwindcss/oxide-linux-arm64-musl@4.1.12 OK for: @tailwindcss/oxide@4.1.12 want: 4.1.12
799 silly placeDep ROOT @tailwindcss/oxide-linux-x64-gnu@4.1.12 OK for: @tailwindcss/oxide@4.1.12 want: 4.1.12
800 silly placeDep ROOT @tailwindcss/oxide-linux-x64-musl@4.1.12 OK for: @tailwindcss/oxide@4.1.12 want: 4.1.12
801 silly placeDep ROOT @tailwindcss/oxide-wasm32-wasi@4.1.12 OK for: @tailwindcss/oxide@4.1.12 want: 4.1.12
802 silly placeDep ROOT @tailwindcss/oxide-win32-arm64-msvc@4.1.12 OK for: @tailwindcss/oxide@4.1.12 want: 4.1.12
803 silly placeDep ROOT @tailwindcss/oxide-win32-x64-msvc@4.1.12 OK for: @tailwindcss/oxide@4.1.12 want: 4.1.12
804 silly placeDep ROOT detect-libc@2.1.2 OK for: @tailwindcss/oxide@4.1.12 want: ^2.0.4
805 silly placeDep ROOT tar@7.5.19 OK for: @tailwindcss/oxide@4.1.12 want: ^7.4.3
806 silly fetch manifest @isaacs/fs-minipass@^4.0.0
807 silly fetch manifest chownr@^3.0.0
808 silly fetch manifest minipass@^7.1.2
809 silly fetch manifest minizlib@^3.1.0
810 silly fetch manifest yallist@^5.0.0
811 http fetch GET 200 https://registry.npmjs.org/@isaacs%2ffs-minipass 78ms (cache miss)
812 http fetch GET 200 https://registry.npmjs.org/chownr 78ms (cache miss)
813 http fetch GET 200 https://registry.npmjs.org/yallist 71ms (cache miss)
814 http fetch GET 200 https://registry.npmjs.org/minipass 81ms (cache miss)
815 http fetch GET 200 https://registry.npmjs.org/minizlib 78ms (cache miss)
816 timing idealTree:node_modules/@tailwindcss/oxide Completed in 108ms
817 timing idealTree:node_modules/@tailwindcss/oxide-android-arm64 Completed in 0ms
818 timing idealTree:node_modules/@tailwindcss/oxide-darwin-arm64 Completed in 0ms
819 timing idealTree:node_modules/@tailwindcss/oxide-darwin-x64 Completed in 0ms
820 timing idealTree:node_modules/@tailwindcss/oxide-freebsd-x64 Completed in 0ms
821 timing idealTree:node_modules/@tailwindcss/oxide-linux-arm-gnueabihf Completed in 0ms
822 timing idealTree:node_modules/@tailwindcss/oxide-linux-arm64-gnu Completed in 0ms
823 timing idealTree:node_modules/@tailwindcss/oxide-linux-arm64-musl Completed in 0ms
824 timing idealTree:node_modules/@tailwindcss/oxide-linux-x64-gnu Completed in 0ms
825 timing idealTree:node_modules/@tailwindcss/oxide-linux-x64-musl Completed in 0ms
826 timing idealTree:node_modules/@tailwindcss/oxide-wasm32-wasi Completed in 0ms
827 timing idealTree:node_modules/@tailwindcss/oxide-win32-arm64-msvc Completed in 0ms
828 timing idealTree:node_modules/@tailwindcss/oxide-win32-x64-msvc Completed in 0ms
829 timing idealTree:node_modules/@types/prop-types Completed in 1ms
830 timing idealTree:node_modules/@types/react Completed in 0ms
831 timing idealTree:node_modules/@types/react-transition-group Completed in 0ms
832 silly placeDep ROOT @babel/core@7.29.7 OK for: @vitejs/plugin-react@4.7.0 want: ^7.28.0
833 silly placeDep ROOT @babel/plugin-transform-react-jsx-self@7.29.7 OK for: @vitejs/plugin-react@4.7.0 want: ^7.27.1
834 silly placeDep ROOT @babel/plugin-transform-react-jsx-source@7.29.7 OK for: @vitejs/plugin-react@4.7.0 want: ^7.27.1
835 silly placeDep ROOT @rolldown/pluginutils@1.0.0-beta.27 OK for: @vitejs/plugin-react@4.7.0 want: 1.0.0-beta.27
836 silly placeDep ROOT @types/babel__core@7.20.5 OK for: @vitejs/plugin-react@4.7.0 want: ^7.20.5
837 silly placeDep ROOT react-refresh@0.17.0 OK for: @vitejs/plugin-react@4.7.0 want: ^0.17.0
838 silly fetch manifest json5@^2.2.3
839 silly fetch manifest semver@^6.3.1
840 silly fetch manifest gensync@^1.0.0-beta.2
841 silly fetch manifest @babel/helpers@^7.29.7
842 silly fetch manifest convert-source-map@^2.0.0
843 silly fetch manifest @babel/helper-module-transforms@^7.29.7
844 silly fetch manifest @babel/helper-compilation-targets@^7.29.7
845 silly fetch manifest @babel/helper-plugin-utils@^7.29.7
846 silly fetch manifest @types/babel__template@*
847 silly fetch manifest @types/babel__traverse@*
848 silly fetch manifest @types/babel__generator@*
849 http fetch GET 200 https://registry.npmjs.org/gensync 69ms (cache miss)
850 http fetch GET 200 https://registry.npmjs.org/json5 73ms (cache miss)
851 http fetch GET 200 https://registry.npmjs.org/semver 77ms (cache miss)
852 http fetch GET 200 https://registry.npmjs.org/@types%2fbabel__traverse 73ms (cache miss)
853 http fetch GET 200 https://registry.npmjs.org/@babel%2fhelper-plugin-utils 75ms (cache miss)
854 http fetch GET 200 https://registry.npmjs.org/@babel%2fhelper-module-transforms 150ms (cache miss)
855 http fetch GET 200 https://registry.npmjs.org/@types%2fbabel__generator 257ms (cache miss)
856 http fetch GET 200 https://registry.npmjs.org/@babel%2fhelper-compilation-targets 268ms (cache miss)
857 http fetch GET 200 https://registry.npmjs.org/@types%2fbabel__template 272ms (cache miss)
858 http fetch GET 200 https://registry.npmjs.org/@babel%2fhelpers 314ms (cache miss)
859 timing idealTree:node_modules/@vitejs/plugin-react Completed in 339ms
860 silly fetch manifest @babel/core@^7.0.0
861 silly placeDep ROOT @babel/helper-compilation-targets@7.29.7 OK for: @babel/core@7.29.7 want: ^7.29.7
862 silly placeDep ROOT @babel/helper-module-transforms@7.29.7 OK for: @babel/core@7.29.7 want: ^7.29.7
863 silly placeDep ROOT @babel/helpers@7.29.7 OK for: @babel/core@7.29.7 want: ^7.29.7
864 silly placeDep node_modules/@babel/core convert-source-map@2.0.0 OK for: @babel/core@7.29.7 want: ^2.0.0
865 silly placeDep ROOT gensync@1.0.0-beta.2 OK for: @babel/core@7.29.7 want: ^1.0.0-beta.2
866 silly placeDep ROOT json5@2.2.3 OK for: @babel/core@7.29.7 want: ^2.2.3
867 silly placeDep ROOT semver@6.3.1 OK for: @babel/core@7.29.7 want: ^6.3.1
868 silly fetch manifest lru-cache@^5.1.1
869 silly fetch manifest browserslist@^4.24.0
870 silly fetch manifest @babel/compat-data@^7.29.7
871 silly fetch manifest @babel/helper-validator-option@^7.29.7
872 http fetch GET 200 https://registry.npmjs.org/@babel%2fhelper-validator-option 61ms (cache miss)
873 http fetch GET 200 https://registry.npmjs.org/lru-cache 77ms (cache miss)
874 http fetch GET 200 https://registry.npmjs.org/browserslist 86ms (cache miss)
875 http fetch GET 200 https://registry.npmjs.org/@babel%2fcompat-data 263ms (cache miss)
876 timing idealTree:node_modules/@babel/core Completed in 294ms
877 silly placeDep ROOT @babel/compat-data@7.29.7 OK for: @babel/helper-compilation-targets@7.29.7 want: ^7.29.7
878 silly placeDep ROOT @babel/helper-validator-option@7.29.7 OK for: @babel/helper-compilation-targets@7.29.7 want: ^7.29.7
879 silly placeDep ROOT browserslist@4.28.4 OK for: @babel/helper-compilation-targets@7.29.7 want: ^4.24.0
880 silly placeDep ROOT lru-cache@5.1.1 OK for: @babel/helper-compilation-targets@7.29.7 want: ^5.1.1
881 silly fetch manifest caniuse-lite@^1.0.30001799
882 silly fetch manifest node-releases@^2.0.48
883 silly fetch manifest electron-to-chromium@^1.5.376
884 silly fetch manifest update-browserslist-db@^1.2.3
885 silly fetch manifest baseline-browser-mapping@^2.10.38
886 silly fetch manifest yallist@^3.0.2
887 http fetch GET 200 https://registry.npmjs.org/update-browserslist-db 51ms (cache miss)
888 http fetch GET 200 https://registry.npmjs.org/node-releases 70ms (cache miss)
889 http fetch GET 200 https://registry.npmjs.org/baseline-browser-mapping 75ms (cache miss)
890 http fetch GET 200 https://registry.npmjs.org/caniuse-lite 199ms (cache miss)
891 http fetch GET 200 https://registry.npmjs.org/electron-to-chromium 389ms (cache miss)
892 timing idealTree:node_modules/@babel/helper-compilation-targets Completed in 410ms
893 timing idealTree:node_modules/@babel/compat-data Completed in 0ms
894 timing idealTree:node_modules/@babel/helper-module-transforms Completed in 0ms
895 timing idealTree:node_modules/@babel/helper-validator-option Completed in 0ms
896 timing idealTree:node_modules/@babel/helpers Completed in 0ms
897 silly placeDep ROOT @babel/helper-plugin-utils@7.29.7 OK for: @babel/plugin-transform-react-jsx-self@7.29.7 want: ^7.29.7
898 timing idealTree:node_modules/@babel/plugin-transform-react-jsx-self Completed in 2ms
899 timing idealTree:node_modules/@babel/helper-plugin-utils Completed in 0ms
900 timing idealTree:node_modules/@babel/plugin-transform-react-jsx-source Completed in 0ms
901 timing idealTree:node_modules/@rolldown/pluginutils Completed in 0ms
902 silly placeDep ROOT @types/babel__generator@7.27.0 OK for: @types/babel__core@7.20.5 want: *
903 silly placeDep ROOT @types/babel__template@7.4.4 OK for: @types/babel__core@7.20.5 want: *
904 silly placeDep ROOT @types/babel__traverse@7.28.0 OK for: @types/babel__core@7.20.5 want: *
905 timing idealTree:node_modules/@types/babel__core Completed in 6ms
906 timing idealTree:node_modules/@types/babel__generator Completed in 0ms
907 timing idealTree:node_modules/@types/babel__template Completed in 0ms
908 timing idealTree:node_modules/@types/babel__traverse Completed in 0ms
909 silly placeDep ROOT tslib@2.8.1 OK for: aria-hidden@1.2.6 want: ^2.0.0
910 timing idealTree:node_modules/aria-hidden Completed in 2ms
911 silly placeDep ROOT cosmiconfig@7.1.0 OK for: babel-plugin-macros@3.1.0 want: ^7.0.0
912 silly placeDep ROOT resolve@1.22.12 OK for: babel-plugin-macros@3.1.0 want: ^1.19.0
913 silly fetch manifest yaml@^1.10.0
914 silly fetch manifest path-type@^4.0.0
915 silly fetch manifest parse-json@^5.0.0
916 silly fetch manifest import-fresh@^3.2.1
917 silly fetch manifest @types/parse-json@^4.0.0
918 silly fetch manifest es-errors@^1.3.0
919 silly fetch manifest path-parse@^1.0.7
920 silly fetch manifest is-core-module@^2.16.1
921 silly fetch manifest supports-preserve-symlinks-flag@^1.0.0
922 http fetch GET 200 https://registry.npmjs.org/@types%2fparse-json 115ms (cache miss)
923 http fetch GET 200 https://registry.npmjs.org/path-parse 114ms (cache miss)
924 http fetch GET 200 https://registry.npmjs.org/path-type 120ms (cache miss)
925 http fetch GET 200 https://registry.npmjs.org/parse-json 120ms (cache miss)
926 http fetch GET 200 https://registry.npmjs.org/import-fresh 120ms (cache miss)
927 http fetch GET 200 https://registry.npmjs.org/es-errors 124ms (cache miss)
928 http fetch GET 200 https://registry.npmjs.org/is-core-module 119ms (cache miss)
929 http fetch GET 200 https://registry.npmjs.org/supports-preserve-symlinks-flag 118ms (cache miss)
930 timing idealTree:node_modules/babel-plugin-macros Completed in 134ms
931 silly fetch manifest browserslist@>= 4.21.0
932 silly placeDep ROOT baseline-browser-mapping@2.10.42 OK for: browserslist@4.28.4 want: ^2.10.38
933 silly placeDep ROOT caniuse-lite@1.0.30001802 OK for: browserslist@4.28.4 want: ^1.0.30001799
934 silly placeDep ROOT electron-to-chromium@1.5.387 OK for: browserslist@4.28.4 want: ^1.5.376
935 silly placeDep ROOT node-releases@2.0.50 OK for: browserslist@4.28.4 want: ^2.0.48
936 silly placeDep ROOT update-browserslist-db@1.2.3 OK for: browserslist@4.28.4 want: ^1.2.3
937 silly fetch manifest escalade@^3.2.0
938 http fetch GET 200 https://registry.npmjs.org/escalade 46ms (cache miss)
939 timing idealTree:node_modules/browserslist Completed in 56ms
940 timing idealTree:node_modules/baseline-browser-mapping Completed in 0ms
941 timing idealTree:node_modules/caniuse-lite Completed in 0ms
942 timing idealTree:node_modules/canvas-confetti Completed in 0ms
943 timing idealTree:node_modules/class-variance-authority Completed in 0ms
944 timing idealTree:node_modules/clsx Completed in 0ms
945 timing idealTree:node_modules/cmdk Completed in 0ms
946 timing idealTree:node_modules/convert-source-map Completed in 0ms
947 silly placeDep ROOT @types/parse-json@4.0.2 OK for: cosmiconfig@7.1.0 want: ^4.0.0
948 silly placeDep ROOT import-fresh@3.3.1 OK for: cosmiconfig@7.1.0 want: ^3.2.1
949 silly placeDep ROOT parse-json@5.2.0 OK for: cosmiconfig@7.1.0 want: ^5.0.0
950 silly placeDep ROOT path-type@4.0.0 OK for: cosmiconfig@7.1.0 want: ^4.0.0
951 silly placeDep ROOT yaml@1.10.3 OK for: cosmiconfig@7.1.0 want: ^1.10.0
952 silly fetch manifest resolve-from@^4.0.0
953 silly fetch manifest parent-module@^1.0.0
954 silly fetch manifest error-ex@^1.3.1
955 silly fetch manifest lines-and-columns@^1.1.6
956 silly fetch manifest json-parse-even-better-errors@^2.3.0
957 http fetch GET 200 https://registry.npmjs.org/lines-and-columns 58ms (cache miss)
958 http fetch GET 200 https://registry.npmjs.org/error-ex 62ms (cache miss)
959 http fetch GET 200 https://registry.npmjs.org/resolve-from 64ms (cache miss)
960 http fetch GET 200 https://registry.npmjs.org/parent-module 64ms (cache miss)
961 http fetch GET 200 https://registry.npmjs.org/json-parse-even-better-errors 61ms (cache miss)
962 timing idealTree:node_modules/cosmiconfig Completed in 73ms
963 timing idealTree:node_modules/@types/parse-json Completed in 0ms
964 timing idealTree:node_modules/csstype Completed in 0ms
965 timing idealTree:node_modules/date-fns Completed in 0ms
966 silly placeDep ROOT ms@2.1.3 OK for: debug@4.4.3 want: ^2.1.3
967 timing idealTree:node_modules/debug Completed in 1ms
968 timing idealTree:node_modules/detect-libc Completed in 0ms
969 timing idealTree:node_modules/electron-to-chromium Completed in 0ms
970 silly placeDep ROOT embla-carousel@8.6.0 OK for: embla-carousel-react@8.6.0 want: 8.6.0
971 silly placeDep ROOT embla-carousel-reactive-utils@8.6.0 OK for: embla-carousel-react@8.6.0 want: 8.6.0
972 timing idealTree:node_modules/embla-carousel-react Completed in 4ms
973 timing idealTree:node_modules/embla-carousel Completed in 0ms
974 timing idealTree:node_modules/embla-carousel-reactive-utils Completed in 0ms
975 silly placeDep ROOT graceful-fs@4.2.11 OK for: enhanced-resolve@5.24.1 want: ^4.2.4
976 silly placeDep ROOT tapable@2.3.3 OK for: enhanced-resolve@5.24.1 want: ^2.3.3
977 timing idealTree:node_modules/enhanced-resolve Completed in 2ms
978 timing idealTree:node_modules/escape-string-regexp Completed in 0ms
979 timing idealTree:node_modules/find-root Completed in 0ms
980 timing idealTree:node_modules/gensync Completed in 0ms
981 timing idealTree:node_modules/graceful-fs Completed in 0ms
982 silly placeDep node_modules/hoist-non-react-statics react-is@16.13.1 OK for: hoist-non-react-statics@3.3.2 want: ^16.7.0
983 timing idealTree:node_modules/hoist-non-react-statics Completed in 1ms
984 silly placeDep ROOT parent-module@1.0.1 OK for: import-fresh@3.3.1 want: ^1.0.0
985 silly placeDep ROOT resolve-from@4.0.0 OK for: import-fresh@3.3.1 want: ^4.0.0
986 silly fetch manifest callsites@^3.0.0
987 http fetch GET 200 https://registry.npmjs.org/callsites 46ms (cache miss)
988 timing idealTree:node_modules/import-fresh Completed in 50ms
989 timing idealTree:node_modules/input-otp Completed in 0ms
990 timing idealTree:node_modules/jiti Completed in 0ms
991 timing idealTree:node_modules/js-tokens Completed in 0ms
992 timing idealTree:node_modules/jsesc Completed in 0ms
993 timing idealTree:node_modules/json5 Completed in 0ms
994 silly placeDep ROOT lightningcss-darwin-arm64@1.30.1 OK for: lightningcss@1.30.1 want: 1.30.1
995 silly placeDep ROOT lightningcss-darwin-x64@1.30.1 OK for: lightningcss@1.30.1 want: 1.30.1
996 silly placeDep ROOT lightningcss-freebsd-x64@1.30.1 OK for: lightningcss@1.30.1 want: 1.30.1
997 silly placeDep ROOT lightningcss-linux-arm-gnueabihf@1.30.1 OK for: lightningcss@1.30.1 want: 1.30.1
998 silly placeDep ROOT lightningcss-linux-arm64-gnu@1.30.1 OK for: lightningcss@1.30.1 want: 1.30.1
999 silly placeDep ROOT lightningcss-linux-arm64-musl@1.30.1 OK for: lightningcss@1.30.1 want: 1.30.1
1000 silly placeDep ROOT lightningcss-linux-x64-gnu@1.30.1 OK for: lightningcss@1.30.1 want: 1.30.1
1001 silly placeDep ROOT lightningcss-linux-x64-musl@1.30.1 OK for: lightningcss@1.30.1 want: 1.30.1
1002 silly placeDep ROOT lightningcss-win32-arm64-msvc@1.30.1 OK for: lightningcss@1.30.1 want: 1.30.1
1003 silly placeDep ROOT lightningcss-win32-x64-msvc@1.30.1 OK for: lightningcss@1.30.1 want: 1.30.1
1004 timing idealTree:node_modules/lightningcss Completed in 10ms
1005 timing idealTree:node_modules/lightningcss-darwin-arm64 Completed in 0ms
1006 timing idealTree:node_modules/lightningcss-darwin-x64 Completed in 0ms
1007 timing idealTree:node_modules/lightningcss-freebsd-x64 Completed in 0ms
1008 timing idealTree:node_modules/lightningcss-linux-arm-gnueabihf Completed in 0ms
1009 timing idealTree:node_modules/lightningcss-linux-arm64-gnu Completed in 0ms
1010 timing idealTree:node_modules/lightningcss-linux-arm64-musl Completed in 0ms
1011 timing idealTree:node_modules/lightningcss-linux-x64-gnu Completed in 0ms
1012 timing idealTree:node_modules/lightningcss-linux-x64-musl Completed in 0ms
1013 timing idealTree:node_modules/lightningcss-win32-arm64-msvc Completed in 0ms
1014 timing idealTree:node_modules/lightningcss-win32-x64-msvc Completed in 0ms
1015 silly placeDep ROOT yallist@3.1.1 OK for: lru-cache@5.1.1 want: ^3.0.2
1016 timing idealTree:node_modules/lru-cache Completed in 1ms
1017 timing idealTree:node_modules/lucide-react Completed in 0ms
1018 timing idealTree:node_modules/magic-string Completed in 0ms
1019 silly fetch manifest react@^18.0.0 || ^19.0.0
1020 silly fetch manifest react-dom@^18.0.0 || ^19.0.0
1021 silly placeDep ROOT framer-motion@12.42.2 OK for: motion@12.23.24 want: ^12.23.24
1022 silly fetch manifest motion-dom@^12.42.2
1023 silly fetch manifest motion-utils@^12.39.0
1024 http fetch GET 200 https://registry.npmjs.org/motion-utils 46ms (cache miss)
1025 http fetch GET 200 https://registry.npmjs.org/motion-dom 250ms (cache miss)
1026 timing idealTree:node_modules/motion Completed in 257ms
1027 silly placeDep ROOT motion-dom@12.42.2 OK for: framer-motion@12.42.2 want: ^12.42.2
1028 silly placeDep ROOT motion-utils@12.39.0 OK for: framer-motion@12.42.2 want: ^12.39.0
1029 timing idealTree:node_modules/framer-motion Completed in 3ms
1030 timing idealTree:node_modules/motion-dom Completed in 0ms
1031 timing idealTree:node_modules/motion-utils Completed in 0ms
1032 timing idealTree:node_modules/ms Completed in 0ms
1033 timing idealTree:node_modules/next-themes Completed in 0ms
1034 timing idealTree:node_modules/node-releases Completed in 0ms
1035 silly placeDep ROOT callsites@3.1.0 OK for: parent-module@1.0.1 want: ^3.0.0
1036 timing idealTree:node_modules/parent-module Completed in 1ms
1037 timing idealTree:node_modules/callsites Completed in 0ms
1038 silly placeDep ROOT error-ex@1.3.4 OK for: parse-json@5.2.0 want: ^1.3.1
1039 silly placeDep ROOT json-parse-even-better-errors@2.3.1 OK for: parse-json@5.2.0 want: ^2.3.0
1040 silly placeDep ROOT lines-and-columns@1.2.4 OK for: parse-json@5.2.0 want: ^1.1.6
1041 silly fetch manifest is-arrayish@^0.2.1
1042 http fetch GET 200 https://registry.npmjs.org/is-arrayish 39ms (cache miss)
1043 timing idealTree:node_modules/parse-json Completed in 45ms
1044 silly placeDep ROOT is-arrayish@0.2.1 OK for: error-ex@1.3.4 want: ^0.2.1
1045 timing idealTree:node_modules/error-ex Completed in 2ms
1046 timing idealTree:node_modules/is-arrayish Completed in 0ms
1047 timing idealTree:node_modules/json-parse-even-better-errors Completed in 0ms
1048 timing idealTree:node_modules/lines-and-columns Completed in 0ms
1049 timing idealTree:node_modules/path-type Completed in 1ms
1050 timing idealTree:node_modules/picocolors Completed in 0ms
1051 silly placeDep ROOT loose-envify@1.4.0 OK for: prop-types@15.8.1 want: ^1.4.0
1052 silly placeDep ROOT object-assign@4.1.1 OK for: prop-types@15.8.1 want: ^4.1.1
1053 silly placeDep node_modules/prop-types react-is@16.13.1 OK for: prop-types@15.8.1 want: ^16.13.1
1054 timing idealTree:node_modules/prop-types Completed in 5ms
1055 timing idealTree:node_modules/loose-envify Completed in 0ms
1056 timing idealTree:node_modules/object-assign Completed in 0ms
1057 timing idealTree:node_modules/react Completed in 0ms
1058 timing idealTree:node_modules/react-day-picker Completed in 0ms
1059 silly placeDep ROOT @react-dnd/invariant@4.0.2 OK for: react-dnd@16.0.1 want: ^4.0.1
1060 silly placeDep ROOT @react-dnd/shallowequal@4.0.2 OK for: react-dnd@16.0.1 want: ^4.0.1
1061 silly placeDep ROOT dnd-core@16.0.1 OK for: react-dnd@16.0.1 want: ^16.0.1
1062 silly placeDep ROOT fast-deep-equal@3.1.3 OK for: react-dnd@16.0.1 want: ^3.1.3
1063 silly fetch manifest @react-dnd/asap@^5.0.1
1064 silly fetch manifest redux@^4.2.0
1065 http fetch GET 200 https://registry.npmjs.org/redux 65ms (cache miss)
1066 http fetch GET 200 https://registry.npmjs.org/@react-dnd%2fasap 509ms (cache miss)
1067 timing idealTree:node_modules/react-dnd Completed in 517ms
1068 timing idealTree:node_modules/@react-dnd/invariant Completed in 0ms
1069 timing idealTree:node_modules/@react-dnd/shallowequal Completed in 0ms
1070 silly placeDep ROOT @react-dnd/asap@5.0.2 OK for: dnd-core@16.0.1 want: ^5.0.1
1071 silly placeDep ROOT redux@4.2.1 OK for: dnd-core@16.0.1 want: ^4.2.0
1072 timing idealTree:node_modules/dnd-core Completed in 3ms
1073 timing idealTree:node_modules/@react-dnd/asap Completed in 0ms
1074 timing idealTree:node_modules/fast-deep-equal Completed in 0ms
1075 timing idealTree:node_modules/react-dnd-html5-backend Completed in 0ms
1076 silly placeDep ROOT scheduler@0.23.2 OK for: react-dom@18.3.1 want: ^0.23.2
1077 timing idealTree:node_modules/react-dom Completed in 1ms
1078 timing idealTree:node_modules/react-hook-form Completed in 0ms
1079 timing idealTree:node_modules/react-is Completed in 0ms
1080 silly placeDep ROOT react-fast-compare@3.2.2 OK for: react-popper@2.3.0 want: ^3.0.1
1081 silly placeDep ROOT warning@4.0.3 OK for: react-popper@2.3.0 want: ^4.0.2
1082 timing idealTree:node_modules/react-popper Completed in 2ms
1083 timing idealTree:node_modules/react-fast-compare Completed in 1ms
1084 timing idealTree:node_modules/react-refresh Completed in 0ms
1085 silly fetch manifest react@^16.8.0 || ^17.0.0 || ^18.0.0 || ^19.0.0 || ^19.0.0-rc
1086 silly placeDep ROOT react-remove-scroll-bar@2.3.8 OK for: react-remove-scroll@2.7.2 want: ^2.3.7
1087 silly placeDep ROOT react-style-singleton@2.2.3 OK for: react-remove-scroll@2.7.2 want: ^2.2.3
1088 silly placeDep ROOT use-callback-ref@1.3.3 OK for: react-remove-scroll@2.7.2 want: ^1.3.3
1089 silly placeDep ROOT use-sidecar@1.1.3 OK for: react-remove-scroll@2.7.2 want: ^1.1.3
1090 silly fetch manifest get-nonce@^1.0.0
1091 silly fetch manifest detect-node-es@^1.1.0
1092 http fetch GET 200 https://registry.npmjs.org/get-nonce 44ms (cache miss)
1093 http fetch GET 200 https://registry.npmjs.org/detect-node-es 44ms (cache miss)
1094 timing idealTree:node_modules/react-remove-scroll Completed in 59ms
1095 timing idealTree:node_modules/react-remove-scroll-bar Completed in 0ms
1096 timing idealTree:node_modules/react-resizable-panels Completed in 0ms
1097 timing idealTree:node_modules/react-responsive-masonry Completed in 0ms
1098 silly placeDep ROOT cookie@1.1.1 OK for: react-router@7.13.0 want: ^1.0.1
1099 silly placeDep ROOT set-cookie-parser@2.7.2 OK for: react-router@7.13.0 want: ^2.6.0
1100 timing idealTree:node_modules/react-router Completed in 2ms
1101 timing idealTree:node_modules/cookie Completed in 0ms
1102 silly placeDep ROOT classnames@2.5.1 OK for: react-slick@0.31.0 want: ^2.2.5
1103 silly placeDep ROOT json2mq@0.2.0 OK for: react-slick@0.31.0 want: ^0.2.0
1104 silly placeDep ROOT lodash.debounce@4.0.8 OK for: react-slick@0.31.0 want: ^4.0.8
1105 silly placeDep ROOT resize-observer-polyfill@1.5.1 OK for: react-slick@0.31.0 want: ^1.5.0
1106 silly fetch manifest string-convert@^0.2.0
1107 http fetch GET 200 https://registry.npmjs.org/string-convert 246ms (cache miss)
1108 timing idealTree:node_modules/react-slick Completed in 250ms
1109 timing idealTree:node_modules/classnames Completed in 1ms
1110 silly placeDep ROOT string-convert@0.2.1 OK for: json2mq@0.2.0 want: ^0.2.0
1111 timing idealTree:node_modules/json2mq Completed in 1ms
1112 timing idealTree:node_modules/lodash.debounce Completed in 0ms
1113 silly placeDep ROOT get-nonce@1.0.1 OK for: react-style-singleton@2.2.3 want: ^1.0.0
1114 timing idealTree:node_modules/react-style-singleton Completed in 2ms
1115 timing idealTree:node_modules/get-nonce Completed in 0ms
1116 silly placeDep ROOT dom-helpers@5.2.1 OK for: react-transition-group@4.4.5 want: ^5.0.1
1117 timing idealTree:node_modules/react-transition-group Completed in 2ms
1118 timing idealTree:node_modules/dom-helpers Completed in 0ms
1119 silly fetch manifest react@^16.0.0 || ^17.0.0 || ^18.0.0 || ^19.0.0
1120 silly fetch manifest react-dom@^16.0.0 || ^17.0.0 || ^18.0.0 || ^19.0.0
1121 silly placeDep ROOT eventemitter3@4.0.7 OK for: recharts@2.15.2 want: ^4.0.1
1122 silly placeDep ROOT lodash@4.18.1 OK for: recharts@2.15.2 want: ^4.17.21
1123 silly placeDep node_modules/recharts react-is@18.3.1 OK for: recharts@2.15.2 want: ^18.3.1
1124 silly placeDep ROOT react-smooth@4.0.4 OK for: recharts@2.15.2 want: ^4.0.4
1125 silly placeDep ROOT recharts-scale@0.4.5 OK for: recharts@2.15.2 want: ^0.4.4
1126 silly placeDep ROOT tiny-invariant@1.3.3 OK for: recharts@2.15.2 want: ^1.3.1
1127 silly placeDep ROOT victory-vendor@36.9.2 OK for: recharts@2.15.2 want: ^36.6.8
1128 silly fetch manifest fast-equals@^5.0.1
1129 silly fetch manifest decimal.js-light@^2.4.1
1130 silly fetch manifest d3-ease@^3.0.1
1131 silly fetch manifest d3-time@^3.0.0
1132 silly fetch manifest d3-array@^3.1.6
1133 silly fetch manifest d3-scale@^4.0.2
1134 silly fetch manifest d3-shape@^3.1.0
1135 silly fetch manifest d3-timer@^3.0.1
1136 silly fetch manifest @types/d3-ease@^3.0.0
1137 silly fetch manifest @types/d3-time@^3.0.0
1138 silly fetch manifest d3-interpolate@^3.0.1
1139 silly fetch manifest @types/d3-array@^3.0.3
1140 silly fetch manifest @types/d3-scale@^4.0.2
1141 silly fetch manifest @types/d3-shape@^3.1.0
1142 silly fetch manifest @types/d3-timer@^3.0.0
1143 silly fetch manifest @types/d3-interpolate@^3.0.1
1144 http fetch GET 200 https://registry.npmjs.org/d3-timer 81ms (cache miss)
1145 http fetch GET 200 https://registry.npmjs.org/d3-array 89ms (cache miss)
1146 http fetch GET 200 https://registry.npmjs.org/d3-scale 86ms (cache miss)
1147 http fetch GET 200 https://registry.npmjs.org/d3-shape 97ms (cache miss)
1148 http fetch GET 200 https://registry.npmjs.org/d3-time 107ms (cache miss)
1149 http fetch GET 200 https://registry.npmjs.org/d3-ease 115ms (cache miss)
1150 http fetch GET 200 https://registry.npmjs.org/@types%2fd3-array 108ms (cache miss)
1151 http fetch GET 200 https://registry.npmjs.org/@types%2fd3-ease 116ms (cache miss)
1152 http fetch GET 200 https://registry.npmjs.org/@types%2fd3-shape 113ms (cache miss)
1153 http fetch GET 200 https://registry.npmjs.org/@types%2fd3-time 119ms (cache miss)
1154 http fetch GET 200 https://registry.npmjs.org/fast-equals 131ms (cache miss)
1155 http fetch GET 200 https://registry.npmjs.org/@types%2fd3-interpolate 125ms (cache miss)
1156 http fetch GET 200 https://registry.npmjs.org/decimal.js-light 312ms (cache miss)
1157 http fetch GET 200 https://registry.npmjs.org/d3-interpolate 321ms (cache miss)
1158 http fetch GET 200 https://registry.npmjs.org/@types%2fd3-timer 337ms (cache miss)
1159 http fetch GET 200 https://registry.npmjs.org/@types%2fd3-scale 345ms (cache miss)
1160 timing idealTree:node_modules/recharts Completed in 373ms
1161 timing idealTree:node_modules/eventemitter3 Completed in 0ms
1162 timing idealTree:node_modules/lodash Completed in 0ms
1163 silly placeDep ROOT fast-equals@5.4.0 OK for: react-smooth@4.0.4 want: ^5.0.1
1164 timing idealTree:node_modules/react-smooth Completed in 2ms
1165 timing idealTree:node_modules/fast-equals Completed in 0ms
1166 silly placeDep ROOT decimal.js-light@2.5.1 OK for: recharts-scale@0.4.5 want: ^2.4.1
1167 timing idealTree:node_modules/recharts-scale Completed in 2ms
1168 timing idealTree:node_modules/decimal.js-light Completed in 1ms
1169 timing idealTree:node_modules/redux Completed in 0ms
1170 timing idealTree:node_modules/resize-observer-polyfill Completed in 0ms
1171 silly placeDep ROOT es-errors@1.3.0 OK for: resolve@1.22.12 want: ^1.3.0
1172 silly placeDep ROOT is-core-module@2.16.2 OK for: resolve@1.22.12 want: ^2.16.1
1173 silly placeDep ROOT path-parse@1.0.7 OK for: resolve@1.22.12 want: ^1.0.7
1174 silly placeDep ROOT supports-preserve-symlinks-flag@1.0.0 OK for: resolve@1.22.12 want: ^1.0.0
1175 silly fetch manifest hasown@^2.0.3
1176 http fetch GET 200 https://registry.npmjs.org/hasown 66ms (cache miss)
1177 timing idealTree:node_modules/resolve Completed in 74ms
1178 timing idealTree:node_modules/es-errors Completed in 0ms
1179 silly placeDep ROOT hasown@2.0.4 OK for: is-core-module@2.16.2 want: ^2.0.3
1180 silly fetch manifest function-bind@^1.1.2
1181 http fetch GET 200 https://registry.npmjs.org/function-bind 55ms (cache miss)
1182 timing idealTree:node_modules/is-core-module Completed in 60ms
1183 silly placeDep ROOT function-bind@1.1.2 OK for: hasown@2.0.4 want: ^1.1.2
1184 timing idealTree:node_modules/hasown Completed in 1ms
1185 timing idealTree:node_modules/function-bind Completed in 0ms
1186 timing idealTree:node_modules/path-parse Completed in 0ms
1187 timing idealTree:node_modules/resolve-from Completed in 0ms
1188 timing idealTree:node_modules/scheduler Completed in 0ms
1189 timing idealTree:node_modules/semver Completed in 0ms
1190 timing idealTree:node_modules/set-cookie-parser Completed in 0ms
1191 timing idealTree:node_modules/sonner Completed in 0ms
1192 timing idealTree:node_modules/source-map Completed in 0ms
1193 timing idealTree:node_modules/source-map-js Completed in 0ms
1194 timing idealTree:node_modules/string-convert Completed in 0ms
1195 timing idealTree:node_modules/stylis Completed in 0ms
1196 timing idealTree:node_modules/supports-preserve-symlinks-flag Completed in 0ms
1197 timing idealTree:node_modules/tailwind-merge Completed in 0ms
1198 timing idealTree:node_modules/tailwindcss Completed in 0ms
1199 timing idealTree:node_modules/tapable Completed in 0ms
1200 silly placeDep ROOT @isaacs/fs-minipass@4.0.1 OK for: tar@7.5.19 want: ^4.0.0
1201 silly placeDep ROOT chownr@3.0.0 OK for: tar@7.5.19 want: ^3.0.0
1202 silly placeDep ROOT minipass@7.1.3 OK for: tar@7.5.19 want: ^7.1.2
1203 silly placeDep ROOT minizlib@3.1.0 OK for: tar@7.5.19 want: ^3.1.0
1204 silly placeDep node_modules/tar yallist@5.0.0 OK for: tar@7.5.19 want: ^5.0.0
1205 timing idealTree:node_modules/tar Completed in 7ms
1206 timing idealTree:node_modules/@isaacs/fs-minipass Completed in 0ms
1207 timing idealTree:node_modules/chownr Completed in 0ms
1208 timing idealTree:node_modules/minipass Completed in 0ms
1209 timing idealTree:node_modules/minizlib Completed in 0ms
1210 timing idealTree:node_modules/tiny-invariant Completed in 0ms
1211 timing idealTree:node_modules/tslib Completed in 0ms
1212 timing idealTree:node_modules/tw-animate-css Completed in 0ms
1213 silly placeDep ROOT escalade@3.2.0 OK for: update-browserslist-db@1.2.3 want: ^3.2.0
1214 timing idealTree:node_modules/update-browserslist-db Completed in 2ms
1215 timing idealTree:node_modules/escalade Completed in 0ms
1216 timing idealTree:node_modules/use-callback-ref Completed in 0ms
1217 silly placeDep ROOT detect-node-es@1.1.0 OK for: use-sidecar@1.1.3 want: ^1.1.0
1218 timing idealTree:node_modules/use-sidecar Completed in 1ms
1219 timing idealTree:node_modules/detect-node-es Completed in 0ms
1220 timing idealTree:node_modules/vaul Completed in 0ms
1221 silly placeDep ROOT @types/d3-array@3.2.2 OK for: victory-vendor@36.9.2 want: ^3.0.3
1222 silly placeDep ROOT @types/d3-ease@3.0.2 OK for: victory-vendor@36.9.2 want: ^3.0.0
1223 silly placeDep ROOT @types/d3-interpolate@3.0.4 OK for: victory-vendor@36.9.2 want: ^3.0.1
1224 silly placeDep ROOT @types/d3-scale@4.0.9 OK for: victory-vendor@36.9.2 want: ^4.0.2
1225 silly placeDep ROOT @types/d3-shape@3.1.8 OK for: victory-vendor@36.9.2 want: ^3.1.0
1226 silly placeDep ROOT @types/d3-time@3.0.4 OK for: victory-vendor@36.9.2 want: ^3.0.0
1227 silly placeDep ROOT @types/d3-timer@3.0.2 OK for: victory-vendor@36.9.2 want: ^3.0.0
1228 silly placeDep ROOT d3-array@3.2.4 OK for: victory-vendor@36.9.2 want: ^3.1.6
1229 silly placeDep ROOT d3-ease@3.0.1 OK for: victory-vendor@36.9.2 want: ^3.0.1
1230 silly placeDep ROOT d3-interpolate@3.0.1 OK for: victory-vendor@36.9.2 want: ^3.0.1
1231 silly placeDep ROOT d3-scale@4.0.2 OK for: victory-vendor@36.9.2 want: ^4.0.2
1232 silly placeDep ROOT d3-shape@3.2.0 OK for: victory-vendor@36.9.2 want: ^3.1.0
1233 silly placeDep ROOT d3-time@3.1.0 OK for: victory-vendor@36.9.2 want: ^3.0.0
1234 silly placeDep ROOT d3-timer@3.0.1 OK for: victory-vendor@36.9.2 want: ^3.0.1
1235 silly fetch manifest @types/d3-color@*
1236 silly fetch manifest @types/d3-path@*
1237 silly fetch manifest internmap@1 - 2
1238 silly fetch manifest d3-color@1 - 3
1239 silly fetch manifest d3-format@1 - 3
1240 silly fetch manifest d3-time-format@2 - 4
1241 silly fetch manifest d3-path@^3.1.0
1242 http fetch GET 200 https://registry.npmjs.org/internmap 57ms (cache miss)
1243 http fetch GET 200 https://registry.npmjs.org/d3-path 54ms (cache miss)
1244 http fetch GET 200 https://registry.npmjs.org/d3-format 58ms (cache miss)
1245 http fetch GET 200 https://registry.npmjs.org/d3-time-format 61ms (cache miss)
1246 http fetch GET 200 https://registry.npmjs.org/@types%2fd3-color 75ms (cache miss)
1247 http fetch GET 200 https://registry.npmjs.org/d3-color 239ms (cache miss)
1248 http fetch GET 200 https://registry.npmjs.org/@types%2fd3-path 465ms (cache miss)
1249 timing idealTree:node_modules/victory-vendor Completed in 488ms
1250 timing idealTree:node_modules/@types/d3-array Completed in 1ms
1251 timing idealTree:node_modules/@types/d3-ease Completed in 0ms
1252 silly placeDep ROOT @types/d3-color@3.1.3 OK for: @types/d3-interpolate@3.0.4 want: *
1253 timing idealTree:node_modules/@types/d3-interpolate Completed in 1ms
1254 timing idealTree:node_modules/@types/d3-color Completed in 0ms
1255 timing idealTree:node_modules/@types/d3-scale Completed in 0ms
1256 silly placeDep ROOT @types/d3-path@3.1.1 OK for: @types/d3-shape@3.1.8 want: *
1257 timing idealTree:node_modules/@types/d3-shape Completed in 1ms
1258 timing idealTree:node_modules/@types/d3-path Completed in 0ms
1259 timing idealTree:node_modules/@types/d3-time Completed in 0ms
1260 timing idealTree:node_modules/@types/d3-timer Completed in 0ms
1261 silly placeDep ROOT internmap@2.0.3 OK for: d3-array@3.2.4 want: 1 - 2
1262 timing idealTree:node_modules/d3-array Completed in 1ms
1263 timing idealTree:node_modules/d3-ease Completed in 0ms
1264 silly placeDep ROOT d3-color@3.1.0 OK for: d3-interpolate@3.0.1 want: 1 - 3
1265 timing idealTree:node_modules/d3-interpolate Completed in 0ms
1266 timing idealTree:node_modules/d3-color Completed in 0ms
1267 silly placeDep ROOT d3-format@3.1.2 OK for: d3-scale@4.0.2 want: 1 - 3
1268 silly placeDep ROOT d3-time-format@4.1.0 OK for: d3-scale@4.0.2 want: 2 - 4
1269 timing idealTree:node_modules/d3-scale Completed in 1ms
1270 timing idealTree:node_modules/d3-format Completed in 0ms
1271 silly placeDep ROOT d3-path@3.1.0 OK for: d3-shape@3.2.0 want: ^3.1.0
1272 timing idealTree:node_modules/d3-shape Completed in 0ms
1273 timing idealTree:node_modules/d3-path Completed in 0ms
1274 timing idealTree:node_modules/d3-time Completed in 0ms
1275 timing idealTree:node_modules/d3-time-format Completed in 0ms
1276 timing idealTree:node_modules/d3-timer Completed in 0ms
1277 timing idealTree:node_modules/internmap Completed in 0ms
1278 silly placeDep ROOT esbuild@0.25.12 OK for: vite@6.3.5 want: ^0.25.0
1279 silly placeDep ROOT fdir@6.5.0 OK for: vite@6.3.5 want: ^6.4.4
1280 silly placeDep ROOT fsevents@2.3.3 OK for: vite@6.3.5 want: ~2.3.3
1281 silly placeDep ROOT picomatch@4.0.5 OK for: vite@6.3.5 want: ^4.0.2
1282 silly placeDep ROOT postcss@8.5.16 OK for: vite@6.3.5 want: ^8.5.3
1283 silly placeDep ROOT rollup@4.62.2 OK for: vite@6.3.5 want: ^4.34.9
1284 silly placeDep ROOT tinyglobby@0.2.17 OK for: vite@6.3.5 want: ^0.2.13
1285 silly placeDep ROOT yaml@2.9.0 REPLACE for: vite@6.3.5 want: ^2.4.2
1286 silly fetch manifest @esbuild/aix-ppc64@0.25.12
1287 silly fetch manifest @esbuild/linux-arm@0.25.12
1288 silly fetch manifest @esbuild/linux-x64@0.25.12
1289 silly fetch manifest @esbuild/sunos-x64@0.25.12
1290 silly fetch manifest @esbuild/win32-x64@0.25.12
1291 silly fetch manifest @esbuild/darwin-x64@0.25.12
1292 silly fetch manifest @esbuild/linux-ia32@0.25.12
1293 silly fetch manifest @esbuild/netbsd-x64@0.25.12
1294 silly fetch manifest @esbuild/win32-ia32@0.25.12
1295 silly fetch manifest @esbuild/android-arm@0.25.12
1296 silly fetch manifest @esbuild/android-x64@0.25.12
1297 silly fetch manifest @esbuild/freebsd-x64@0.25.12
1298 silly fetch manifest @esbuild/linux-arm64@0.25.12
1299 silly fetch manifest @esbuild/linux-ppc64@0.25.12
1300 silly fetch manifest @esbuild/linux-s390x@0.25.12
1301 silly fetch manifest @esbuild/openbsd-x64@0.25.12
1302 silly fetch manifest @esbuild/win32-arm64@0.25.12
1303 silly fetch manifest @esbuild/darwin-arm64@0.25.12
1304 silly fetch manifest @esbuild/netbsd-arm64@0.25.12
1305 silly fetch manifest @esbuild/android-arm64@0.25.12
1306 silly fetch manifest @esbuild/freebsd-arm64@0.25.12
1307 silly fetch manifest @esbuild/linux-loong64@0.25.12
1308 silly fetch manifest @esbuild/linux-riscv64@0.25.12
1309 silly fetch manifest @esbuild/openbsd-arm64@0.25.12
1310 silly fetch manifest @esbuild/linux-mips64el@0.25.12
1311 silly fetch manifest @esbuild/openharmony-arm64@0.25.12
1312 silly fetch manifest nanoid@^3.3.12
1313 silly fetch manifest @types/estree@1.0.9
1314 silly fetch manifest @rollup/rollup-darwin-arm64@4.62.2
1315 silly fetch manifest @rollup/rollup-android-arm64@4.62.2
1316 silly fetch manifest @rollup/rollup-win32-arm64-msvc@4.62.2
1317 silly fetch manifest @rollup/rollup-freebsd-arm64@4.62.2
1318 silly fetch manifest @rollup/rollup-linux-arm64-gnu@4.62.2
1319 silly fetch manifest @rollup/rollup-linux-arm64-musl@4.62.2
1320 silly fetch manifest @rollup/rollup-android-arm-eabi@4.62.2
1321 silly fetch manifest @rollup/rollup-linux-arm-gnueabihf@4.62.2
1322 silly fetch manifest @rollup/rollup-linux-arm-musleabihf@4.62.2
1323 silly fetch manifest @rollup/rollup-win32-ia32-msvc@4.62.2
1324 silly fetch manifest @rollup/rollup-linux-loong64-gnu@4.62.2
1325 silly fetch manifest @rollup/rollup-linux-loong64-musl@4.62.2
1326 silly fetch manifest @rollup/rollup-linux-riscv64-gnu@4.62.2
1327 silly fetch manifest @rollup/rollup-linux-riscv64-musl@4.62.2
1328 silly fetch manifest @rollup/rollup-linux-ppc64-gnu@4.62.2
1329 silly fetch manifest @rollup/rollup-linux-ppc64-musl@4.62.2
1330 silly fetch manifest @rollup/rollup-linux-s390x-gnu@4.62.2
1331 silly fetch manifest @rollup/rollup-darwin-x64@4.62.2
1332 silly fetch manifest @rollup/rollup-win32-x64-gnu@4.62.2
1333 silly fetch manifest @rollup/rollup-win32-x64-msvc@4.62.2
1334 silly fetch manifest @rollup/rollup-freebsd-x64@4.62.2
1335 silly fetch manifest @rollup/rollup-linux-x64-gnu@4.62.2
1336 silly fetch manifest @rollup/rollup-linux-x64-musl@4.62.2
1337 silly fetch manifest @rollup/rollup-openbsd-x64@4.62.2
1338 silly fetch manifest @rollup/rollup-openharmony-arm64@4.62.2
1339 http fetch GET 200 https://registry.npmjs.org/@esbuild%2faix-ppc64 130ms (cache miss)
1340 http fetch GET 200 https://registry.npmjs.org/@esbuild%2fnetbsd-x64 134ms (cache miss)
1341 http fetch GET 200 https://registry.npmjs.org/@esbuild%2fdarwin-x64 147ms (cache miss)
1342 http fetch GET 200 https://registry.npmjs.org/@esbuild%2flinux-arm 155ms (cache miss)
1343 http fetch GET 200 https://registry.npmjs.org/@esbuild%2flinux-x64 155ms (cache miss)
1344 http fetch GET 200 https://registry.npmjs.org/@esbuild%2flinux-ppc64 148ms (cache miss)
1345 http fetch GET 200 https://registry.npmjs.org/@esbuild%2fwin32-ia32 151ms (cache miss)
1346 http fetch GET 200 https://registry.npmjs.org/@esbuild%2fsunos-x64 158ms (cache miss)
1347 http fetch GET 200 https://registry.npmjs.org/@esbuild%2flinux-arm64 158ms (cache miss)
1348 http fetch GET 200 https://registry.npmjs.org/@esbuild%2fnetbsd-arm64 170ms (cache miss)
1349 http fetch GET 200 https://registry.npmjs.org/@esbuild%2ffreebsd-arm64 186ms (cache miss)
1350 http fetch GET 200 https://registry.npmjs.org/@esbuild%2fandroid-arm64 190ms (cache miss)
1351 http fetch GET 200 https://registry.npmjs.org/@esbuild%2fopenbsd-arm64 209ms (cache miss)
1352 http fetch GET 200 https://registry.npmjs.org/@esbuild%2fdarwin-arm64 215ms (cache miss)
1353 http fetch GET 200 https://registry.npmjs.org/@esbuild%2flinux-loong64 214ms (cache miss)
1354 http fetch GET 200 https://registry.npmjs.org/@esbuild%2flinux-riscv64 216ms (cache miss)
1355 http fetch GET 200 https://registry.npmjs.org/@esbuild%2fopenharmony-arm64 231ms (cache miss)
1356 http fetch GET 200 https://registry.npmjs.org/nanoid 249ms (cache miss)
1357 http fetch GET 200 https://registry.npmjs.org/@types%2festree 253ms (cache miss)
1358 http fetch GET 200 https://registry.npmjs.org/@rollup%2frollup-win32-arm64-msvc 269ms (cache miss)
1359 http fetch GET 200 https://registry.npmjs.org/@rollup%2frollup-android-arm64 280ms (cache miss)
1360 http fetch GET 200 https://registry.npmjs.org/@esbuild%2flinux-ia32 331ms (cache miss)
1361 http fetch GET 200 https://registry.npmjs.org/@esbuild%2fandroid-x64 330ms (cache miss)
1362 http fetch GET 200 https://registry.npmjs.org/@esbuild%2fandroid-arm 339ms (cache miss)
1363 http fetch GET 200 https://registry.npmjs.org/@rollup%2frollup-linux-arm64-gnu 329ms (cache miss)
1364 http fetch GET 200 https://registry.npmjs.org/@esbuild%2ffreebsd-x64 351ms (cache miss)
1365 http fetch GET 200 https://registry.npmjs.org/@esbuild%2flinux-s390x 354ms (cache miss)
1366 http fetch GET 200 https://registry.npmjs.org/@esbuild%2fwin32-x64 375ms (cache miss)
1367 http fetch GET 200 https://registry.npmjs.org/@esbuild%2fopenbsd-x64 373ms (cache miss)
1368 http fetch GET 200 https://registry.npmjs.org/@rollup%2frollup-linux-arm-musleabihf 376ms (cache miss)
1369 http fetch GET 200 https://registry.npmjs.org/@rollup%2frollup-linux-loong64-musl 378ms (cache miss)
1370 http fetch GET 200 https://registry.npmjs.org/@rollup%2frollup-linux-riscv64-gnu 380ms (cache miss)
1371 http fetch GET 200 https://registry.npmjs.org/@rollup%2frollup-win32-ia32-msvc 384ms (cache miss)
1372 http fetch GET 200 https://registry.npmjs.org/@rollup%2frollup-linux-arm-gnueabihf 397ms (cache miss)
1373 http fetch GET 200 https://registry.npmjs.org/@esbuild%2flinux-mips64el 426ms (cache miss)
1374 http fetch GET 200 https://registry.npmjs.org/@rollup%2frollup-linux-ppc64-musl 423ms (cache miss)
1375 http fetch GET 200 https://registry.npmjs.org/@rollup%2frollup-freebsd-x64 417ms (cache miss)
1376 http fetch GET 200 https://registry.npmjs.org/@rollup%2frollup-darwin-arm64 473ms (cache miss)
1377 http fetch GET 200 https://registry.npmjs.org/@rollup%2frollup-freebsd-arm64 479ms (cache miss)
1378 http fetch GET 200 https://registry.npmjs.org/@rollup%2frollup-openbsd-x64 466ms (cache miss)
1379 http fetch GET 200 https://registry.npmjs.org/@rollup%2frollup-linux-x64-musl 467ms (cache miss)
1380 http fetch GET 200 https://registry.npmjs.org/@rollup%2frollup-linux-arm64-musl 500ms (cache miss)
1381 http fetch GET 200 https://registry.npmjs.org/@rollup%2frollup-openharmony-arm64 508ms (cache miss)
1382 http fetch GET 200 https://registry.npmjs.org/@rollup%2frollup-android-arm-eabi 529ms (cache miss)
1383 http fetch GET 200 https://registry.npmjs.org/@rollup%2frollup-linux-loong64-gnu 559ms (cache miss)
1384 http fetch GET 200 https://registry.npmjs.org/@esbuild%2fwin32-arm64 580ms (cache miss)
1385 http fetch GET 200 https://registry.npmjs.org/@rollup%2frollup-linux-riscv64-musl 561ms (cache miss)
1386 http fetch GET 200 https://registry.npmjs.org/@rollup%2frollup-linux-ppc64-gnu 595ms (cache miss)
1387 http fetch GET 200 https://registry.npmjs.org/@rollup%2frollup-win32-x64-gnu 604ms (cache miss)
1388 http fetch GET 200 https://registry.npmjs.org/@rollup%2frollup-linux-s390x-gnu 615ms (cache miss)
1389 http fetch GET 200 https://registry.npmjs.org/@rollup%2frollup-darwin-x64 622ms (cache miss)
1390 http fetch GET 200 https://registry.npmjs.org/@rollup%2frollup-win32-x64-msvc 631ms (cache miss)
1391 http fetch GET 200 https://registry.npmjs.org/@rollup%2frollup-linux-x64-gnu 674ms (cache miss)
1392 timing idealTree:node_modules/vite Completed in 734ms
1393 silly placeDep node_modules/cosmiconfig yaml@1.10.3 OK for: cosmiconfig@7.1.0 want: ^1.10.0
1394 timing idealTree:node_modules/cosmiconfig Completed in 2ms
1395 silly placeDep ROOT @esbuild/aix-ppc64@0.25.12 OK for: esbuild@0.25.12 want: 0.25.12
1396 silly placeDep ROOT @esbuild/android-arm@0.25.12 OK for: esbuild@0.25.12 want: 0.25.12
1397 silly placeDep ROOT @esbuild/android-arm64@0.25.12 OK for: esbuild@0.25.12 want: 0.25.12
1398 silly placeDep ROOT @esbuild/android-x64@0.25.12 OK for: esbuild@0.25.12 want: 0.25.12
1399 silly placeDep ROOT @esbuild/darwin-arm64@0.25.12 OK for: esbuild@0.25.12 want: 0.25.12
1400 silly placeDep ROOT @esbuild/darwin-x64@0.25.12 OK for: esbuild@0.25.12 want: 0.25.12
1401 silly placeDep ROOT @esbuild/freebsd-arm64@0.25.12 OK for: esbuild@0.25.12 want: 0.25.12
1402 silly placeDep ROOT @esbuild/freebsd-x64@0.25.12 OK for: esbuild@0.25.12 want: 0.25.12
1403 silly placeDep ROOT @esbuild/linux-arm@0.25.12 OK for: esbuild@0.25.12 want: 0.25.12
1404 silly placeDep ROOT @esbuild/linux-arm64@0.25.12 OK for: esbuild@0.25.12 want: 0.25.12
1405 silly placeDep ROOT @esbuild/linux-ia32@0.25.12 OK for: esbuild@0.25.12 want: 0.25.12
1406 silly placeDep ROOT @esbuild/linux-loong64@0.25.12 OK for: esbuild@0.25.12 want: 0.25.12
1407 silly placeDep ROOT @esbuild/linux-mips64el@0.25.12 OK for: esbuild@0.25.12 want: 0.25.12
1408 silly placeDep ROOT @esbuild/linux-ppc64@0.25.12 OK for: esbuild@0.25.12 want: 0.25.12
1409 silly placeDep ROOT @esbuild/linux-riscv64@0.25.12 OK for: esbuild@0.25.12 want: 0.25.12
1410 silly placeDep ROOT @esbuild/linux-s390x@0.25.12 OK for: esbuild@0.25.12 want: 0.25.12
1411 silly placeDep ROOT @esbuild/linux-x64@0.25.12 OK for: esbuild@0.25.12 want: 0.25.12
1412 silly placeDep ROOT @esbuild/netbsd-arm64@0.25.12 OK for: esbuild@0.25.12 want: 0.25.12
1413 silly placeDep ROOT @esbuild/netbsd-x64@0.25.12 OK for: esbuild@0.25.12 want: 0.25.12
1414 silly placeDep ROOT @esbuild/openbsd-arm64@0.25.12 OK for: esbuild@0.25.12 want: 0.25.12
1415 silly placeDep ROOT @esbuild/openbsd-x64@0.25.12 OK for: esbuild@0.25.12 want: 0.25.12
1416 silly placeDep ROOT @esbuild/openharmony-arm64@0.25.12 OK for: esbuild@0.25.12 want: 0.25.12
1417 silly placeDep ROOT @esbuild/sunos-x64@0.25.12 OK for: esbuild@0.25.12 want: 0.25.12
1418 silly placeDep ROOT @esbuild/win32-arm64@0.25.12 OK for: esbuild@0.25.12 want: 0.25.12
1419 silly placeDep ROOT @esbuild/win32-ia32@0.25.12 OK for: esbuild@0.25.12 want: 0.25.12
1420 silly placeDep ROOT @esbuild/win32-x64@0.25.12 OK for: esbuild@0.25.12 want: 0.25.12
1421 timing idealTree:node_modules/esbuild Completed in 34ms
1422 timing idealTree:node_modules/@esbuild/aix-ppc64 Completed in 0ms
1423 timing idealTree:node_modules/@esbuild/android-arm Completed in 0ms
1424 timing idealTree:node_modules/@esbuild/android-arm64 Completed in 0ms
1425 timing idealTree:node_modules/@esbuild/android-x64 Completed in 0ms
1426 timing idealTree:node_modules/@esbuild/darwin-arm64 Completed in 0ms
1427 timing idealTree:node_modules/@esbuild/darwin-x64 Completed in 0ms
1428 timing idealTree:node_modules/@esbuild/freebsd-arm64 Completed in 0ms
1429 timing idealTree:node_modules/@esbuild/freebsd-x64 Completed in 0ms
1430 timing idealTree:node_modules/@esbuild/linux-arm Completed in 0ms
1431 timing idealTree:node_modules/@esbuild/linux-arm64 Completed in 0ms
1432 timing idealTree:node_modules/@esbuild/linux-ia32 Completed in 0ms
1433 timing idealTree:node_modules/@esbuild/linux-loong64 Completed in 0ms
1434 timing idealTree:node_modules/@esbuild/linux-mips64el Completed in 0ms
1435 timing idealTree:node_modules/@esbuild/linux-ppc64 Completed in 0ms
1436 timing idealTree:node_modules/@esbuild/linux-riscv64 Completed in 0ms
1437 timing idealTree:node_modules/@esbuild/linux-s390x Completed in 0ms
1438 timing idealTree:node_modules/@esbuild/linux-x64 Completed in 0ms
1439 timing idealTree:node_modules/@esbuild/netbsd-arm64 Completed in 0ms
1440 timing idealTree:node_modules/@esbuild/netbsd-x64 Completed in 0ms
1441 timing idealTree:node_modules/@esbuild/openbsd-arm64 Completed in 0ms
1442 timing idealTree:node_modules/@esbuild/openbsd-x64 Completed in 0ms
1443 timing idealTree:node_modules/@esbuild/openharmony-arm64 Completed in 0ms
1444 timing idealTree:node_modules/@esbuild/sunos-x64 Completed in 0ms
1445 timing idealTree:node_modules/@esbuild/win32-arm64 Completed in 0ms
1446 timing idealTree:node_modules/@esbuild/win32-ia32 Completed in 0ms
1447 timing idealTree:node_modules/@esbuild/win32-x64 Completed in 0ms
1448 timing idealTree:node_modules/fdir Completed in 0ms
1449 timing idealTree:node_modules/fsevents Completed in 0ms
1450 timing idealTree:node_modules/picomatch Completed in 0ms
1451 silly placeDep ROOT nanoid@3.3.15 OK for: postcss@8.5.16 want: ^3.3.12
1452 timing idealTree:node_modules/postcss Completed in 2ms
1453 timing idealTree:node_modules/nanoid Completed in 0ms
1454 silly placeDep ROOT @rollup/rollup-android-arm-eabi@4.62.2 OK for: rollup@4.62.2 want: 4.62.2
1455 silly placeDep ROOT @rollup/rollup-android-arm64@4.62.2 OK for: rollup@4.62.2 want: 4.62.2
1456 silly placeDep ROOT @rollup/rollup-darwin-arm64@4.62.2 OK for: rollup@4.62.2 want: 4.62.2
1457 silly placeDep ROOT @rollup/rollup-darwin-x64@4.62.2 OK for: rollup@4.62.2 want: 4.62.2
1458 silly placeDep ROOT @rollup/rollup-freebsd-arm64@4.62.2 OK for: rollup@4.62.2 want: 4.62.2
1459 silly placeDep ROOT @rollup/rollup-freebsd-x64@4.62.2 OK for: rollup@4.62.2 want: 4.62.2
1460 silly placeDep ROOT @rollup/rollup-linux-arm-gnueabihf@4.62.2 OK for: rollup@4.62.2 want: 4.62.2
1461 silly placeDep ROOT @rollup/rollup-linux-arm-musleabihf@4.62.2 OK for: rollup@4.62.2 want: 4.62.2
1462 silly placeDep ROOT @rollup/rollup-linux-arm64-gnu@4.62.2 OK for: rollup@4.62.2 want: 4.62.2
1463 silly placeDep ROOT @rollup/rollup-linux-arm64-musl@4.62.2 OK for: rollup@4.62.2 want: 4.62.2
1464 silly placeDep ROOT @rollup/rollup-linux-loong64-gnu@4.62.2 OK for: rollup@4.62.2 want: 4.62.2
1465 silly placeDep ROOT @rollup/rollup-linux-loong64-musl@4.62.2 OK for: rollup@4.62.2 want: 4.62.2
1466 silly placeDep ROOT @rollup/rollup-linux-ppc64-gnu@4.62.2 OK for: rollup@4.62.2 want: 4.62.2
1467 silly placeDep ROOT @rollup/rollup-linux-ppc64-musl@4.62.2 OK for: rollup@4.62.2 want: 4.62.2
1468 silly placeDep ROOT @rollup/rollup-linux-riscv64-gnu@4.62.2 OK for: rollup@4.62.2 want: 4.62.2
1469 silly placeDep ROOT @rollup/rollup-linux-riscv64-musl@4.62.2 OK for: rollup@4.62.2 want: 4.62.2
1470 silly placeDep ROOT @rollup/rollup-linux-s390x-gnu@4.62.2 OK for: rollup@4.62.2 want: 4.62.2
1471 silly placeDep ROOT @rollup/rollup-linux-x64-gnu@4.62.2 OK for: rollup@4.62.2 want: 4.62.2
1472 silly placeDep ROOT @rollup/rollup-linux-x64-musl@4.62.2 OK for: rollup@4.62.2 want: 4.62.2
1473 silly placeDep ROOT @rollup/rollup-openbsd-x64@4.62.2 OK for: rollup@4.62.2 want: 4.62.2
1474 silly placeDep ROOT @rollup/rollup-openharmony-arm64@4.62.2 OK for: rollup@4.62.2 want: 4.62.2
1475 silly placeDep ROOT @rollup/rollup-win32-arm64-msvc@4.62.2 OK for: rollup@4.62.2 want: 4.62.2
1476 silly placeDep ROOT @rollup/rollup-win32-ia32-msvc@4.62.2 OK for: rollup@4.62.2 want: 4.62.2
1477 silly placeDep ROOT @rollup/rollup-win32-x64-gnu@4.62.2 OK for: rollup@4.62.2 want: 4.62.2
1478 silly placeDep ROOT @rollup/rollup-win32-x64-msvc@4.62.2 OK for: rollup@4.62.2 want: 4.62.2
1479 silly placeDep ROOT @types/estree@1.0.9 OK for: rollup@4.62.2 want: 1.0.9
1480 timing idealTree:node_modules/rollup Completed in 37ms
1481 timing idealTree:node_modules/@rollup/rollup-android-arm-eabi Completed in 0ms
1482 timing idealTree:node_modules/@rollup/rollup-android-arm64 Completed in 0ms
1483 timing idealTree:node_modules/@rollup/rollup-darwin-arm64 Completed in 0ms
1484 timing idealTree:node_modules/@rollup/rollup-darwin-x64 Completed in 0ms
1485 timing idealTree:node_modules/@rollup/rollup-freebsd-arm64 Completed in 0ms
1486 timing idealTree:node_modules/@rollup/rollup-freebsd-x64 Completed in 0ms
1487 timing idealTree:node_modules/@rollup/rollup-linux-arm-gnueabihf Completed in 0ms
1488 timing idealTree:node_modules/@rollup/rollup-linux-arm-musleabihf Completed in 0ms
1489 timing idealTree:node_modules/@rollup/rollup-linux-arm64-gnu Completed in 0ms
1490 timing idealTree:node_modules/@rollup/rollup-linux-arm64-musl Completed in 0ms
1491 timing idealTree:node_modules/@rollup/rollup-linux-loong64-gnu Completed in 0ms
1492 timing idealTree:node_modules/@rollup/rollup-linux-loong64-musl Completed in 0ms
1493 timing idealTree:node_modules/@rollup/rollup-linux-ppc64-gnu Completed in 0ms
1494 timing idealTree:node_modules/@rollup/rollup-linux-ppc64-musl Completed in 0ms
1495 timing idealTree:node_modules/@rollup/rollup-linux-riscv64-gnu Completed in 0ms
1496 timing idealTree:node_modules/@rollup/rollup-linux-riscv64-musl Completed in 0ms
1497 timing idealTree:node_modules/@rollup/rollup-linux-s390x-gnu Completed in 0ms
1498 timing idealTree:node_modules/@rollup/rollup-linux-x64-gnu Completed in 0ms
1499 timing idealTree:node_modules/@rollup/rollup-linux-x64-musl Completed in 0ms
1500 timing idealTree:node_modules/@rollup/rollup-openbsd-x64 Completed in 0ms
1501 timing idealTree:node_modules/@rollup/rollup-openharmony-arm64 Completed in 0ms
1502 timing idealTree:node_modules/@rollup/rollup-win32-arm64-msvc Completed in 0ms
1503 timing idealTree:node_modules/@rollup/rollup-win32-ia32-msvc Completed in 0ms
1504 timing idealTree:node_modules/@rollup/rollup-win32-x64-gnu Completed in 0ms
1505 timing idealTree:node_modules/@rollup/rollup-win32-x64-msvc Completed in 0ms
1506 timing idealTree:node_modules/@types/estree Completed in 0ms
1507 timing idealTree:node_modules/tinyglobby Completed in 0ms
1508 timing idealTree:node_modules/warning Completed in 0ms
1509 timing idealTree:node_modules/yallist Completed in 0ms
1510 timing idealTree:node_modules/yaml Completed in 0ms
1511 timing idealTree:node_modules/@babel/core/node_modules/convert-source-map Completed in 0ms
1512 timing idealTree:node_modules/cosmiconfig/node_modules/yaml Completed in 0ms
1513 timing idealTree:node_modules/hoist-non-react-statics/node_modules/react-is Completed in 0ms
1514 timing idealTree:node_modules/prop-types/node_modules/react-is Completed in 0ms
1515 timing idealTree:node_modules/recharts/node_modules/react-is Completed in 0ms
1516 timing idealTree:node_modules/tar/node_modules/yallist Completed in 0ms
1517 timing idealTree:buildDeps Completed in 51034ms
1518 timing idealTree:fixDepFlags Completed in 5ms
1519 warn EBADENGINE Unsupported engine {
1519 warn EBADENGINE   package: 'react-router@7.13.0',
1519 warn EBADENGINE   required: { node: '>=20.0.0' },
1519 warn EBADENGINE   current: { node: 'v18.15.0', npm: '9.5.0' }
1519 warn EBADENGINE }
1520 timing idealTree Completed in 51080ms
1521 timing reify:loadTrees Completed in 51081ms
1522 timing reify:diffTrees Completed in 10ms
1523 silly reify moves {}
1524 timing reify:retireShallow Completed in 0ms
1525 timing reify:createSparse Completed in 199ms
1526 verbose reify failed optional dependency C:\Users\Petros Kafkias\OneDrive - Draxis Environmental SA\Documents\SPICE\SPICE Co-Creation Platform Working\node_modules\@tailwindcss\oxide-wasm32-wasi
1527 silly reify mark deleted [
1527 silly reify   'C:\\Users\\Petros Kafkias\\OneDrive - Draxis Environmental SA\\Documents\\SPICE\\SPICE Co-Creation Platform Working\\node_modules\\@tailwindcss\\oxide-wasm32-wasi'
1527 silly reify ]
1528 timing reifyNode:node_modules/@tailwindcss/oxide-wasm32-wasi Completed in 3ms
1529 timing arborist:ctor Completed in 1ms
1530 timing reify:diffTrees Completed in 3ms
1531 timing reify:loadBundles Completed in 15ms
1532 silly audit bulk request {
1532 silly audit   '@emotion/react': [ '11.14.0' ],
1532 silly audit   react: [ '18.3.1' ],
1532 silly audit   '@emotion/styled': [ '11.14.1' ],
1532 silly audit   '@mui/icons-material': [ '7.3.5' ],
1532 silly audit   '@mui/material': [ '7.3.5' ],
1532 silly audit   'react-dom': [ '18.3.1' ],
1532 silly audit   '@popperjs/core': [ '2.11.8' ],
1532 silly audit   '@radix-ui/react-accordion': [ '1.2.3' ],
1532 silly audit   '@radix-ui/react-alert-dialog': [ '1.1.6' ],
1532 silly audit   '@radix-ui/react-aspect-ratio': [ '1.1.2' ],
1532 silly audit   '@radix-ui/react-avatar': [ '1.1.3' ],
1532 silly audit   '@radix-ui/react-checkbox': [ '1.1.4' ],
1532 silly audit   '@radix-ui/react-collapsible': [ '1.1.3' ],
1532 silly audit   '@radix-ui/react-context-menu': [ '2.2.6' ],
1532 silly audit   '@radix-ui/react-dialog': [ '1.1.6' ],
1532 silly audit   '@radix-ui/react-dropdown-menu': [ '2.1.6' ],
1532 silly audit   '@radix-ui/react-hover-card': [ '1.1.6' ],
1532 silly audit   '@radix-ui/react-label': [ '2.1.2' ],
1532 silly audit   '@radix-ui/react-menubar': [ '1.1.6' ],
1532 silly audit   '@radix-ui/react-navigation-menu': [ '1.2.5' ],
1532 silly audit   '@radix-ui/react-popover': [ '1.1.6' ],
1532 silly audit   '@radix-ui/react-progress': [ '1.1.2' ],
1532 silly audit   '@radix-ui/react-radio-group': [ '1.2.3' ],
1532 silly audit   '@radix-ui/react-scroll-area': [ '1.2.3' ],
1532 silly audit   '@radix-ui/react-select': [ '2.1.6' ],
1532 silly audit   '@radix-ui/react-separator': [ '1.1.2' ],
1532 silly audit   '@radix-ui/react-slider': [ '1.2.3' ],
1532 silly audit   '@radix-ui/react-slot': [ '1.1.2' ],
1532 silly audit   '@radix-ui/react-switch': [ '1.1.3' ],
1532 silly audit   '@radix-ui/react-tabs': [ '1.1.3' ],
1532 silly audit   '@radix-ui/react-toggle': [ '1.1.2' ],
1532 silly audit   '@radix-ui/react-toggle-group': [ '1.1.2' ],
1532 silly audit   '@radix-ui/react-tooltip': [ '1.1.8' ],
1532 silly audit   '@tailwindcss/vite': [ '4.1.12' ],
1532 silly audit   vite: [ '6.3.5' ],
1532 silly audit   '@vitejs/plugin-react': [ '4.7.0' ],
1532 silly audit   'canvas-confetti': [ '1.9.4' ],
1532 silly audit   'class-variance-authority': [ '0.7.1' ],
1532 silly audit   clsx: [ '2.1.1' ],
1532 silly audit   cmdk: [ '1.1.1' ],
1532 silly audit   'date-fns': [ '3.6.0' ],
1532 silly audit   'embla-carousel-react': [ '8.6.0' ],
1532 silly audit   'input-otp': [ '1.4.2' ],
1532 silly audit   'lucide-react': [ '0.487.0' ],
1532 silly audit   motion: [ '12.23.24' ],
1532 silly audit   'next-themes': [ '0.4.6' ],
1532 silly audit   'react-day-picker': [ '8.10.1' ],
1532 silly audit   'react-dnd': [ '16.0.1' ],
1532 silly audit   'react-dnd-html5-backend': [ '16.0.1' ],
1532 silly audit   'react-hook-form': [ '7.55.0' ],
1532 silly audit   'react-popper': [ '2.3.0' ],
1532 silly audit   'react-resizable-panels': [ '2.1.7' ],
1532 silly audit   'react-responsive-masonry': [ '2.7.1' ],
1532 silly audit   'react-router': [ '7.13.0' ],
1532 silly audit   'react-slick': [ '0.31.0' ],
1532 silly audit   recharts: [ '2.15.2' ],
1532 silly audit   sonner: [ '2.0.3' ],
1532 silly audit   'tailwind-merge': [ '3.2.0' ],
1532 silly audit   tailwindcss: [ '4.1.12' ],
1532 silly audit   'tw-animate-css': [ '1.3.8' ],
1532 silly audit   vaul: [ '1.1.2' ],
1532 silly audit   '@babel/runtime': [ '7.29.7' ],
1532 silly audit   '@emotion/babel-plugin': [ '11.13.5' ],
1532 silly audit   '@emotion/cache': [ '11.14.0' ],
1532 silly audit   '@emotion/serialize': [ '1.3.3' ],
1532 silly audit   '@emotion/use-insertion-effect-with-fallbacks': [ '1.2.0' ],
1532 silly audit   '@emotion/utils': [ '1.4.2' ],
1532 silly audit   '@emotion/weak-memoize': [ '0.4.0' ],
1532 silly audit   'hoist-non-react-statics': [ '3.3.2' ],
1532 silly audit   '@babel/helper-module-imports': [ '7.29.7' ],
1532 silly audit   '@emotion/hash': [ '0.9.2' ],
1532 silly audit   '@emotion/memoize': [ '0.9.0' ],
1532 silly audit   'babel-plugin-macros': [ '3.1.0' ],
1532 silly audit   'convert-source-map': [ '1.9.0', '2.0.0' ],
1532 silly audit   'escape-string-regexp': [ '4.0.0' ],
1532 silly audit   'find-root': [ '1.1.0' ],
1532 silly audit   'source-map': [ '0.5.7' ],
1532 silly audit   stylis: [ '4.2.0' ],
1532 silly audit   '@babel/traverse': [ '7.29.7' ],
1532 silly audit   '@babel/types': [ '7.29.7' ],
1532 silly audit   '@babel/code-frame': [ '7.29.7' ],
1532 silly audit   '@babel/generator': [ '7.29.7' ],
1532 silly audit   '@babel/helper-globals': [ '7.29.7' ],
1532 silly audit   '@babel/parser': [ '7.29.7' ],
1532 silly audit   '@babel/template': [ '7.29.7' ],
1532 silly audit   debug: [ '4.4.3' ],
1532 silly audit   '@babel/helper-validator-identifier': [ '7.29.7' ],
1532 silly audit   'js-tokens': [ '4.0.0' ],
1532 silly audit   picocolors: [ '1.1.1' ],
1532 silly audit   '@jridgewell/gen-mapping': [ '0.3.13' ],
1532 silly audit   '@jridgewell/trace-mapping': [ '0.3.31' ],
1532 silly audit   jsesc: [ '3.1.0' ],
1532 silly audit   '@babel/helper-string-parser': [ '7.29.7' ],
1532 silly audit   '@emotion/sheet': [ '1.4.0' ],
1532 silly audit   '@emotion/unitless': [ '0.10.0' ],
1532 silly audit   csstype: [ '3.2.3' ],
1532 silly audit   '@emotion/is-prop-valid': [ '1.4.0' ],
1532 silly audit   '@jridgewell/sourcemap-codec': [ '1.5.5' ],
1532 silly audit   '@jridgewell/resolve-uri': [ '3.1.2' ],
1532 silly audit   '@mui/core-downloads-tracker': [ '7.3.11' ],
1532 silly audit   '@mui/system': [ '7.3.11' ],
1532 silly audit   '@mui/types': [ '7.4.12' ],
1532 silly audit   '@mui/utils': [ '7.3.11' ],
1532 silly audit   '@types/react-transition-group': [ '4.4.12' ],
1532 silly audit   '@types/react': [ '19.2.17' ],
1532 silly audit   'prop-types': [ '15.8.1' ],
1532 silly audit   'react-is': [ '19.2.7', '16.13.1', '18.3.1' ],
1532 silly audit   'react-transition-group': [ '4.4.5' ],
1532 silly audit   '@mui/private-theming': [ '7.3.11' ],
1532 silly audit   '@mui/styled-engine': [ '7.3.10' ],
1532 silly audit   '@types/prop-types': [ '15.7.15' ],
1532 silly audit   '@radix-ui/primitive': [ '1.1.1' ],
1532 silly audit   '@radix-ui/react-collection': [ '1.1.2' ],
1532 silly audit   '@radix-ui/react-compose-refs': [ '1.1.1' ],
1532 silly audit   '@radix-ui/react-context': [ '1.1.1' ],
1532 silly audit   '@radix-ui/react-direction': [ '1.1.0' ],
1532 silly audit   '@radix-ui/react-id': [ '1.1.0' ],
1532 silly audit   '@radix-ui/react-primitive': [ '2.0.2' ],
1532 silly audit   '@radix-ui/react-use-controllable-state': [ '1.1.0' ],
1532 silly audit   '@radix-ui/react-use-callback-ref': [ '1.1.0' ],
1532 silly audit   '@radix-ui/react-use-layout-effect': [ '1.1.0' ],
1532 silly audit   '@radix-ui/react-presence': [ '1.1.2' ],
1532 silly audit   '@radix-ui/react-use-previous': [ '1.1.0' ],
1532 silly audit   '@radix-ui/react-use-size': [ '1.1.0' ],
1532 silly audit   '@radix-ui/react-menu': [ '2.1.6' ],
1532 silly audit   '@radix-ui/react-dismissable-layer': [ '1.1.5' ],
1532 silly audit   '@radix-ui/react-focus-guards': [ '1.1.1' ],
1532 silly audit   '@radix-ui/react-focus-scope': [ '1.1.2' ],
1532 silly audit   '@radix-ui/react-portal': [ '1.1.4' ],
1532 silly audit   'aria-hidden': [ '1.2.6' ],
1532 silly audit   'react-remove-scroll': [ '2.7.2' ],
1532 silly audit   '@radix-ui/react-use-escape-keydown': [ '1.1.0' ],
1532 silly audit   '@radix-ui/react-popper': [ '1.2.2' ],
1532 silly audit   '@radix-ui/react-roving-focus': [ '1.1.2' ],
1532 silly audit   '@radix-ui/react-visually-hidden': [ '1.1.2' ],
1532 silly audit   '@floating-ui/react-dom': [ '2.1.8' ],
1532 silly audit   '@radix-ui/react-arrow': [ '1.1.2' ],
1532 silly audit   '@radix-ui/react-use-rect': [ '1.1.0' ],
1532 silly audit   '@radix-ui/rect': [ '1.1.0' ],
1532 silly audit   '@floating-ui/dom': [ '1.7.6' ],
1532 silly audit   '@floating-ui/core': [ '1.7.5' ],
1532 silly audit   '@floating-ui/utils': [ '0.2.11' ],
1532 silly audit   '@radix-ui/number': [ '1.1.0' ],
1532 silly audit   '@tailwindcss/node': [ '4.1.12' ],
1532 silly audit   '@tailwindcss/oxide': [ '4.1.12' ],
1532 silly audit   '@jridgewell/remapping': [ '2.3.5' ],
1532 silly audit   'enhanced-resolve': [ '5.24.1' ],
1532 silly audit   jiti: [ '2.7.0' ],
1532 silly audit   lightningcss: [ '1.30.1' ],
1532 silly audit   'magic-string': [ '0.30.21' ],
1532 silly audit   'source-map-js': [ '1.2.1' ],
1532 silly audit   '@tailwindcss/oxide-android-arm64': [ '4.1.12' ],
1532 silly audit   '@tailwindcss/oxide-darwin-arm64': [ '4.1.12' ],
1532 silly audit   '@tailwindcss/oxide-darwin-x64': [ '4.1.12' ],
1532 silly audit   '@tailwindcss/oxide-freebsd-x64': [ '4.1.12' ],
1532 silly audit   '@tailwindcss/oxide-linux-arm-gnueabihf': [ '4.1.12' ],
1532 silly audit   '@tailwindcss/oxide-linux-arm64-gnu': [ '4.1.12' ],
1532 silly audit   '@tailwindcss/oxide-linux-arm64-musl': [ '4.1.12' ],
1532 silly audit   '@tailwindcss/oxide-linux-x64-gnu': [ '4.1.12' ],
1532 silly audit   '@tailwindcss/oxide-linux-x64-musl': [ '4.1.12' ],
1532 silly audit   '@tailwindcss/oxide-win32-arm64-msvc': [ '4.1.12' ],
1532 silly audit   '@tailwindcss/oxide-win32-x64-msvc': [ '4.1.12' ],
1532 silly audit   'detect-libc': [ '2.1.2' ],
1532 silly audit   tar: [ '7.5.19' ],
1532 silly audit   '@babel/core': [ '7.29.7' ],
1532 silly audit   '@babel/plugin-transform-react-jsx-self': [ '7.29.7' ],
1532 silly audit   '@babel/plugin-transform-react-jsx-source': [ '7.29.7' ],
1532 silly audit   '@rolldown/pluginutils': [ '1.0.0-beta.27' ],
1532 silly audit   '@types/babel__core': [ '7.20.5' ],
1532 silly audit   'react-refresh': [ '0.17.0' ],
1532 silly audit   '@babel/helper-compilation-targets': [ '7.29.7' ],
1532 silly audit   '@babel/helper-module-transforms': [ '7.29.7' ],
1532 silly audit   '@babel/helpers': [ '7.29.7' ],
1532 silly audit   gensync: [ '1.0.0-beta.2' ],
1532 silly audit   json5: [ '2.2.3' ],
1532 silly audit   semver: [ '6.3.1' ],
1532 silly audit   '@babel/compat-data': [ '7.29.7' ],
1532 silly audit   '@babel/helper-validator-option': [ '7.29.7' ],
1532 silly audit   browserslist: [ '4.28.4' ],
1532 silly audit   'lru-cache': [ '5.1.1' ],
1532 silly audit   '@babel/helper-plugin-utils': [ '7.29.7' ],
1532 silly audit   '@types/babel__generator': [ '7.27.0' ],
1532 silly audit   '@types/babel__template': [ '7.4.4' ],
1532 silly audit   '@types/babel__traverse': [ '7.28.0' ],
1532 silly audit   tslib: [ '2.8.1' ],
1532 silly audit   cosmiconfig: [ '7.1.0' ],
1532 silly audit   resolve: [ '1.22.12' ],
1532 silly audit   'baseline-browser-mapping': [ '2.10.42' ],
1532 silly audit   'caniuse-lite': [ '1.0.30001802' ],
1532 silly audit   'electron-to-chromium': [ '1.5.387' ],
1532 silly audit   'node-releases': [ '2.0.50' ],
1532 silly audit   'update-browserslist-db': [ '1.2.3' ],
1532 silly audit   '@types/parse-json': [ '4.0.2' ],
1532 silly audit   'import-fresh': [ '3.3.1' ],
1532 silly audit   'parse-json': [ '5.2.0' ],
1532 silly audit   'path-type': [ '4.0.0' ],
1532 silly audit   ms: [ '2.1.3' ],
1532 silly audit   'embla-carousel': [ '8.6.0' ],
1532 silly audit   'embla-carousel-reactive-utils': [ '8.6.0' ],
1532 silly audit   'graceful-fs': [ '4.2.11' ],
1532 silly audit   tapable: [ '2.3.3' ],
1532 silly audit   'parent-module': [ '1.0.1' ],
1532 silly audit   'resolve-from': [ '4.0.0' ],
1532 silly audit   'lightningcss-darwin-arm64': [ '1.30.1' ],
1532 silly audit   'lightningcss-darwin-x64': [ '1.30.1' ],
1532 silly audit   'lightningcss-freebsd-x64': [ '1.30.1' ],
1532 silly audit   'lightningcss-linux-arm-gnueabihf': [ '1.30.1' ],
1532 silly audit   'lightningcss-linux-arm64-gnu': [ '1.30.1' ],
1532 silly audit   'lightningcss-linux-arm64-musl': [ '1.30.1' ],
1532 silly audit   'lightningcss-linux-x64-gnu': [ '1.30.1' ],
1532 silly audit   'lightningcss-linux-x64-musl': [ '1.30.1' ],
1532 silly audit   'lightningcss-win32-arm64-msvc': [ '1.30.1' ],
1532 silly audit   'lightningcss-win32-x64-msvc': [ '1.30.1' ],
1532 silly audit   yallist: [ '3.1.1', '5.0.0' ],
1532 silly audit   'framer-motion': [ '12.42.2' ],
1532 silly audit   'motion-dom': [ '12.42.2' ],
1532 silly audit   'motion-utils': [ '12.39.0' ],
1532 silly audit   callsites: [ '3.1.0' ],
1532 silly audit   'error-ex': [ '1.3.4' ],
1532 silly audit   'json-parse-even-better-errors': [ '2.3.1' ],
1532 silly audit   'lines-and-columns': [ '1.2.4' ],
1532 silly audit   'is-arrayish': [ '0.2.1' ],
1532 silly audit   'loose-envify': [ '1.4.0' ],
1532 silly audit   'object-assign': [ '4.1.1' ],
1532 silly audit   '@react-dnd/invariant': [ '4.0.2' ],
1532 silly audit   '@react-dnd/shallowequal': [ '4.0.2' ],
1532 silly audit   'dnd-core': [ '16.0.1' ],
1532 silly audit   'fast-deep-equal': [ '3.1.3' ],
1532 silly audit   '@react-dnd/asap': [ '5.0.2' ],
1532 silly audit   redux: [ '4.2.1' ],
1532 silly audit   scheduler: [ '0.23.2' ],
1532 silly audit   'react-fast-compare': [ '3.2.2' ],
1532 silly audit   warning: [ '4.0.3' ],
1532 silly audit   'react-remove-scroll-bar': [ '2.3.8' ],
1532 silly audit   'react-style-singleton': [ '2.2.3' ],
1532 silly audit   'use-callback-ref': [ '1.3.3' ],
1532 silly audit   'use-sidecar': [ '1.1.3' ],
1532 silly audit   cookie: [ '1.1.1' ],
1532 silly audit   'set-cookie-parser': [ '2.7.2' ],
1532 silly audit   classnames: [ '2.5.1' ],
1532 silly audit   json2mq: [ '0.2.0' ],
1532 silly audit   'lodash.debounce': [ '4.0.8' ],
1532 silly audit   'resize-observer-polyfill': [ '1.5.1' ],
1532 silly audit   'string-convert': [ '0.2.1' ],
1532 silly audit   'get-nonce': [ '1.0.1' ],
1532 silly audit   'dom-helpers': [ '5.2.1' ],
1532 silly audit   eventemitter3: [ '4.0.7' ],
1532 silly audit   lodash: [ '4.18.1' ],
1532 silly audit   'react-smooth': [ '4.0.4' ],
1532 silly audit   'recharts-scale': [ '0.4.5' ],
1532 silly audit   'tiny-invariant': [ '1.3.3' ],
1532 silly audit   'victory-vendor': [ '36.9.2' ],
1532 silly audit   'fast-equals': [ '5.4.0' ],
1532 silly audit   'decimal.js-light': [ '2.5.1' ],
1532 silly audit   'es-errors': [ '1.3.0' ],
1532 silly audit   'is-core-module': [ '2.16.2' ],
1532 silly audit   'path-parse': [ '1.0.7' ],
1532 silly audit   'supports-preserve-symlinks-flag': [ '1.0.0' ],
1532 silly audit   hasown: [ '2.0.4' ],
1532 silly audit   'function-bind': [ '1.1.2' ],
1532 silly audit   '@isaacs/fs-minipass': [ '4.0.1' ],
1532 silly audit   chownr: [ '3.0.0' ],
1532 silly audit   minipass: [ '7.1.3' ],
1532 silly audit   minizlib: [ '3.1.0' ],
1532 silly audit   escalade: [ '3.2.0' ],
1532 silly audit   'detect-node-es': [ '1.1.0' ],
1532 silly audit   '@types/d3-array': [ '3.2.2' ],
1532 silly audit   '@types/d3-ease': [ '3.0.2' ],
1532 silly audit   '@types/d3-interpolate': [ '3.0.4' ],
1532 silly audit   '@types/d3-scale': [ '4.0.9' ],
1532 silly audit   '@types/d3-shape': [ '3.1.8' ],
1532 silly audit   '@types/d3-time': [ '3.0.4' ],
1532 silly audit   '@types/d3-timer': [ '3.0.2' ],
1532 silly audit   'd3-array': [ '3.2.4' ],
1532 silly audit   'd3-ease': [ '3.0.1' ],
1532 silly audit   'd3-interpolate': [ '3.0.1' ],
1532 silly audit   'd3-scale': [ '4.0.2' ],
1532 silly audit   'd3-shape': [ '3.2.0' ],
1532 silly audit   'd3-time': [ '3.1.0' ],
1532 silly audit   'd3-timer': [ '3.0.1' ],
1532 silly audit   '@types/d3-color': [ '3.1.3' ],
1532 silly audit   '@types/d3-path': [ '3.1.1' ],
1532 silly audit   internmap: [ '2.0.3' ],
1532 silly audit   'd3-color': [ '3.1.0' ],
1532 silly audit   'd3-format': [ '3.1.2' ],
1532 silly audit   'd3-time-format': [ '4.1.0' ],
1532 silly audit   'd3-path': [ '3.1.0' ],
1532 silly audit   esbuild: [ '0.25.12' ],
1532 silly audit   fdir: [ '6.5.0' ],
1532 silly audit   fsevents: [ '2.3.3' ],
1532 silly audit   picomatch: [ '4.0.5' ],
1532 silly audit   postcss: [ '8.5.16' ],
1532 silly audit   rollup: [ '4.62.2' ],
1532 silly audit   tinyglobby: [ '0.2.17' ],
1532 silly audit   yaml: [ '2.9.0', '1.10.3' ],
1532 silly audit   '@esbuild/aix-ppc64': [ '0.25.12' ],
1532 silly audit   '@esbuild/android-arm': [ '0.25.12' ],
1532 silly audit   '@esbuild/android-arm64': [ '0.25.12' ],
1532 silly audit   '@esbuild/android-x64': [ '0.25.12' ],
1532 silly audit   '@esbuild/darwin-arm64': [ '0.25.12' ],
1532 silly audit   '@esbuild/darwin-x64': [ '0.25.12' ],
1532 silly audit   '@esbuild/freebsd-arm64': [ '0.25.12' ],
1532 silly audit   '@esbuild/freebsd-x64': [ '0.25.12' ],
1532 silly audit   '@esbuild/linux-arm': [ '0.25.12' ],
1532 silly audit   '@esbuild/linux-arm64': [ '0.25.12' ],
1532 silly audit   '@esbuild/linux-ia32': [ '0.25.12' ],
1532 silly audit   '@esbuild/linux-loong64': [ '0.25.12' ],
1532 silly audit   '@esbuild/linux-mips64el': [ '0.25.12' ],
1532 silly audit   '@esbuild/linux-ppc64': [ '0.25.12' ],
1532 silly audit   '@esbuild/linux-riscv64': [ '0.25.12' ],
1532 silly audit   '@esbuild/linux-s390x': [ '0.25.12' ],
1532 silly audit   '@esbuild/linux-x64': [ '0.25.12' ],
1532 silly audit   '@esbuild/netbsd-arm64': [ '0.25.12' ],
1532 silly audit   '@esbuild/netbsd-x64': [ '0.25.12' ],
1532 silly audit   '@esbuild/openbsd-arm64': [ '0.25.12' ],
1532 silly audit   '@esbuild/openbsd-x64': [ '0.25.12' ],
1532 silly audit   '@esbuild/openharmony-arm64': [ '0.25.12' ],
1532 silly audit   '@esbuild/sunos-x64': [ '0.25.12' ],
1532 silly audit   '@esbuild/win32-arm64': [ '0.25.12' ],
1532 silly audit   '@esbuild/win32-ia32': [ '0.25.12' ],
1532 silly audit   '@esbuild/win32-x64': [ '0.25.12' ],
1532 silly audit   nanoid: [ '3.3.15' ],
1532 silly audit   '@rollup/rollup-android-arm-eabi': [ '4.62.2' ],
1532 silly audit   '@rollup/rollup-android-arm64': [ '4.62.2' ],
1532 silly audit   '@rollup/rollup-darwin-arm64': [ '4.62.2' ],
1532 silly audit   '@rollup/rollup-darwin-x64': [ '4.62.2' ],
1532 silly audit   '@rollup/rollup-freebsd-arm64': [ '4.62.2' ],
1532 silly audit   '@rollup/rollup-freebsd-x64': [ '4.62.2' ],
1532 silly audit   '@rollup/rollup-linux-arm-gnueabihf': [ '4.62.2' ],
1532 silly audit   '@rollup/rollup-linux-arm-musleabihf': [ '4.62.2' ],
1532 silly audit   '@rollup/rollup-linux-arm64-gnu': [ '4.62.2' ],
1532 silly audit   '@rollup/rollup-linux-arm64-musl': [ '4.62.2' ],
1532 silly audit   '@rollup/rollup-linux-loong64-gnu': [ '4.62.2' ],
1532 silly audit   '@rollup/rollup-linux-loong64-musl': [ '4.62.2' ],
1532 silly audit   '@rollup/rollup-linux-ppc64-gnu': [ '4.62.2' ],
1532 silly audit   '@rollup/rollup-linux-ppc64-musl': [ '4.62.2' ],
1532 silly audit   '@rollup/rollup-linux-riscv64-gnu': [ '4.62.2' ],
1532 silly audit   '@rollup/rollup-linux-riscv64-musl': [ '4.62.2' ],
1532 silly audit   '@rollup/rollup-linux-s390x-gnu': [ '4.62.2' ],
1532 silly audit   '@rollup/rollup-linux-x64-gnu': [ '4.62.2' ],
1532 silly audit   '@rollup/rollup-linux-x64-musl': [ '4.62.2' ],
1532 silly audit   '@rollup/rollup-openbsd-x64': [ '4.62.2' ],
1532 silly audit   '@rollup/rollup-openharmony-arm64': [ '4.62.2' ],
1532 silly audit   '@rollup/rollup-win32-arm64-msvc': [ '4.62.2' ],
1532 silly audit   '@rollup/rollup-win32-ia32-msvc': [ '4.62.2' ],
1532 silly audit   '@rollup/rollup-win32-x64-gnu': [ '4.62.2' ],
1532 silly audit   '@rollup/rollup-win32-x64-msvc': [ '4.62.2' ],
1532 silly audit   '@types/estree': [ '1.0.9' ],
1532 silly audit   '@tailwindcss/oxide-wasm32-wasi': [ '4.1.12' ]
1532 silly audit }
1533 verbose reify failed optional dependency C:\Users\Petros Kafkias\OneDrive - Draxis Environmental SA\Documents\SPICE\SPICE Co-Creation Platform Working\node_modules\@rollup\rollup-win32-ia32-msvc
1534 silly reify mark deleted [
1534 silly reify   'C:\\Users\\Petros Kafkias\\OneDrive - Draxis Environmental SA\\Documents\\SPICE\\SPICE Co-Creation Platform Working\\node_modules\\@rollup\\rollup-win32-ia32-msvc'
1534 silly reify ]
1535 verbose reify failed optional dependency C:\Users\Petros Kafkias\OneDrive - Draxis Environmental SA\Documents\SPICE\SPICE Co-Creation Platform Working\node_modules\@rollup\rollup-win32-arm64-msvc
1536 silly reify mark deleted [
1536 silly reify   'C:\\Users\\Petros Kafkias\\OneDrive - Draxis Environmental SA\\Documents\\SPICE\\SPICE Co-Creation Platform Working\\node_modules\\@rollup\\rollup-win32-arm64-msvc'
1536 silly reify ]
1537 verbose reify failed optional dependency C:\Users\Petros Kafkias\OneDrive - Draxis Environmental SA\Documents\SPICE\SPICE Co-Creation Platform Working\node_modules\@rollup\rollup-openharmony-arm64
1538 silly reify mark deleted [
1538 silly reify   'C:\\Users\\Petros Kafkias\\OneDrive - Draxis Environmental SA\\Documents\\SPICE\\SPICE Co-Creation Platform Working\\node_modules\\@rollup\\rollup-openharmony-arm64'
1538 silly reify ]
1539 verbose reify failed optional dependency C:\Users\Petros Kafkias\OneDrive - Draxis Environmental SA\Documents\SPICE\SPICE Co-Creation Platform Working\node_modules\@rollup\rollup-openbsd-x64
1540 silly reify mark deleted [
1540 silly reify   'C:\\Users\\Petros Kafkias\\OneDrive - Draxis Environmental SA\\Documents\\SPICE\\SPICE Co-Creation Platform Working\\node_modules\\@rollup\\rollup-openbsd-x64'
1540 silly reify ]
1541 verbose reify failed optional dependency C:\Users\Petros Kafkias\OneDrive - Draxis Environmental SA\Documents\SPICE\SPICE Co-Creation Platform Working\node_modules\@rollup\rollup-linux-x64-musl
1542 silly reify mark deleted [
1542 silly reify   'C:\\Users\\Petros Kafkias\\OneDrive - Draxis Environmental SA\\Documents\\SPICE\\SPICE Co-Creation Platform Working\\node_modules\\@rollup\\rollup-linux-x64-musl'
1542 silly reify ]
1543 verbose reify failed optional dependency C:\Users\Petros Kafkias\OneDrive - Draxis Environmental SA\Documents\SPICE\SPICE Co-Creation Platform Working\node_modules\@rollup\rollup-linux-x64-gnu
1544 silly reify mark deleted [
1544 silly reify   'C:\\Users\\Petros Kafkias\\OneDrive - Draxis Environmental SA\\Documents\\SPICE\\SPICE Co-Creation Platform Working\\node_modules\\@rollup\\rollup-linux-x64-gnu'
1544 silly reify ]
1545 verbose reify failed optional dependency C:\Users\Petros Kafkias\OneDrive - Draxis Environmental SA\Documents\SPICE\SPICE Co-Creation Platform Working\node_modules\@rollup\rollup-linux-s390x-gnu
1546 silly reify mark deleted [
1546 silly reify   'C:\\Users\\Petros Kafkias\\OneDrive - Draxis Environmental SA\\Documents\\SPICE\\SPICE Co-Creation Platform Working\\node_modules\\@rollup\\rollup-linux-s390x-gnu'
1546 silly reify ]
1547 verbose reify failed optional dependency C:\Users\Petros Kafkias\OneDrive - Draxis Environmental SA\Documents\SPICE\SPICE Co-Creation Platform Working\node_modules\@rollup\rollup-linux-riscv64-musl
1548 silly reify mark deleted [
1548 silly reify   'C:\\Users\\Petros Kafkias\\OneDrive - Draxis Environmental SA\\Documents\\SPICE\\SPICE Co-Creation Platform Working\\node_modules\\@rollup\\rollup-linux-riscv64-musl'
1548 silly reify ]
1549 verbose reify failed optional dependency C:\Users\Petros Kafkias\OneDrive - Draxis Environmental SA\Documents\SPICE\SPICE Co-Creation Platform Working\node_modules\@rollup\rollup-linux-riscv64-gnu
1550 silly reify mark deleted [
1550 silly reify   'C:\\Users\\Petros Kafkias\\OneDrive - Draxis Environmental SA\\Documents\\SPICE\\SPICE Co-Creation Platform Working\\node_modules\\@rollup\\rollup-linux-riscv64-gnu'
1550 silly reify ]
1551 verbose reify failed optional dependency C:\Users\Petros Kafkias\OneDrive - Draxis Environmental SA\Documents\SPICE\SPICE Co-Creation Platform Working\node_modules\@rollup\rollup-linux-ppc64-musl
1552 silly reify mark deleted [
1552 silly reify   'C:\\Users\\Petros Kafkias\\OneDrive - Draxis Environmental SA\\Documents\\SPICE\\SPICE Co-Creation Platform Working\\node_modules\\@rollup\\rollup-linux-ppc64-musl'
1552 silly reify ]
1553 verbose reify failed optional dependency C:\Users\Petros Kafkias\OneDrive - Draxis Environmental SA\Documents\SPICE\SPICE Co-Creation Platform Working\node_modules\@rollup\rollup-linux-ppc64-gnu
1554 silly reify mark deleted [
1554 silly reify   'C:\\Users\\Petros Kafkias\\OneDrive - Draxis Environmental SA\\Documents\\SPICE\\SPICE Co-Creation Platform Working\\node_modules\\@rollup\\rollup-linux-ppc64-gnu'
1554 silly reify ]
1555 verbose reify failed optional dependency C:\Users\Petros Kafkias\OneDrive - Draxis Environmental SA\Documents\SPICE\SPICE Co-Creation Platform Working\node_modules\@rollup\rollup-linux-loong64-musl
1556 silly reify mark deleted [
1556 silly reify   'C:\\Users\\Petros Kafkias\\OneDrive - Draxis Environmental SA\\Documents\\SPICE\\SPICE Co-Creation Platform Working\\node_modules\\@rollup\\rollup-linux-loong64-musl'
1556 silly reify ]
1557 verbose reify failed optional dependency C:\Users\Petros Kafkias\OneDrive - Draxis Environmental SA\Documents\SPICE\SPICE Co-Creation Platform Working\node_modules\@rollup\rollup-linux-loong64-gnu
1558 silly reify mark deleted [
1558 silly reify   'C:\\Users\\Petros Kafkias\\OneDrive - Draxis Environmental SA\\Documents\\SPICE\\SPICE Co-Creation Platform Working\\node_modules\\@rollup\\rollup-linux-loong64-gnu'
1558 silly reify ]
1559 verbose reify failed optional dependency C:\Users\Petros Kafkias\OneDrive - Draxis Environmental SA\Documents\SPICE\SPICE Co-Creation Platform Working\node_modules\@rollup\rollup-linux-arm64-musl
1560 silly reify mark deleted [
1560 silly reify   'C:\\Users\\Petros Kafkias\\OneDrive - Draxis Environmental SA\\Documents\\SPICE\\SPICE Co-Creation Platform Working\\node_modules\\@rollup\\rollup-linux-arm64-musl'
1560 silly reify ]
1561 verbose reify failed optional dependency C:\Users\Petros Kafkias\OneDrive - Draxis Environmental SA\Documents\SPICE\SPICE Co-Creation Platform Working\node_modules\@rollup\rollup-linux-arm64-gnu
1562 silly reify mark deleted [
1562 silly reify   'C:\\Users\\Petros Kafkias\\OneDrive - Draxis Environmental SA\\Documents\\SPICE\\SPICE Co-Creation Platform Working\\node_modules\\@rollup\\rollup-linux-arm64-gnu'
1562 silly reify ]
1563 verbose reify failed optional dependency C:\Users\Petros Kafkias\OneDrive - Draxis Environmental SA\Documents\SPICE\SPICE Co-Creation Platform Working\node_modules\@rollup\rollup-linux-arm-musleabihf
1564 silly reify mark deleted [
1564 silly reify   'C:\\Users\\Petros Kafkias\\OneDrive - Draxis Environmental SA\\Documents\\SPICE\\SPICE Co-Creation Platform Working\\node_modules\\@rollup\\rollup-linux-arm-musleabihf'
1564 silly reify ]
1565 verbose reify failed optional dependency C:\Users\Petros Kafkias\OneDrive - Draxis Environmental SA\Documents\SPICE\SPICE Co-Creation Platform Working\node_modules\@rollup\rollup-linux-arm-gnueabihf
1566 silly reify mark deleted [
1566 silly reify   'C:\\Users\\Petros Kafkias\\OneDrive - Draxis Environmental SA\\Documents\\SPICE\\SPICE Co-Creation Platform Working\\node_modules\\@rollup\\rollup-linux-arm-gnueabihf'
1566 silly reify ]
1567 verbose reify failed optional dependency C:\Users\Petros Kafkias\OneDrive - Draxis Environmental SA\Documents\SPICE\SPICE Co-Creation Platform Working\node_modules\@rollup\rollup-freebsd-x64
1568 silly reify mark deleted [
1568 silly reify   'C:\\Users\\Petros Kafkias\\OneDrive - Draxis Environmental SA\\Documents\\SPICE\\SPICE Co-Creation Platform Working\\node_modules\\@rollup\\rollup-freebsd-x64'
1568 silly reify ]
1569 verbose reify failed optional dependency C:\Users\Petros Kafkias\OneDrive - Draxis Environmental SA\Documents\SPICE\SPICE Co-Creation Platform Working\node_modules\@rollup\rollup-freebsd-arm64
1570 silly reify mark deleted [
1570 silly reify   'C:\\Users\\Petros Kafkias\\OneDrive - Draxis Environmental SA\\Documents\\SPICE\\SPICE Co-Creation Platform Working\\node_modules\\@rollup\\rollup-freebsd-arm64'
1570 silly reify ]
1571 verbose reify failed optional dependency C:\Users\Petros Kafkias\OneDrive - Draxis Environmental SA\Documents\SPICE\SPICE Co-Creation Platform Working\node_modules\@rollup\rollup-darwin-x64
1572 silly reify mark deleted [
1572 silly reify   'C:\\Users\\Petros Kafkias\\OneDrive - Draxis Environmental SA\\Documents\\SPICE\\SPICE Co-Creation Platform Working\\node_modules\\@rollup\\rollup-darwin-x64'
1572 silly reify ]
1573 verbose reify failed optional dependency C:\Users\Petros Kafkias\OneDrive - Draxis Environmental SA\Documents\SPICE\SPICE Co-Creation Platform Working\node_modules\@rollup\rollup-darwin-arm64
1574 silly reify mark deleted [
1574 silly reify   'C:\\Users\\Petros Kafkias\\OneDrive - Draxis Environmental SA\\Documents\\SPICE\\SPICE Co-Creation Platform Working\\node_modules\\@rollup\\rollup-darwin-arm64'
1574 silly reify ]
1575 verbose reify failed optional dependency C:\Users\Petros Kafkias\OneDrive - Draxis Environmental SA\Documents\SPICE\SPICE Co-Creation Platform Working\node_modules\@rollup\rollup-android-arm64
1576 silly reify mark deleted [
1576 silly reify   'C:\\Users\\Petros Kafkias\\OneDrive - Draxis Environmental SA\\Documents\\SPICE\\SPICE Co-Creation Platform Working\\node_modules\\@rollup\\rollup-android-arm64'
1576 silly reify ]
1577 verbose reify failed optional dependency C:\Users\Petros Kafkias\OneDrive - Draxis Environmental SA\Documents\SPICE\SPICE Co-Creation Platform Working\node_modules\@rollup\rollup-android-arm-eabi
1578 silly reify mark deleted [
1578 silly reify   'C:\\Users\\Petros Kafkias\\OneDrive - Draxis Environmental SA\\Documents\\SPICE\\SPICE Co-Creation Platform Working\\node_modules\\@rollup\\rollup-android-arm-eabi'
1578 silly reify ]
1579 verbose reify failed optional dependency C:\Users\Petros Kafkias\OneDrive - Draxis Environmental SA\Documents\SPICE\SPICE Co-Creation Platform Working\node_modules\@esbuild\win32-ia32
1580 silly reify mark deleted [
1580 silly reify   'C:\\Users\\Petros Kafkias\\OneDrive - Draxis Environmental SA\\Documents\\SPICE\\SPICE Co-Creation Platform Working\\node_modules\\@esbuild\\win32-ia32'
1580 silly reify ]
1581 verbose reify failed optional dependency C:\Users\Petros Kafkias\OneDrive - Draxis Environmental SA\Documents\SPICE\SPICE Co-Creation Platform Working\node_modules\@esbuild\win32-arm64
1582 silly reify mark deleted [
1582 silly reify   'C:\\Users\\Petros Kafkias\\OneDrive - Draxis Environmental SA\\Documents\\SPICE\\SPICE Co-Creation Platform Working\\node_modules\\@esbuild\\win32-arm64'
1582 silly reify ]
1583 verbose reify failed optional dependency C:\Users\Petros Kafkias\OneDrive - Draxis Environmental SA\Documents\SPICE\SPICE Co-Creation Platform Working\node_modules\@esbuild\sunos-x64
1584 silly reify mark deleted [
1584 silly reify   'C:\\Users\\Petros Kafkias\\OneDrive - Draxis Environmental SA\\Documents\\SPICE\\SPICE Co-Creation Platform Working\\node_modules\\@esbuild\\sunos-x64'
1584 silly reify ]
1585 verbose reify failed optional dependency C:\Users\Petros Kafkias\OneDrive - Draxis Environmental SA\Documents\SPICE\SPICE Co-Creation Platform Working\node_modules\@esbuild\openharmony-arm64
1586 silly reify mark deleted [
1586 silly reify   'C:\\Users\\Petros Kafkias\\OneDrive - Draxis Environmental SA\\Documents\\SPICE\\SPICE Co-Creation Platform Working\\node_modules\\@esbuild\\openharmony-arm64'
1586 silly reify ]
1587 verbose reify failed optional dependency C:\Users\Petros Kafkias\OneDrive - Draxis Environmental SA\Documents\SPICE\SPICE Co-Creation Platform Working\node_modules\@esbuild\openbsd-x64
1588 silly reify mark deleted [
1588 silly reify   'C:\\Users\\Petros Kafkias\\OneDrive - Draxis Environmental SA\\Documents\\SPICE\\SPICE Co-Creation Platform Working\\node_modules\\@esbuild\\openbsd-x64'
1588 silly reify ]
1589 verbose reify failed optional dependency C:\Users\Petros Kafkias\OneDrive - Draxis Environmental SA\Documents\SPICE\SPICE Co-Creation Platform Working\node_modules\@esbuild\openbsd-arm64
1590 silly reify mark deleted [
1590 silly reify   'C:\\Users\\Petros Kafkias\\OneDrive - Draxis Environmental SA\\Documents\\SPICE\\SPICE Co-Creation Platform Working\\node_modules\\@esbuild\\openbsd-arm64'
1590 silly reify ]
1591 verbose reify failed optional dependency C:\Users\Petros Kafkias\OneDrive - Draxis Environmental SA\Documents\SPICE\SPICE Co-Creation Platform Working\node_modules\@esbuild\netbsd-x64
1592 silly reify mark deleted [
1592 silly reify   'C:\\Users\\Petros Kafkias\\OneDrive - Draxis Environmental SA\\Documents\\SPICE\\SPICE Co-Creation Platform Working\\node_modules\\@esbuild\\netbsd-x64'
1592 silly reify ]
1593 verbose reify failed optional dependency C:\Users\Petros Kafkias\OneDrive - Draxis Environmental SA\Documents\SPICE\SPICE Co-Creation Platform Working\node_modules\@esbuild\netbsd-arm64
1594 silly reify mark deleted [
1594 silly reify   'C:\\Users\\Petros Kafkias\\OneDrive - Draxis Environmental SA\\Documents\\SPICE\\SPICE Co-Creation Platform Working\\node_modules\\@esbuild\\netbsd-arm64'
1594 silly reify ]
1595 verbose reify failed optional dependency C:\Users\Petros Kafkias\OneDrive - Draxis Environmental SA\Documents\SPICE\SPICE Co-Creation Platform Working\node_modules\@esbuild\linux-x64
1596 silly reify mark deleted [
1596 silly reify   'C:\\Users\\Petros Kafkias\\OneDrive - Draxis Environmental SA\\Documents\\SPICE\\SPICE Co-Creation Platform Working\\node_modules\\@esbuild\\linux-x64'
1596 silly reify ]
1597 verbose reify failed optional dependency C:\Users\Petros Kafkias\OneDrive - Draxis Environmental SA\Documents\SPICE\SPICE Co-Creation Platform Working\node_modules\@esbuild\linux-s390x
1598 silly reify mark deleted [
1598 silly reify   'C:\\Users\\Petros Kafkias\\OneDrive - Draxis Environmental SA\\Documents\\SPICE\\SPICE Co-Creation Platform Working\\node_modules\\@esbuild\\linux-s390x'
1598 silly reify ]
1599 verbose reify failed optional dependency C:\Users\Petros Kafkias\OneDrive - Draxis Environmental SA\Documents\SPICE\SPICE Co-Creation Platform Working\node_modules\@esbuild\linux-riscv64
1600 silly reify mark deleted [
1600 silly reify   'C:\\Users\\Petros Kafkias\\OneDrive - Draxis Environmental SA\\Documents\\SPICE\\SPICE Co-Creation Platform Working\\node_modules\\@esbuild\\linux-riscv64'
1600 silly reify ]
1601 verbose reify failed optional dependency C:\Users\Petros Kafkias\OneDrive - Draxis Environmental SA\Documents\SPICE\SPICE Co-Creation Platform Working\node_modules\@esbuild\linux-ppc64
1602 silly reify mark deleted [
1602 silly reify   'C:\\Users\\Petros Kafkias\\OneDrive - Draxis Environmental SA\\Documents\\SPICE\\SPICE Co-Creation Platform Working\\node_modules\\@esbuild\\linux-ppc64'
1602 silly reify ]
1603 verbose reify failed optional dependency C:\Users\Petros Kafkias\OneDrive - Draxis Environmental SA\Documents\SPICE\SPICE Co-Creation Platform Working\node_modules\@esbuild\linux-mips64el
1604 silly reify mark deleted [
1604 silly reify   'C:\\Users\\Petros Kafkias\\OneDrive - Draxis Environmental SA\\Documents\\SPICE\\SPICE Co-Creation Platform Working\\node_modules\\@esbuild\\linux-mips64el'
1604 silly reify ]
1605 verbose reify failed optional dependency C:\Users\Petros Kafkias\OneDrive - Draxis Environmental SA\Documents\SPICE\SPICE Co-Creation Platform Working\node_modules\@esbuild\linux-loong64
1606 silly reify mark deleted [
1606 silly reify   'C:\\Users\\Petros Kafkias\\OneDrive - Draxis Environmental SA\\Documents\\SPICE\\SPICE Co-Creation Platform Working\\node_modules\\@esbuild\\linux-loong64'
1606 silly reify ]
1607 verbose reify failed optional dependency C:\Users\Petros Kafkias\OneDrive - Draxis Environmental SA\Documents\SPICE\SPICE Co-Creation Platform Working\node_modules\@esbuild\linux-ia32
1608 silly reify mark deleted [
1608 silly reify   'C:\\Users\\Petros Kafkias\\OneDrive - Draxis Environmental SA\\Documents\\SPICE\\SPICE Co-Creation Platform Working\\node_modules\\@esbuild\\linux-ia32'
1608 silly reify ]
1609 verbose reify failed optional dependency C:\Users\Petros Kafkias\OneDrive - Draxis Environmental SA\Documents\SPICE\SPICE Co-Creation Platform Working\node_modules\@esbuild\linux-arm64
1610 silly reify mark deleted [
1610 silly reify   'C:\\Users\\Petros Kafkias\\OneDrive - Draxis Environmental SA\\Documents\\SPICE\\SPICE Co-Creation Platform Working\\node_modules\\@esbuild\\linux-arm64'
1610 silly reify ]
1611 verbose reify failed optional dependency C:\Users\Petros Kafkias\OneDrive - Draxis Environmental SA\Documents\SPICE\SPICE Co-Creation Platform Working\node_modules\@esbuild\linux-arm
1612 silly reify mark deleted [
1612 silly reify   'C:\\Users\\Petros Kafkias\\OneDrive - Draxis Environmental SA\\Documents\\SPICE\\SPICE Co-Creation Platform Working\\node_modules\\@esbuild\\linux-arm'
1612 silly reify ]
1613 verbose reify failed optional dependency C:\Users\Petros Kafkias\OneDrive - Draxis Environmental SA\Documents\SPICE\SPICE Co-Creation Platform Working\node_modules\@esbuild\freebsd-x64
1614 silly reify mark deleted [
1614 silly reify   'C:\\Users\\Petros Kafkias\\OneDrive - Draxis Environmental SA\\Documents\\SPICE\\SPICE Co-Creation Platform Working\\node_modules\\@esbuild\\freebsd-x64'
1614 silly reify ]
1615 verbose reify failed optional dependency C:\Users\Petros Kafkias\OneDrive - Draxis Environmental SA\Documents\SPICE\SPICE Co-Creation Platform Working\node_modules\@esbuild\freebsd-arm64
1616 silly reify mark deleted [
1616 silly reify   'C:\\Users\\Petros Kafkias\\OneDrive - Draxis Environmental SA\\Documents\\SPICE\\SPICE Co-Creation Platform Working\\node_modules\\@esbuild\\freebsd-arm64'
1616 silly reify ]
1617 verbose reify failed optional dependency C:\Users\Petros Kafkias\OneDrive - Draxis Environmental SA\Documents\SPICE\SPICE Co-Creation Platform Working\node_modules\@esbuild\darwin-x64
1618 silly reify mark deleted [
1618 silly reify   'C:\\Users\\Petros Kafkias\\OneDrive - Draxis Environmental SA\\Documents\\SPICE\\SPICE Co-Creation Platform Working\\node_modules\\@esbuild\\darwin-x64'
1618 silly reify ]
1619 verbose reify failed optional dependency C:\Users\Petros Kafkias\OneDrive - Draxis Environmental SA\Documents\SPICE\SPICE Co-Creation Platform Working\node_modules\@esbuild\darwin-arm64
1620 silly reify mark deleted [
1620 silly reify   'C:\\Users\\Petros Kafkias\\OneDrive - Draxis Environmental SA\\Documents\\SPICE\\SPICE Co-Creation Platform Working\\node_modules\\@esbuild\\darwin-arm64'
1620 silly reify ]
1621 verbose reify failed optional dependency C:\Users\Petros Kafkias\OneDrive - Draxis Environmental SA\Documents\SPICE\SPICE Co-Creation Platform Working\node_modules\@esbuild\android-x64
1622 silly reify mark deleted [
1622 silly reify   'C:\\Users\\Petros Kafkias\\OneDrive - Draxis Environmental SA\\Documents\\SPICE\\SPICE Co-Creation Platform Working\\node_modules\\@esbuild\\android-x64'
1622 silly reify ]
1623 verbose reify failed optional dependency C:\Users\Petros Kafkias\OneDrive - Draxis Environmental SA\Documents\SPICE\SPICE Co-Creation Platform Working\node_modules\@esbuild\android-arm64
1624 silly reify mark deleted [
1624 silly reify   'C:\\Users\\Petros Kafkias\\OneDrive - Draxis Environmental SA\\Documents\\SPICE\\SPICE Co-Creation Platform Working\\node_modules\\@esbuild\\android-arm64'
1624 silly reify ]
1625 verbose reify failed optional dependency C:\Users\Petros Kafkias\OneDrive - Draxis Environmental SA\Documents\SPICE\SPICE Co-Creation Platform Working\node_modules\@esbuild\android-arm
1626 silly reify mark deleted [
1626 silly reify   'C:\\Users\\Petros Kafkias\\OneDrive - Draxis Environmental SA\\Documents\\SPICE\\SPICE Co-Creation Platform Working\\node_modules\\@esbuild\\android-arm'
1626 silly reify ]
1627 verbose reify failed optional dependency C:\Users\Petros Kafkias\OneDrive - Draxis Environmental SA\Documents\SPICE\SPICE Co-Creation Platform Working\node_modules\@esbuild\aix-ppc64
1628 silly reify mark deleted [
1628 silly reify   'C:\\Users\\Petros Kafkias\\OneDrive - Draxis Environmental SA\\Documents\\SPICE\\SPICE Co-Creation Platform Working\\node_modules\\@esbuild\\aix-ppc64'
1628 silly reify ]
1629 verbose reify failed optional dependency C:\Users\Petros Kafkias\OneDrive - Draxis Environmental SA\Documents\SPICE\SPICE Co-Creation Platform Working\node_modules\fsevents
1630 silly reify mark deleted [
1630 silly reify   'C:\\Users\\Petros Kafkias\\OneDrive - Draxis Environmental SA\\Documents\\SPICE\\SPICE Co-Creation Platform Working\\node_modules\\fsevents'
1630 silly reify ]
1631 verbose reify failed optional dependency C:\Users\Petros Kafkias\OneDrive - Draxis Environmental SA\Documents\SPICE\SPICE Co-Creation Platform Working\node_modules\lightningcss-win32-arm64-msvc
1632 silly reify mark deleted [
1632 silly reify   'C:\\Users\\Petros Kafkias\\OneDrive - Draxis Environmental SA\\Documents\\SPICE\\SPICE Co-Creation Platform Working\\node_modules\\lightningcss-win32-arm64-msvc'
1632 silly reify ]
1633 verbose reify failed optional dependency C:\Users\Petros Kafkias\OneDrive - Draxis Environmental SA\Documents\SPICE\SPICE Co-Creation Platform Working\node_modules\lightningcss-linux-x64-musl
1634 silly reify mark deleted [
1634 silly reify   'C:\\Users\\Petros Kafkias\\OneDrive - Draxis Environmental SA\\Documents\\SPICE\\SPICE Co-Creation Platform Working\\node_modules\\lightningcss-linux-x64-musl'
1634 silly reify ]
1635 verbose reify failed optional dependency C:\Users\Petros Kafkias\OneDrive - Draxis Environmental SA\Documents\SPICE\SPICE Co-Creation Platform Working\node_modules\lightningcss-linux-x64-gnu
1636 silly reify mark deleted [
1636 silly reify   'C:\\Users\\Petros Kafkias\\OneDrive - Draxis Environmental SA\\Documents\\SPICE\\SPICE Co-Creation Platform Working\\node_modules\\lightningcss-linux-x64-gnu'
1636 silly reify ]
1637 verbose reify failed optional dependency C:\Users\Petros Kafkias\OneDrive - Draxis Environmental SA\Documents\SPICE\SPICE Co-Creation Platform Working\node_modules\lightningcss-linux-arm64-musl
1638 silly reify mark deleted [
1638 silly reify   'C:\\Users\\Petros Kafkias\\OneDrive - Draxis Environmental SA\\Documents\\SPICE\\SPICE Co-Creation Platform Working\\node_modules\\lightningcss-linux-arm64-musl'
1638 silly reify ]
1639 verbose reify failed optional dependency C:\Users\Petros Kafkias\OneDrive - Draxis Environmental SA\Documents\SPICE\SPICE Co-Creation Platform Working\node_modules\lightningcss-linux-arm64-gnu
1640 silly reify mark deleted [
1640 silly reify   'C:\\Users\\Petros Kafkias\\OneDrive - Draxis Environmental SA\\Documents\\SPICE\\SPICE Co-Creation Platform Working\\node_modules\\lightningcss-linux-arm64-gnu'
1640 silly reify ]
1641 verbose reify failed optional dependency C:\Users\Petros Kafkias\OneDrive - Draxis Environmental SA\Documents\SPICE\SPICE Co-Creation Platform Working\node_modules\lightningcss-linux-arm-gnueabihf
1642 silly reify mark deleted [
1642 silly reify   'C:\\Users\\Petros Kafkias\\OneDrive - Draxis Environmental SA\\Documents\\SPICE\\SPICE Co-Creation Platform Working\\node_modules\\lightningcss-linux-arm-gnueabihf'
1642 silly reify ]
1643 verbose reify failed optional dependency C:\Users\Petros Kafkias\OneDrive - Draxis Environmental SA\Documents\SPICE\SPICE Co-Creation Platform Working\node_modules\lightningcss-freebsd-x64
1644 silly reify mark deleted [
1644 silly reify   'C:\\Users\\Petros Kafkias\\OneDrive - Draxis Environmental SA\\Documents\\SPICE\\SPICE Co-Creation Platform Working\\node_modules\\lightningcss-freebsd-x64'
1644 silly reify ]
1645 verbose reify failed optional dependency C:\Users\Petros Kafkias\OneDrive - Draxis Environmental SA\Documents\SPICE\SPICE Co-Creation Platform Working\node_modules\lightningcss-darwin-x64
1646 silly reify mark deleted [
1646 silly reify   'C:\\Users\\Petros Kafkias\\OneDrive - Draxis Environmental SA\\Documents\\SPICE\\SPICE Co-Creation Platform Working\\node_modules\\lightningcss-darwin-x64'
1646 silly reify ]
1647 verbose reify failed optional dependency C:\Users\Petros Kafkias\OneDrive - Draxis Environmental SA\Documents\SPICE\SPICE Co-Creation Platform Working\node_modules\lightningcss-darwin-arm64
1648 silly reify mark deleted [
1648 silly reify   'C:\\Users\\Petros Kafkias\\OneDrive - Draxis Environmental SA\\Documents\\SPICE\\SPICE Co-Creation Platform Working\\node_modules\\lightningcss-darwin-arm64'
1648 silly reify ]
1649 verbose reify failed optional dependency C:\Users\Petros Kafkias\OneDrive - Draxis Environmental SA\Documents\SPICE\SPICE Co-Creation Platform Working\node_modules\@tailwindcss\oxide-win32-arm64-msvc
1650 silly reify mark deleted [
1650 silly reify   'C:\\Users\\Petros Kafkias\\OneDrive - Draxis Environmental SA\\Documents\\SPICE\\SPICE Co-Creation Platform Working\\node_modules\\@tailwindcss\\oxide-win32-arm64-msvc'
1650 silly reify ]
1651 verbose reify failed optional dependency C:\Users\Petros Kafkias\OneDrive - Draxis Environmental SA\Documents\SPICE\SPICE Co-Creation Platform Working\node_modules\@tailwindcss\oxide-linux-x64-musl
1652 silly reify mark deleted [
1652 silly reify   'C:\\Users\\Petros Kafkias\\OneDrive - Draxis Environmental SA\\Documents\\SPICE\\SPICE Co-Creation Platform Working\\node_modules\\@tailwindcss\\oxide-linux-x64-musl'
1652 silly reify ]
1653 verbose reify failed optional dependency C:\Users\Petros Kafkias\OneDrive - Draxis Environmental SA\Documents\SPICE\SPICE Co-Creation Platform Working\node_modules\@tailwindcss\oxide-linux-x64-gnu
1654 silly reify mark deleted [
1654 silly reify   'C:\\Users\\Petros Kafkias\\OneDrive - Draxis Environmental SA\\Documents\\SPICE\\SPICE Co-Creation Platform Working\\node_modules\\@tailwindcss\\oxide-linux-x64-gnu'
1654 silly reify ]
1655 verbose reify failed optional dependency C:\Users\Petros Kafkias\OneDrive - Draxis Environmental SA\Documents\SPICE\SPICE Co-Creation Platform Working\node_modules\@tailwindcss\oxide-linux-arm64-musl
1656 silly reify mark deleted [
1656 silly reify   'C:\\Users\\Petros Kafkias\\OneDrive - Draxis Environmental SA\\Documents\\SPICE\\SPICE Co-Creation Platform Working\\node_modules\\@tailwindcss\\oxide-linux-arm64-musl'
1656 silly reify ]
1657 verbose reify failed optional dependency C:\Users\Petros Kafkias\OneDrive - Draxis Environmental SA\Documents\SPICE\SPICE Co-Creation Platform Working\node_modules\@tailwindcss\oxide-linux-arm64-gnu
1658 silly reify mark deleted [
1658 silly reify   'C:\\Users\\Petros Kafkias\\OneDrive - Draxis Environmental SA\\Documents\\SPICE\\SPICE Co-Creation Platform Working\\node_modules\\@tailwindcss\\oxide-linux-arm64-gnu'
1658 silly reify ]
1659 verbose reify failed optional dependency C:\Users\Petros Kafkias\OneDrive - Draxis Environmental SA\Documents\SPICE\SPICE Co-Creation Platform Working\node_modules\@tailwindcss\oxide-linux-arm-gnueabihf
1660 silly reify mark deleted [
1660 silly reify   'C:\\Users\\Petros Kafkias\\OneDrive - Draxis Environmental SA\\Documents\\SPICE\\SPICE Co-Creation Platform Working\\node_modules\\@tailwindcss\\oxide-linux-arm-gnueabihf'
1660 silly reify ]
1661 verbose reify failed optional dependency C:\Users\Petros Kafkias\OneDrive - Draxis Environmental SA\Documents\SPICE\SPICE Co-Creation Platform Working\node_modules\@tailwindcss\oxide-freebsd-x64
1662 silly reify mark deleted [
1662 silly reify   'C:\\Users\\Petros Kafkias\\OneDrive - Draxis Environmental SA\\Documents\\SPICE\\SPICE Co-Creation Platform Working\\node_modules\\@tailwindcss\\oxide-freebsd-x64'
1662 silly reify ]
1663 verbose reify failed optional dependency C:\Users\Petros Kafkias\OneDrive - Draxis Environmental SA\Documents\SPICE\SPICE Co-Creation Platform Working\node_modules\@tailwindcss\oxide-darwin-x64
1664 silly reify mark deleted [
1664 silly reify   'C:\\Users\\Petros Kafkias\\OneDrive - Draxis Environmental SA\\Documents\\SPICE\\SPICE Co-Creation Platform Working\\node_modules\\@tailwindcss\\oxide-darwin-x64'
1664 silly reify ]
1665 verbose reify failed optional dependency C:\Users\Petros Kafkias\OneDrive - Draxis Environmental SA\Documents\SPICE\SPICE Co-Creation Platform Working\node_modules\@tailwindcss\oxide-darwin-arm64
1666 silly reify mark deleted [
1666 silly reify   'C:\\Users\\Petros Kafkias\\OneDrive - Draxis Environmental SA\\Documents\\SPICE\\SPICE Co-Creation Platform Working\\node_modules\\@tailwindcss\\oxide-darwin-arm64'
1666 silly reify ]
1667 verbose reify failed optional dependency C:\Users\Petros Kafkias\OneDrive - Draxis Environmental SA\Documents\SPICE\SPICE Co-Creation Platform Working\node_modules\@tailwindcss\oxide-android-arm64
1668 silly reify mark deleted [
1668 silly reify   'C:\\Users\\Petros Kafkias\\OneDrive - Draxis Environmental SA\\Documents\\SPICE\\SPICE Co-Creation Platform Working\\node_modules\\@tailwindcss\\oxide-android-arm64'
1668 silly reify ]
1669 timing reifyNode:node_modules/@rollup/rollup-win32-ia32-msvc Completed in 108ms
1670 timing reifyNode:node_modules/@rollup/rollup-win32-arm64-msvc Completed in 108ms
1671 timing reifyNode:node_modules/@rollup/rollup-openharmony-arm64 Completed in 108ms
1672 timing reifyNode:node_modules/@rollup/rollup-openbsd-x64 Completed in 108ms
1673 timing reifyNode:node_modules/@rollup/rollup-linux-x64-musl Completed in 108ms
1674 timing reifyNode:node_modules/@rollup/rollup-linux-x64-gnu Completed in 108ms
1675 timing reifyNode:node_modules/@rollup/rollup-linux-s390x-gnu Completed in 108ms
1676 timing reifyNode:node_modules/@rollup/rollup-linux-riscv64-musl Completed in 108ms
1677 timing reifyNode:node_modules/@rollup/rollup-linux-riscv64-gnu Completed in 108ms
1678 timing reifyNode:node_modules/@rollup/rollup-linux-ppc64-musl Completed in 108ms
1679 timing reifyNode:node_modules/@rollup/rollup-linux-ppc64-gnu Completed in 108ms
1680 timing reifyNode:node_modules/@rollup/rollup-linux-loong64-musl Completed in 108ms
1681 timing reifyNode:node_modules/@rollup/rollup-linux-loong64-gnu Completed in 108ms
1682 timing reifyNode:node_modules/@rollup/rollup-linux-arm64-musl Completed in 108ms
1683 timing reifyNode:node_modules/@rollup/rollup-linux-arm64-gnu Completed in 109ms
1684 timing reifyNode:node_modules/@rollup/rollup-linux-arm-musleabihf Completed in 109ms
1685 timing reifyNode:node_modules/@rollup/rollup-linux-arm-gnueabihf Completed in 109ms
1686 timing reifyNode:node_modules/@rollup/rollup-freebsd-x64 Completed in 109ms
1687 timing reifyNode:node_modules/@rollup/rollup-freebsd-arm64 Completed in 109ms
1688 timing reifyNode:node_modules/@rollup/rollup-darwin-x64 Completed in 109ms
1689 timing reifyNode:node_modules/@rollup/rollup-darwin-arm64 Completed in 109ms
1690 timing reifyNode:node_modules/@rollup/rollup-android-arm64 Completed in 110ms
1691 timing reifyNode:node_modules/@rollup/rollup-android-arm-eabi Completed in 110ms
1692 timing reifyNode:node_modules/@esbuild/win32-ia32 Completed in 109ms
1693 timing reifyNode:node_modules/@esbuild/win32-arm64 Completed in 109ms
1694 timing reifyNode:node_modules/@esbuild/sunos-x64 Completed in 109ms
1695 timing reifyNode:node_modules/@esbuild/openharmony-arm64 Completed in 109ms
1696 timing reifyNode:node_modules/@esbuild/openbsd-x64 Completed in 110ms
1697 timing reifyNode:node_modules/@esbuild/openbsd-arm64 Completed in 110ms
1698 timing reifyNode:node_modules/@esbuild/netbsd-x64 Completed in 110ms
1699 timing reifyNode:node_modules/@esbuild/netbsd-arm64 Completed in 110ms
1700 timing reifyNode:node_modules/@esbuild/linux-x64 Completed in 110ms
1701 timing reifyNode:node_modules/@esbuild/linux-s390x Completed in 111ms
1702 timing reifyNode:node_modules/@esbuild/linux-riscv64 Completed in 111ms
1703 timing reifyNode:node_modules/@esbuild/linux-ppc64 Completed in 111ms
1704 timing reifyNode:node_modules/@esbuild/linux-mips64el Completed in 111ms
1705 timing reifyNode:node_modules/@esbuild/linux-loong64 Completed in 111ms
1706 timing reifyNode:node_modules/@esbuild/linux-ia32 Completed in 112ms
1707 timing reifyNode:node_modules/@esbuild/linux-arm64 Completed in 111ms
1708 timing reifyNode:node_modules/@esbuild/linux-arm Completed in 111ms
1709 timing reifyNode:node_modules/@esbuild/freebsd-x64 Completed in 111ms
1710 timing reifyNode:node_modules/@esbuild/freebsd-arm64 Completed in 111ms
1711 timing reifyNode:node_modules/@esbuild/darwin-x64 Completed in 111ms
1712 timing reifyNode:node_modules/@esbuild/darwin-arm64 Completed in 111ms
1713 timing reifyNode:node_modules/@esbuild/android-x64 Completed in 111ms
1714 timing reifyNode:node_modules/@esbuild/android-arm64 Completed in 112ms
1715 timing reifyNode:node_modules/@esbuild/android-arm Completed in 112ms
1716 timing reifyNode:node_modules/@esbuild/aix-ppc64 Completed in 112ms
1717 timing reifyNode:node_modules/fsevents Completed in 111ms
1718 timing reifyNode:node_modules/lightningcss-win32-arm64-msvc Completed in 104ms
1719 timing reifyNode:node_modules/lightningcss-linux-x64-musl Completed in 104ms
1720 timing reifyNode:node_modules/lightningcss-linux-x64-gnu Completed in 104ms
1721 timing reifyNode:node_modules/lightningcss-linux-arm64-musl Completed in 104ms
1722 timing reifyNode:node_modules/lightningcss-linux-arm64-gnu Completed in 104ms
1723 timing reifyNode:node_modules/lightningcss-linux-arm-gnueabihf Completed in 104ms
1724 timing reifyNode:node_modules/lightningcss-freebsd-x64 Completed in 104ms
1725 timing reifyNode:node_modules/lightningcss-darwin-x64 Completed in 104ms
1726 timing reifyNode:node_modules/lightningcss-darwin-arm64 Completed in 104ms
1727 timing reifyNode:node_modules/@tailwindcss/oxide-win32-arm64-msvc Completed in 102ms
1728 timing reifyNode:node_modules/@tailwindcss/oxide-linux-x64-musl Completed in 103ms
1729 timing reifyNode:node_modules/@tailwindcss/oxide-linux-x64-gnu Completed in 103ms
1730 timing reifyNode:node_modules/@tailwindcss/oxide-linux-arm64-musl Completed in 103ms
1731 timing reifyNode:node_modules/@tailwindcss/oxide-linux-arm64-gnu Completed in 103ms
1732 timing reifyNode:node_modules/@tailwindcss/oxide-linux-arm-gnueabihf Completed in 103ms
1733 timing reifyNode:node_modules/@tailwindcss/oxide-freebsd-x64 Completed in 103ms
1734 timing reifyNode:node_modules/@tailwindcss/oxide-darwin-x64 Completed in 103ms
1735 timing reifyNode:node_modules/@tailwindcss/oxide-darwin-arm64 Completed in 103ms
1736 timing reifyNode:node_modules/@tailwindcss/oxide-android-arm64 Completed in 103ms
1737 silly tarball no local data for @rollup/rollup-win32-x64-msvc@https://registry.npmjs.org/@rollup/rollup-win32-x64-msvc/-/rollup-win32-x64-msvc-4.62.2.tgz. Extracting by manifest.
1738 silly tarball no local data for @types/estree@https://registry.npmjs.org/@types/estree/-/estree-1.0.9.tgz. Extracting by manifest.
1739 silly tarball no local data for @rollup/rollup-win32-x64-gnu@https://registry.npmjs.org/@rollup/rollup-win32-x64-gnu/-/rollup-win32-x64-gnu-4.62.2.tgz. Extracting by manifest.
1740 silly tarball no local data for nanoid@https://registry.npmjs.org/nanoid/-/nanoid-3.3.15.tgz. Extracting by manifest.
1741 silly tarball no local data for @esbuild/win32-x64@https://registry.npmjs.org/@esbuild/win32-x64/-/win32-x64-0.25.12.tgz. Extracting by manifest.
1742 silly tarball no local data for yaml@https://registry.npmjs.org/yaml/-/yaml-2.9.0.tgz. Extracting by manifest.
1743 silly tarball no local data for postcss@https://registry.npmjs.org/postcss/-/postcss-8.5.16.tgz. Extracting by manifest.
1744 silly tarball no local data for rollup@https://registry.npmjs.org/rollup/-/rollup-4.62.2.tgz. Extracting by manifest.
1745 silly tarball no local data for picomatch@https://registry.npmjs.org/picomatch/-/picomatch-4.0.5.tgz. Extracting by manifest.
1746 silly tarball no local data for fdir@https://registry.npmjs.org/fdir/-/fdir-6.5.0.tgz. Extracting by manifest.
1747 silly tarball no local data for tinyglobby@https://registry.npmjs.org/tinyglobby/-/tinyglobby-0.2.17.tgz. Extracting by manifest.
1748 silly tarball no local data for esbuild@https://registry.npmjs.org/esbuild/-/esbuild-0.25.12.tgz. Extracting by manifest.
1749 silly tarball no local data for d3-path@https://registry.npmjs.org/d3-path/-/d3-path-3.1.0.tgz. Extracting by manifest.
1750 silly tarball no local data for d3-time-format@https://registry.npmjs.org/d3-time-format/-/d3-time-format-4.1.0.tgz. Extracting by manifest.
1751 silly tarball no local data for d3-color@https://registry.npmjs.org/d3-color/-/d3-color-3.1.0.tgz. Extracting by manifest.
1752 silly tarball no local data for internmap@https://registry.npmjs.org/internmap/-/internmap-2.0.3.tgz. Extracting by manifest.
1753 silly tarball no local data for @types/d3-color@https://registry.npmjs.org/@types/d3-color/-/d3-color-3.1.3.tgz. Extracting by manifest.
1754 silly tarball no local data for d3-timer@https://registry.npmjs.org/d3-timer/-/d3-timer-3.0.1.tgz. Extracting by manifest.
1755 silly tarball no local data for d3-time@https://registry.npmjs.org/d3-time/-/d3-time-3.1.0.tgz. Extracting by manifest.
1756 silly tarball no local data for @types/d3-path@https://registry.npmjs.org/@types/d3-path/-/d3-path-3.1.1.tgz. Extracting by manifest.
1757 silly tarball no local data for d3-format@https://registry.npmjs.org/d3-format/-/d3-format-3.1.2.tgz. Extracting by manifest.
1758 silly tarball no local data for d3-shape@https://registry.npmjs.org/d3-shape/-/d3-shape-3.2.0.tgz. Extracting by manifest.
1759 silly tarball no local data for d3-scale@https://registry.npmjs.org/d3-scale/-/d3-scale-4.0.2.tgz. Extracting by manifest.
1760 silly tarball no local data for d3-interpolate@https://registry.npmjs.org/d3-interpolate/-/d3-interpolate-3.0.1.tgz. Extracting by manifest.
1761 silly tarball no local data for d3-array@https://registry.npmjs.org/d3-array/-/d3-array-3.2.4.tgz. Extracting by manifest.
1762 silly tarball no local data for d3-ease@https://registry.npmjs.org/d3-ease/-/d3-ease-3.0.1.tgz. Extracting by manifest.
1763 silly tarball no local data for @types/d3-timer@https://registry.npmjs.org/@types/d3-timer/-/d3-timer-3.0.2.tgz. Extracting by manifest.
1764 silly tarball no local data for @types/d3-ease@https://registry.npmjs.org/@types/d3-ease/-/d3-ease-3.0.2.tgz. Extracting by manifest.
1765 silly tarball no local data for @types/d3-time@https://registry.npmjs.org/@types/d3-time/-/d3-time-3.0.4.tgz. Extracting by manifest.
1766 silly tarball no local data for @types/d3-interpolate@https://registry.npmjs.org/@types/d3-interpolate/-/d3-interpolate-3.0.4.tgz. Extracting by manifest.
1767 silly tarball no local data for detect-node-es@https://registry.npmjs.org/detect-node-es/-/detect-node-es-1.1.0.tgz. Extracting by manifest.
1768 silly tarball no local data for @types/d3-shape@https://registry.npmjs.org/@types/d3-shape/-/d3-shape-3.1.8.tgz. Extracting by manifest.
1769 silly tarball no local data for escalade@https://registry.npmjs.org/escalade/-/escalade-3.2.0.tgz. Extracting by manifest.
1770 silly tarball no local data for @types/d3-array@https://registry.npmjs.org/@types/d3-array/-/d3-array-3.2.2.tgz. Extracting by manifest.
1771 silly tarball no local data for minipass@https://registry.npmjs.org/minipass/-/minipass-7.1.3.tgz. Extracting by manifest.
1772 silly tarball no local data for @types/d3-scale@https://registry.npmjs.org/@types/d3-scale/-/d3-scale-4.0.9.tgz. Extracting by manifest.
1773 silly tarball no local data for @isaacs/fs-minipass@https://registry.npmjs.org/@isaacs/fs-minipass/-/fs-minipass-4.0.1.tgz. Extracting by manifest.
1774 silly tarball no local data for minizlib@https://registry.npmjs.org/minizlib/-/minizlib-3.1.0.tgz. Extracting by manifest.
1775 silly tarball no local data for chownr@https://registry.npmjs.org/chownr/-/chownr-3.0.0.tgz. Extracting by manifest.
1776 silly tarball no local data for hasown@https://registry.npmjs.org/hasown/-/hasown-2.0.4.tgz. Extracting by manifest.
1777 silly tarball no local data for function-bind@https://registry.npmjs.org/function-bind/-/function-bind-1.1.2.tgz. Extracting by manifest.
1778 silly tarball no local data for path-parse@https://registry.npmjs.org/path-parse/-/path-parse-1.0.7.tgz. Extracting by manifest.
1779 silly tarball no local data for supports-preserve-symlinks-flag@https://registry.npmjs.org/supports-preserve-symlinks-flag/-/supports-preserve-symlinks-flag-1.0.0.tgz. Extracting by manifest.
1780 silly tarball no local data for is-core-module@https://registry.npmjs.org/is-core-module/-/is-core-module-2.16.2.tgz. Extracting by manifest.
1781 silly tarball no local data for decimal.js-light@https://registry.npmjs.org/decimal.js-light/-/decimal.js-light-2.5.1.tgz. Extracting by manifest.
1782 silly tarball no local data for es-errors@https://registry.npmjs.org/es-errors/-/es-errors-1.3.0.tgz. Extracting by manifest.
1783 silly tarball no local data for victory-vendor@https://registry.npmjs.org/victory-vendor/-/victory-vendor-36.9.2.tgz. Extracting by manifest.
1784 silly tarball no local data for fast-equals@https://registry.npmjs.org/fast-equals/-/fast-equals-5.4.0.tgz. Extracting by manifest.
1785 silly tarball no local data for tiny-invariant@https://registry.npmjs.org/tiny-invariant/-/tiny-invariant-1.3.3.tgz. Extracting by manifest.
1786 silly tarball no local data for recharts-scale@https://registry.npmjs.org/recharts-scale/-/recharts-scale-0.4.5.tgz. Extracting by manifest.
1787 silly tarball no local data for react-smooth@https://registry.npmjs.org/react-smooth/-/react-smooth-4.0.4.tgz. Extracting by manifest.
1788 silly tarball no local data for lodash@https://registry.npmjs.org/lodash/-/lodash-4.18.1.tgz. Extracting by manifest.
1789 silly tarball no local data for eventemitter3@https://registry.npmjs.org/eventemitter3/-/eventemitter3-4.0.7.tgz. Extracting by manifest.
1790 silly tarball no local data for dom-helpers@https://registry.npmjs.org/dom-helpers/-/dom-helpers-5.2.1.tgz. Extracting by manifest.
1791 silly tarball no local data for get-nonce@https://registry.npmjs.org/get-nonce/-/get-nonce-1.0.1.tgz. Extracting by manifest.
1792 silly tarball no local data for resize-observer-polyfill@https://registry.npmjs.org/resize-observer-polyfill/-/resize-observer-polyfill-1.5.1.tgz. Extracting by manifest.
1793 silly tarball no local data for string-convert@https://registry.npmjs.org/string-convert/-/string-convert-0.2.1.tgz. Extracting by manifest.
1794 silly tarball no local data for lodash.debounce@https://registry.npmjs.org/lodash.debounce/-/lodash.debounce-4.0.8.tgz. Extracting by manifest.
1795 silly tarball no local data for classnames@https://registry.npmjs.org/classnames/-/classnames-2.5.1.tgz. Extracting by manifest.
1796 silly tarball no local data for json2mq@https://registry.npmjs.org/json2mq/-/json2mq-0.2.0.tgz. Extracting by manifest.
1797 silly tarball no local data for set-cookie-parser@https://registry.npmjs.org/set-cookie-parser/-/set-cookie-parser-2.7.2.tgz. Extracting by manifest.
1798 silly tarball no local data for cookie@https://registry.npmjs.org/cookie/-/cookie-1.1.1.tgz. Extracting by manifest.
1799 silly tarball no local data for use-callback-ref@https://registry.npmjs.org/use-callback-ref/-/use-callback-ref-1.3.3.tgz. Extracting by manifest.
1800 silly tarball no local data for use-sidecar@https://registry.npmjs.org/use-sidecar/-/use-sidecar-1.1.3.tgz. Extracting by manifest.
1801 silly tarball no local data for react-style-singleton@https://registry.npmjs.org/react-style-singleton/-/react-style-singleton-2.2.3.tgz. Extracting by manifest.
1802 silly tarball no local data for react-remove-scroll-bar@https://registry.npmjs.org/react-remove-scroll-bar/-/react-remove-scroll-bar-2.3.8.tgz. Extracting by manifest.
1803 silly tarball no local data for warning@https://registry.npmjs.org/warning/-/warning-4.0.3.tgz. Extracting by manifest.
1804 silly tarball no local data for @react-dnd/asap@https://registry.npmjs.org/@react-dnd/asap/-/asap-5.0.2.tgz. Extracting by manifest.
1805 silly tarball no local data for react-fast-compare@https://registry.npmjs.org/react-fast-compare/-/react-fast-compare-3.2.2.tgz. Extracting by manifest.
1806 silly tarball no local data for scheduler@https://registry.npmjs.org/scheduler/-/scheduler-0.23.2.tgz. Extracting by manifest.
1807 silly tarball no local data for fast-deep-equal@https://registry.npmjs.org/fast-deep-equal/-/fast-deep-equal-3.1.3.tgz. Extracting by manifest.
1808 silly tarball no local data for dnd-core@https://registry.npmjs.org/dnd-core/-/dnd-core-16.0.1.tgz. Extracting by manifest.
1809 silly tarball no local data for @react-dnd/invariant@https://registry.npmjs.org/@react-dnd/invariant/-/invariant-4.0.2.tgz. Extracting by manifest.
1810 silly tarball no local data for redux@https://registry.npmjs.org/redux/-/redux-4.2.1.tgz. Extracting by manifest.
1811 silly tarball no local data for is-arrayish@https://registry.npmjs.org/is-arrayish/-/is-arrayish-0.2.1.tgz. Extracting by manifest.
1812 silly tarball no local data for lines-and-columns@https://registry.npmjs.org/lines-and-columns/-/lines-and-columns-1.2.4.tgz. Extracting by manifest.
1813 silly tarball no local data for loose-envify@https://registry.npmjs.org/loose-envify/-/loose-envify-1.4.0.tgz. Extracting by manifest.
1814 silly tarball no local data for @react-dnd/shallowequal@https://registry.npmjs.org/@react-dnd/shallowequal/-/shallowequal-4.0.2.tgz. Extracting by manifest.
1815 silly tarball no local data for object-assign@https://registry.npmjs.org/object-assign/-/object-assign-4.1.1.tgz. Extracting by manifest.
1816 silly tarball no local data for motion-utils@https://registry.npmjs.org/motion-utils/-/motion-utils-12.39.0.tgz. Extracting by manifest.
1817 silly tarball no local data for json-parse-even-better-errors@https://registry.npmjs.org/json-parse-even-better-errors/-/json-parse-even-better-errors-2.3.1.tgz. Extracting by manifest.
1818 silly tarball no local data for motion-dom@https://registry.npmjs.org/motion-dom/-/motion-dom-12.42.2.tgz. Extracting by manifest.
1819 silly tarball no local data for resolve-from@https://registry.npmjs.org/resolve-from/-/resolve-from-4.0.0.tgz. Extracting by manifest.
1820 silly tarball no local data for lightningcss-win32-x64-msvc@https://registry.npmjs.org/lightningcss-win32-x64-msvc/-/lightningcss-win32-x64-msvc-1.30.1.tgz. Extracting by manifest.
1821 silly tarball no local data for callsites@https://registry.npmjs.org/callsites/-/callsites-3.1.0.tgz. Extracting by manifest.
1822 silly tarball no local data for tapable@https://registry.npmjs.org/tapable/-/tapable-2.3.3.tgz. Extracting by manifest.
1823 silly tarball no local data for framer-motion@https://registry.npmjs.org/framer-motion/-/framer-motion-12.42.2.tgz. Extracting by manifest.
1824 silly tarball no local data for embla-carousel@https://registry.npmjs.org/embla-carousel/-/embla-carousel-8.6.0.tgz. Extracting by manifest.
1825 silly tarball no local data for yallist@https://registry.npmjs.org/yallist/-/yallist-3.1.1.tgz. Extracting by manifest.
1826 silly tarball no local data for error-ex@https://registry.npmjs.org/error-ex/-/error-ex-1.3.4.tgz. Extracting by manifest.
1827 silly tarball no local data for graceful-fs@https://registry.npmjs.org/graceful-fs/-/graceful-fs-4.2.11.tgz. Extracting by manifest.
1828 silly tarball no local data for embla-carousel-reactive-utils@https://registry.npmjs.org/embla-carousel-reactive-utils/-/embla-carousel-reactive-utils-8.6.0.tgz. Extracting by manifest.
1829 silly tarball no local data for @types/parse-json@https://registry.npmjs.org/@types/parse-json/-/parse-json-4.0.2.tgz. Extracting by manifest.
1830 silly tarball no local data for ms@https://registry.npmjs.org/ms/-/ms-2.1.3.tgz. Extracting by manifest.
1831 silly tarball no local data for parse-json@https://registry.npmjs.org/parse-json/-/parse-json-5.2.0.tgz. Extracting by manifest.
1832 silly tarball no local data for update-browserslist-db@https://registry.npmjs.org/update-browserslist-db/-/update-browserslist-db-1.2.3.tgz. Extracting by manifest.
1833 silly tarball no local data for path-type@https://registry.npmjs.org/path-type/-/path-type-4.0.0.tgz. Extracting by manifest.
1834 silly tarball no local data for parent-module@https://registry.npmjs.org/parent-module/-/parent-module-1.0.1.tgz. Extracting by manifest.
1835 silly tarball no local data for import-fresh@https://registry.npmjs.org/import-fresh/-/import-fresh-3.3.1.tgz. Extracting by manifest.
1836 silly tarball no local data for node-releases@https://registry.npmjs.org/node-releases/-/node-releases-2.0.50.tgz. Extracting by manifest.
1837 silly tarball no local data for electron-to-chromium@https://registry.npmjs.org/electron-to-chromium/-/electron-to-chromium-1.5.387.tgz. Extracting by manifest.
1838 silly tarball no local data for caniuse-lite@https://registry.npmjs.org/caniuse-lite/-/caniuse-lite-1.0.30001802.tgz. Extracting by manifest.
1839 silly tarball no local data for baseline-browser-mapping@https://registry.npmjs.org/baseline-browser-mapping/-/baseline-browser-mapping-2.10.42.tgz. Extracting by manifest.
1840 silly tarball no local data for resolve@https://registry.npmjs.org/resolve/-/resolve-1.22.12.tgz. Extracting by manifest.
1841 silly tarball no local data for cosmiconfig@https://registry.npmjs.org/cosmiconfig/-/cosmiconfig-7.1.0.tgz. Extracting by manifest.
1842 silly tarball no local data for tslib@https://registry.npmjs.org/tslib/-/tslib-2.8.1.tgz. Extracting by manifest.
1843 silly tarball no local data for @types/babel__traverse@https://registry.npmjs.org/@types/babel__traverse/-/babel__traverse-7.28.0.tgz. Extracting by manifest.
1844 silly tarball no local data for @types/babel__template@https://registry.npmjs.org/@types/babel__template/-/babel__template-7.4.4.tgz. Extracting by manifest.
1845 silly tarball no local data for lru-cache@https://registry.npmjs.org/lru-cache/-/lru-cache-5.1.1.tgz. Extracting by manifest.
1846 silly tarball no local data for @types/babel__generator@https://registry.npmjs.org/@types/babel__generator/-/babel__generator-7.27.0.tgz. Extracting by manifest.
1847 silly tarball no local data for browserslist@https://registry.npmjs.org/browserslist/-/browserslist-4.28.4.tgz. Extracting by manifest.
1848 silly tarball no local data for @babel/helper-plugin-utils@https://registry.npmjs.org/@babel/helper-plugin-utils/-/helper-plugin-utils-7.29.7.tgz. Extracting by manifest.
1849 silly tarball no local data for @babel/helper-validator-option@https://registry.npmjs.org/@babel/helper-validator-option/-/helper-validator-option-7.29.7.tgz. Extracting by manifest.
1850 silly tarball no local data for @babel/helpers@https://registry.npmjs.org/@babel/helpers/-/helpers-7.29.7.tgz. Extracting by manifest.
1851 silly tarball no local data for semver@https://registry.npmjs.org/semver/-/semver-6.3.1.tgz. Extracting by manifest.
1852 silly tarball no local data for @babel/compat-data@https://registry.npmjs.org/@babel/compat-data/-/compat-data-7.29.7.tgz. Extracting by manifest.
1853 silly tarball no local data for react-refresh@https://registry.npmjs.org/react-refresh/-/react-refresh-0.17.0.tgz. Extracting by manifest.
1854 silly tarball no local data for json5@https://registry.npmjs.org/json5/-/json5-2.2.3.tgz. Extracting by manifest.
1855 silly tarball no local data for @types/babel__core@https://registry.npmjs.org/@types/babel__core/-/babel__core-7.20.5.tgz. Extracting by manifest.
1856 silly tarball no local data for @babel/helper-module-transforms@https://registry.npmjs.org/@babel/helper-module-transforms/-/helper-module-transforms-7.29.7.tgz. Extracting by manifest.
1857 silly tarball no local data for @babel/helper-compilation-targets@https://registry.npmjs.org/@babel/helper-compilation-targets/-/helper-compilation-targets-7.29.7.tgz. Extracting by manifest.
1858 silly tarball no local data for @rolldown/pluginutils@https://registry.npmjs.org/@rolldown/pluginutils/-/pluginutils-1.0.0-beta.27.tgz. Extracting by manifest.
1859 silly tarball no local data for tar@https://registry.npmjs.org/tar/-/tar-7.5.19.tgz. Extracting by manifest.
1860 silly tarball no local data for gensync@https://registry.npmjs.org/gensync/-/gensync-1.0.0-beta.2.tgz. Extracting by manifest.
1861 silly tarball no local data for @babel/core@https://registry.npmjs.org/@babel/core/-/core-7.29.7.tgz. Extracting by manifest.
1862 silly tarball no local data for @babel/plugin-transform-react-jsx-source@https://registry.npmjs.org/@babel/plugin-transform-react-jsx-source/-/plugin-transform-react-jsx-source-7.29.7.tgz. Extracting by manifest.
1863 silly tarball no local data for @babel/plugin-transform-react-jsx-self@https://registry.npmjs.org/@babel/plugin-transform-react-jsx-self/-/plugin-transform-react-jsx-self-7.29.7.tgz. Extracting by manifest.
1864 silly tarball no local data for @tailwindcss/oxide-win32-x64-msvc@https://registry.npmjs.org/@tailwindcss/oxide-win32-x64-msvc/-/oxide-win32-x64-msvc-4.1.12.tgz. Extracting by manifest.
1865 silly tarball no local data for detect-libc@https://registry.npmjs.org/detect-libc/-/detect-libc-2.1.2.tgz. Extracting by manifest.
1866 silly tarball no local data for magic-string@https://registry.npmjs.org/magic-string/-/magic-string-0.30.21.tgz. Extracting by manifest.
1867 silly tarball no local data for source-map-js@https://registry.npmjs.org/source-map-js/-/source-map-js-1.2.1.tgz. Extracting by manifest.
1868 silly tarball no local data for enhanced-resolve@https://registry.npmjs.org/enhanced-resolve/-/enhanced-resolve-5.24.1.tgz. Extracting by manifest.
1869 silly tarball no local data for @tailwindcss/oxide@https://registry.npmjs.org/@tailwindcss/oxide/-/oxide-4.1.12.tgz. Extracting by manifest.
1870 silly tarball no local data for @tailwindcss/node@https://registry.npmjs.org/@tailwindcss/node/-/node-4.1.12.tgz. Extracting by manifest.
1871 silly tarball no local data for jiti@https://registry.npmjs.org/jiti/-/jiti-2.7.0.tgz. Extracting by manifest.
1872 silly tarball no local data for @radix-ui/number@https://registry.npmjs.org/@radix-ui/number/-/number-1.1.0.tgz. Extracting by manifest.
1873 silly tarball no local data for @jridgewell/remapping@https://registry.npmjs.org/@jridgewell/remapping/-/remapping-2.3.5.tgz. Extracting by manifest.
1874 silly tarball no local data for @floating-ui/core@https://registry.npmjs.org/@floating-ui/core/-/core-1.7.5.tgz. Extracting by manifest.
1875 silly tarball no local data for @radix-ui/react-use-rect@https://registry.npmjs.org/@radix-ui/react-use-rect/-/react-use-rect-1.1.0.tgz. Extracting by manifest.
1876 silly tarball no local data for lightningcss@https://registry.npmjs.org/lightningcss/-/lightningcss-1.30.1.tgz. Extracting by manifest.
1877 silly tarball no local data for @floating-ui/utils@https://registry.npmjs.org/@floating-ui/utils/-/utils-0.2.11.tgz. Extracting by manifest.
1878 silly tarball no local data for @radix-ui/rect@https://registry.npmjs.org/@radix-ui/rect/-/rect-1.1.0.tgz. Extracting by manifest.
1879 silly tarball no local data for @floating-ui/dom@https://registry.npmjs.org/@floating-ui/dom/-/dom-1.7.6.tgz. Extracting by manifest.
1880 silly tarball no local data for @floating-ui/react-dom@https://registry.npmjs.org/@floating-ui/react-dom/-/react-dom-2.1.8.tgz. Extracting by manifest.
1881 silly tarball no local data for @radix-ui/react-arrow@https://registry.npmjs.org/@radix-ui/react-arrow/-/react-arrow-1.1.2.tgz. Extracting by manifest.
1882 silly tarball no local data for @radix-ui/react-use-escape-keydown@https://registry.npmjs.org/@radix-ui/react-use-escape-keydown/-/react-use-escape-keydown-1.1.0.tgz. Extracting by manifest.
1883 silly tarball no local data for @radix-ui/react-roving-focus@https://registry.npmjs.org/@radix-ui/react-roving-focus/-/react-roving-focus-1.1.2.tgz. Extracting by manifest.
1884 silly tarball no local data for @radix-ui/react-popper@https://registry.npmjs.org/@radix-ui/react-popper/-/react-popper-1.2.2.tgz. Extracting by manifest.
1885 silly tarball no local data for @radix-ui/react-visually-hidden@https://registry.npmjs.org/@radix-ui/react-visually-hidden/-/react-visually-hidden-1.1.2.tgz. Extracting by manifest.
1886 silly tarball no local data for aria-hidden@https://registry.npmjs.org/aria-hidden/-/aria-hidden-1.2.6.tgz. Extracting by manifest.
1887 silly tarball no local data for react-remove-scroll@https://registry.npmjs.org/react-remove-scroll/-/react-remove-scroll-2.7.2.tgz. Extracting by manifest.
1888 silly tarball no local data for @radix-ui/react-portal@https://registry.npmjs.org/@radix-ui/react-portal/-/react-portal-1.1.4.tgz. Extracting by manifest.
1889 silly tarball no local data for @radix-ui/react-focus-scope@https://registry.npmjs.org/@radix-ui/react-focus-scope/-/react-focus-scope-1.1.2.tgz. Extracting by manifest.
1890 silly tarball no local data for @radix-ui/react-use-size@https://registry.npmjs.org/@radix-ui/react-use-size/-/react-use-size-1.1.0.tgz. Extracting by manifest.
1891 silly tarball no local data for @radix-ui/react-focus-guards@https://registry.npmjs.org/@radix-ui/react-focus-guards/-/react-focus-guards-1.1.1.tgz. Extracting by manifest.
1892 silly tarball no local data for @radix-ui/react-menu@https://registry.npmjs.org/@radix-ui/react-menu/-/react-menu-2.1.6.tgz. Extracting by manifest.
1893 silly tarball no local data for @radix-ui/react-use-layout-effect@https://registry.npmjs.org/@radix-ui/react-use-layout-effect/-/react-use-layout-effect-1.1.0.tgz. Extracting by manifest.
1894 silly tarball no local data for @radix-ui/react-presence@https://registry.npmjs.org/@radix-ui/react-presence/-/react-presence-1.1.2.tgz. Extracting by manifest.
1895 silly tarball no local data for @radix-ui/react-use-callback-ref@https://registry.npmjs.org/@radix-ui/react-use-callback-ref/-/react-use-callback-ref-1.1.0.tgz. Extracting by manifest.
1896 silly tarball no local data for @radix-ui/react-use-previous@https://registry.npmjs.org/@radix-ui/react-use-previous/-/react-use-previous-1.1.0.tgz. Extracting by manifest.
1897 silly tarball no local data for @radix-ui/react-direction@https://registry.npmjs.org/@radix-ui/react-direction/-/react-direction-1.1.0.tgz. Extracting by manifest.
1898 silly tarball no local data for @radix-ui/react-id@https://registry.npmjs.org/@radix-ui/react-id/-/react-id-1.1.0.tgz. Extracting by manifest.
1899 silly tarball no local data for @radix-ui/react-compose-refs@https://registry.npmjs.org/@radix-ui/react-compose-refs/-/react-compose-refs-1.1.1.tgz. Extracting by manifest.
1900 silly tarball no local data for @radix-ui/react-primitive@https://registry.npmjs.org/@radix-ui/react-primitive/-/react-primitive-2.0.2.tgz. Extracting by manifest.
1901 silly tarball no local data for @types/prop-types@https://registry.npmjs.org/@types/prop-types/-/prop-types-15.7.15.tgz. Extracting by manifest.
1902 silly tarball no local data for @radix-ui/react-collection@https://registry.npmjs.org/@radix-ui/react-collection/-/react-collection-1.1.2.tgz. Extracting by manifest.
1903 silly tarball no local data for @radix-ui/react-context@https://registry.npmjs.org/@radix-ui/react-context/-/react-context-1.1.1.tgz. Extracting by manifest.
1904 silly tarball no local data for @radix-ui/primitive@https://registry.npmjs.org/@radix-ui/primitive/-/primitive-1.1.1.tgz. Extracting by manifest.
1905 silly tarball no local data for @radix-ui/react-use-controllable-state@https://registry.npmjs.org/@radix-ui/react-use-controllable-state/-/react-use-controllable-state-1.1.0.tgz. Extracting by manifest.
1906 silly tarball no local data for @mui/styled-engine@https://registry.npmjs.org/@mui/styled-engine/-/styled-engine-7.3.10.tgz. Extracting by manifest.
1907 silly tarball no local data for react-is@https://registry.npmjs.org/react-is/-/react-is-19.2.7.tgz. Extracting by manifest.
1908 silly tarball no local data for prop-types@https://registry.npmjs.org/prop-types/-/prop-types-15.8.1.tgz. Extracting by manifest.
1909 silly tarball no local data for react-transition-group@https://registry.npmjs.org/react-transition-group/-/react-transition-group-4.4.5.tgz. Extracting by manifest.
1910 silly tarball no local data for @mui/private-theming@https://registry.npmjs.org/@mui/private-theming/-/private-theming-7.3.11.tgz. Extracting by manifest.
1911 silly tarball no local data for @types/react-transition-group@https://registry.npmjs.org/@types/react-transition-group/-/react-transition-group-4.4.12.tgz. Extracting by manifest.
1912 silly tarball no local data for @mui/utils@https://registry.npmjs.org/@mui/utils/-/utils-7.3.11.tgz. Extracting by manifest.
1913 silly tarball no local data for @jridgewell/resolve-uri@https://registry.npmjs.org/@jridgewell/resolve-uri/-/resolve-uri-3.1.2.tgz. Extracting by manifest.
1914 silly tarball no local data for @jridgewell/sourcemap-codec@https://registry.npmjs.org/@jridgewell/sourcemap-codec/-/sourcemap-codec-1.5.5.tgz. Extracting by manifest.
1915 silly tarball no local data for @emotion/is-prop-valid@https://registry.npmjs.org/@emotion/is-prop-valid/-/is-prop-valid-1.4.0.tgz. Extracting by manifest.
1916 silly tarball no local data for @mui/types@https://registry.npmjs.org/@mui/types/-/types-7.4.12.tgz. Extracting by manifest.
1917 silly tarball no local data for csstype@https://registry.npmjs.org/csstype/-/csstype-3.2.3.tgz. Extracting by manifest.
1918 silly tarball no local data for @radix-ui/react-dismissable-layer@https://registry.npmjs.org/@radix-ui/react-dismissable-layer/-/react-dismissable-layer-1.1.5.tgz. Extracting by manifest.
1919 silly tarball no local data for @emotion/unitless@https://registry.npmjs.org/@emotion/unitless/-/unitless-0.10.0.tgz. Extracting by manifest.
1920 silly tarball no local data for @emotion/sheet@https://registry.npmjs.org/@emotion/sheet/-/sheet-1.4.0.tgz. Extracting by manifest.
1921 silly tarball no local data for @jridgewell/trace-mapping@https://registry.npmjs.org/@jridgewell/trace-mapping/-/trace-mapping-0.3.31.tgz. Extracting by manifest.
1922 silly tarball no local data for @jridgewell/gen-mapping@https://registry.npmjs.org/@jridgewell/gen-mapping/-/gen-mapping-0.3.13.tgz. Extracting by manifest.
1923 silly tarball no local data for jsesc@https://registry.npmjs.org/jsesc/-/jsesc-3.1.0.tgz. Extracting by manifest.
1924 silly tarball no local data for @babel/helper-string-parser@https://registry.npmjs.org/@babel/helper-string-parser/-/helper-string-parser-7.29.7.tgz. Extracting by manifest.
1925 silly tarball no local data for js-tokens@https://registry.npmjs.org/js-tokens/-/js-tokens-4.0.0.tgz. Extracting by manifest.
1926 silly tarball no local data for @babel/helper-validator-identifier@https://registry.npmjs.org/@babel/helper-validator-identifier/-/helper-validator-identifier-7.29.7.tgz. Extracting by manifest.
1927 silly tarball no local data for picocolors@https://registry.npmjs.org/picocolors/-/picocolors-1.1.1.tgz. Extracting by manifest.
1928 silly tarball no local data for @types/react@https://registry.npmjs.org/@types/react/-/react-19.2.17.tgz. Extracting by manifest.
1929 silly tarball no local data for @babel/template@https://registry.npmjs.org/@babel/template/-/template-7.29.7.tgz. Extracting by manifest.
1930 silly tarball no local data for debug@https://registry.npmjs.org/debug/-/debug-4.4.3.tgz. Extracting by manifest.
1931 silly tarball no local data for @mui/core-downloads-tracker@https://registry.npmjs.org/@mui/core-downloads-tracker/-/core-downloads-tracker-7.3.11.tgz. Extracting by manifest.
1932 silly tarball no local data for @mui/system@https://registry.npmjs.org/@mui/system/-/system-7.3.11.tgz. Extracting by manifest.
1933 silly tarball no local data for @babel/helper-globals@https://registry.npmjs.org/@babel/helper-globals/-/helper-globals-7.29.7.tgz. Extracting by manifest.
1934 silly tarball no local data for @babel/parser@https://registry.npmjs.org/@babel/parser/-/parser-7.29.7.tgz. Extracting by manifest.
1935 silly tarball no local data for @babel/traverse@https://registry.npmjs.org/@babel/traverse/-/traverse-7.29.7.tgz. Extracting by manifest.
1936 silly tarball no local data for @babel/generator@https://registry.npmjs.org/@babel/generator/-/generator-7.29.7.tgz. Extracting by manifest.
1937 silly tarball no local data for stylis@https://registry.npmjs.org/stylis/-/stylis-4.2.0.tgz. Extracting by manifest.
1938 silly tarball no local data for source-map@https://registry.npmjs.org/source-map/-/source-map-0.5.7.tgz. Extracting by manifest.
1939 silly tarball no local data for @babel/code-frame@https://registry.npmjs.org/@babel/code-frame/-/code-frame-7.29.7.tgz. Extracting by manifest.
1940 silly tarball no local data for @babel/types@https://registry.npmjs.org/@babel/types/-/types-7.29.7.tgz. Extracting by manifest.
1941 silly tarball no local data for @emotion/hash@https://registry.npmjs.org/@emotion/hash/-/hash-0.9.2.tgz. Extracting by manifest.
1942 silly tarball no local data for find-root@https://registry.npmjs.org/find-root/-/find-root-1.1.0.tgz. Extracting by manifest.
1943 silly tarball no local data for escape-string-regexp@https://registry.npmjs.org/escape-string-regexp/-/escape-string-regexp-4.0.0.tgz. Extracting by manifest.
1944 silly tarball no local data for babel-plugin-macros@https://registry.npmjs.org/babel-plugin-macros/-/babel-plugin-macros-3.1.0.tgz. Extracting by manifest.
1945 silly tarball no local data for convert-source-map@https://registry.npmjs.org/convert-source-map/-/convert-source-map-1.9.0.tgz. Extracting by manifest.
1946 silly tarball no local data for @emotion/memoize@https://registry.npmjs.org/@emotion/memoize/-/memoize-0.9.0.tgz. Extracting by manifest.
1947 silly tarball no local data for @emotion/weak-memoize@https://registry.npmjs.org/@emotion/weak-memoize/-/weak-memoize-0.4.0.tgz. Extracting by manifest.
1948 silly tarball no local data for hoist-non-react-statics@https://registry.npmjs.org/hoist-non-react-statics/-/hoist-non-react-statics-3.3.2.tgz. Extracting by manifest.
1949 silly tarball no local data for @emotion/utils@https://registry.npmjs.org/@emotion/utils/-/utils-1.4.2.tgz. Extracting by manifest.
1950 silly tarball no local data for @emotion/use-insertion-effect-with-fallbacks@https://registry.npmjs.org/@emotion/use-insertion-effect-with-fallbacks/-/use-insertion-effect-with-fallbacks-1.2.0.tgz. Extracting by manifest.
1951 silly tarball no local data for @emotion/serialize@https://registry.npmjs.org/@emotion/serialize/-/serialize-1.3.3.tgz. Extracting by manifest.
1952 silly tarball no local data for @emotion/cache@https://registry.npmjs.org/@emotion/cache/-/cache-11.14.0.tgz. Extracting by manifest.
1953 silly tarball no local data for @emotion/babel-plugin@https://registry.npmjs.org/@emotion/babel-plugin/-/babel-plugin-11.13.5.tgz. Extracting by manifest.
1954 silly tarball no local data for @babel/runtime@https://registry.npmjs.org/@babel/runtime/-/runtime-7.29.7.tgz. Extracting by manifest.
1955 silly tarball no local data for vaul@https://registry.npmjs.org/vaul/-/vaul-1.1.2.tgz. Extracting by manifest.
1956 silly tarball no local data for tw-animate-css@https://registry.npmjs.org/tw-animate-css/-/tw-animate-css-1.3.8.tgz. Extracting by manifest.
1957 silly tarball no local data for @babel/helper-module-imports@https://registry.npmjs.org/@babel/helper-module-imports/-/helper-module-imports-7.29.7.tgz. Extracting by manifest.
1958 silly tarball no local data for tailwind-merge@https://registry.npmjs.org/tailwind-merge/-/tailwind-merge-3.2.0.tgz. Extracting by manifest.
1959 silly tarball no local data for sonner@https://registry.npmjs.org/sonner/-/sonner-2.0.3.tgz. Extracting by manifest.
1960 silly tarball no local data for react-slick@https://registry.npmjs.org/react-slick/-/react-slick-0.31.0.tgz. Extracting by manifest.
1961 silly tarball no local data for tailwindcss@https://registry.npmjs.org/tailwindcss/-/tailwindcss-4.1.12.tgz. Extracting by manifest.
1962 silly tarball no local data for recharts@https://registry.npmjs.org/recharts/-/recharts-2.15.2.tgz. Extracting by manifest.
1963 silly tarball no local data for react-responsive-masonry@https://registry.npmjs.org/react-responsive-masonry/-/react-responsive-masonry-2.7.1.tgz. Extracting by manifest.
1964 silly tarball no local data for react-hook-form@https://registry.npmjs.org/react-hook-form/-/react-hook-form-7.55.0.tgz. Extracting by manifest.
1965 silly tarball no local data for react-router@https://registry.npmjs.org/react-router/-/react-router-7.13.0.tgz. Extracting by manifest.
1966 silly tarball no local data for react-resizable-panels@https://registry.npmjs.org/react-resizable-panels/-/react-resizable-panels-2.1.7.tgz. Extracting by manifest.
1967 silly tarball no local data for react-dnd-html5-backend@https://registry.npmjs.org/react-dnd-html5-backend/-/react-dnd-html5-backend-16.0.1.tgz. Extracting by manifest.
1968 silly tarball no local data for next-themes@https://registry.npmjs.org/next-themes/-/next-themes-0.4.6.tgz. Extracting by manifest.
1969 silly tarball no local data for react-dnd@https://registry.npmjs.org/react-dnd/-/react-dnd-16.0.1.tgz. Extracting by manifest.
1970 silly tarball no local data for react-day-picker@https://registry.npmjs.org/react-day-picker/-/react-day-picker-8.10.1.tgz. Extracting by manifest.
1971 silly tarball no local data for lucide-react@https://registry.npmjs.org/lucide-react/-/lucide-react-0.487.0.tgz. Extracting by manifest.
1972 silly tarball no local data for motion@https://registry.npmjs.org/motion/-/motion-12.23.24.tgz. Extracting by manifest.
1973 silly tarball no local data for input-otp@https://registry.npmjs.org/input-otp/-/input-otp-1.4.2.tgz. Extracting by manifest.
1974 silly tarball no local data for react-popper@https://registry.npmjs.org/react-popper/-/react-popper-2.3.0.tgz. Extracting by manifest.
1975 silly tarball no local data for embla-carousel-react@https://registry.npmjs.org/embla-carousel-react/-/embla-carousel-react-8.6.0.tgz. Extracting by manifest.
1976 silly tarball no local data for clsx@https://registry.npmjs.org/clsx/-/clsx-2.1.1.tgz. Extracting by manifest.
1977 silly tarball no local data for class-variance-authority@https://registry.npmjs.org/class-variance-authority/-/class-variance-authority-0.7.1.tgz. Extracting by manifest.
1978 silly tarball no local data for date-fns@https://registry.npmjs.org/date-fns/-/date-fns-3.6.0.tgz. Extracting by manifest.
1979 silly tarball no local data for @vitejs/plugin-react@https://registry.npmjs.org/@vitejs/plugin-react/-/plugin-react-4.7.0.tgz. Extracting by manifest.
1980 silly tarball no local data for @tailwindcss/vite@https://registry.npmjs.org/@tailwindcss/vite/-/vite-4.1.12.tgz. Extracting by manifest.
1981 silly tarball no local data for canvas-confetti@https://registry.npmjs.org/canvas-confetti/-/canvas-confetti-1.9.4.tgz. Extracting by manifest.
1982 silly tarball no local data for cmdk@https://registry.npmjs.org/cmdk/-/cmdk-1.1.1.tgz. Extracting by manifest.
1983 silly tarball no local data for @radix-ui/react-tooltip@https://registry.npmjs.org/@radix-ui/react-tooltip/-/react-tooltip-1.1.8.tgz. Extracting by manifest.
1984 silly tarball no local data for vite@https://registry.npmjs.org/vite/-/vite-6.3.5.tgz. Extracting by manifest.
1985 silly tarball no local data for @radix-ui/react-toggle@https://registry.npmjs.org/@radix-ui/react-toggle/-/react-toggle-1.1.2.tgz. Extracting by manifest.
1986 silly tarball no local data for @radix-ui/react-tabs@https://registry.npmjs.org/@radix-ui/react-tabs/-/react-tabs-1.1.3.tgz. Extracting by manifest.
1987 silly tarball no local data for @radix-ui/react-toggle-group@https://registry.npmjs.org/@radix-ui/react-toggle-group/-/react-toggle-group-1.1.2.tgz. Extracting by manifest.
1988 silly tarball no local data for @radix-ui/react-slider@https://registry.npmjs.org/@radix-ui/react-slider/-/react-slider-1.2.3.tgz. Extracting by manifest.
1989 silly tarball no local data for @radix-ui/react-switch@https://registry.npmjs.org/@radix-ui/react-switch/-/react-switch-1.1.3.tgz. Extracting by manifest.
1990 silly tarball no local data for @radix-ui/react-select@https://registry.npmjs.org/@radix-ui/react-select/-/react-select-2.1.6.tgz. Extracting by manifest.
1991 silly tarball no local data for @radix-ui/react-slot@https://registry.npmjs.org/@radix-ui/react-slot/-/react-slot-1.1.2.tgz. Extracting by manifest.
1992 silly tarball no local data for @radix-ui/react-separator@https://registry.npmjs.org/@radix-ui/react-separator/-/react-separator-1.1.2.tgz. Extracting by manifest.
1993 silly tarball no local data for @radix-ui/react-scroll-area@https://registry.npmjs.org/@radix-ui/react-scroll-area/-/react-scroll-area-1.2.3.tgz. Extracting by manifest.
1994 silly tarball no local data for @radix-ui/react-navigation-menu@https://registry.npmjs.org/@radix-ui/react-navigation-menu/-/react-navigation-menu-1.2.5.tgz. Extracting by manifest.
1995 silly tarball no local data for @radix-ui/react-radio-group@https://registry.npmjs.org/@radix-ui/react-radio-group/-/react-radio-group-1.2.3.tgz. Extracting by manifest.
1996 silly tarball no local data for @radix-ui/react-hover-card@https://registry.npmjs.org/@radix-ui/react-hover-card/-/react-hover-card-1.1.6.tgz. Extracting by manifest.
1997 silly tarball no local data for @radix-ui/react-menubar@https://registry.npmjs.org/@radix-ui/react-menubar/-/react-menubar-1.1.6.tgz. Extracting by manifest.
1998 silly tarball no local data for @radix-ui/react-label@https://registry.npmjs.org/@radix-ui/react-label/-/react-label-2.1.2.tgz. Extracting by manifest.
1999 silly tarball no local data for @radix-ui/react-dialog@https://registry.npmjs.org/@radix-ui/react-dialog/-/react-dialog-1.1.6.tgz. Extracting by manifest.
2000 silly tarball no local data for @radix-ui/react-dropdown-menu@https://registry.npmjs.org/@radix-ui/react-dropdown-menu/-/react-dropdown-menu-2.1.6.tgz. Extracting by manifest.
2001 silly tarball no local data for @radix-ui/react-progress@https://registry.npmjs.org/@radix-ui/react-progress/-/react-progress-1.1.2.tgz. Extracting by manifest.
2002 silly tarball no local data for @radix-ui/react-collapsible@https://registry.npmjs.org/@radix-ui/react-collapsible/-/react-collapsible-1.1.3.tgz. Extracting by manifest.
2003 silly tarball no local data for @radix-ui/react-context-menu@https://registry.npmjs.org/@radix-ui/react-context-menu/-/react-context-menu-2.2.6.tgz. Extracting by manifest.
2004 silly tarball no local data for @radix-ui/react-checkbox@https://registry.npmjs.org/@radix-ui/react-checkbox/-/react-checkbox-1.1.4.tgz. Extracting by manifest.
2005 silly tarball no local data for @radix-ui/react-popover@https://registry.npmjs.org/@radix-ui/react-popover/-/react-popover-1.1.6.tgz. Extracting by manifest.
2006 silly tarball no local data for @radix-ui/react-aspect-ratio@https://registry.npmjs.org/@radix-ui/react-aspect-ratio/-/react-aspect-ratio-1.1.2.tgz. Extracting by manifest.
2007 silly tarball no local data for @radix-ui/react-avatar@https://registry.npmjs.org/@radix-ui/react-avatar/-/react-avatar-1.1.3.tgz. Extracting by manifest.
2008 silly tarball no local data for @radix-ui/react-alert-dialog@https://registry.npmjs.org/@radix-ui/react-alert-dialog/-/react-alert-dialog-1.1.6.tgz. Extracting by manifest.
2009 silly tarball no local data for @radix-ui/react-accordion@https://registry.npmjs.org/@radix-ui/react-accordion/-/react-accordion-1.2.3.tgz. Extracting by manifest.
2010 silly tarball no local data for @popperjs/core@https://registry.npmjs.org/@popperjs/core/-/core-2.11.8.tgz. Extracting by manifest.
2011 silly tarball no local data for react-dom@https://registry.npmjs.org/react-dom/-/react-dom-18.3.1.tgz. Extracting by manifest.
2012 silly tarball no local data for @mui/material@https://registry.npmjs.org/@mui/material/-/material-7.3.5.tgz. Extracting by manifest.
2013 silly tarball no local data for react@https://registry.npmjs.org/react/-/react-18.3.1.tgz. Extracting by manifest.
2014 silly tarball no local data for @mui/icons-material@https://registry.npmjs.org/@mui/icons-material/-/icons-material-7.3.5.tgz. Extracting by manifest.
2015 silly tarball no local data for convert-source-map@https://registry.npmjs.org/convert-source-map/-/convert-source-map-2.0.0.tgz. Extracting by manifest.
2016 silly tarball no local data for @emotion/react@https://registry.npmjs.org/@emotion/react/-/react-11.14.0.tgz. Extracting by manifest.
2017 silly tarball no local data for @emotion/styled@https://registry.npmjs.org/@emotion/styled/-/styled-11.14.1.tgz. Extracting by manifest.
2018 silly tarball no local data for react-is@https://registry.npmjs.org/react-is/-/react-is-16.13.1.tgz. Extracting by manifest.
2019 silly tarball no local data for yallist@https://registry.npmjs.org/yallist/-/yallist-5.0.0.tgz. Extracting by manifest.
2020 silly tarball no local data for react-is@https://registry.npmjs.org/react-is/-/react-is-16.13.1.tgz. Extracting by manifest.
2021 silly tarball no local data for yaml@https://registry.npmjs.org/yaml/-/yaml-1.10.3.tgz. Extracting by manifest.
2022 silly tarball no local data for react-is@https://registry.npmjs.org/react-is/-/react-is-18.3.1.tgz. Extracting by manifest.
2023 http fetch POST 200 https://registry.npmjs.org/-/npm/v1/security/advisories/bulk 1038ms
2024 timing auditReport:getReport Completed in 1048ms
2025 silly audit report {
2025 silly audit report   vite: [
2025 silly audit report     {
2025 silly audit report       id: 1107324,
2025 silly audit report       url: 'https://github.com/advisories/GHSA-g4jq-h2w9-997c',
2025 silly audit report       title: 'Vite middleware may serve files starting with the same name with the public directory',
2025 silly audit report       severity: 'low',
2025 silly audit report       vulnerable_versions: '>=6.0.0 <=6.3.5',
2025 silly audit report       cwe: [Array],
2025 silly audit report       cvss: [Object]
2025 silly audit report     },
2025 silly audit report     {
2025 silly audit report       id: 1107328,
2025 silly audit report       url: 'https://github.com/advisories/GHSA-jqfw-vq24-v9c3',
2025 silly audit report       title: "Vite's `server.fs` settings were not applied to HTML files",
2025 silly audit report       severity: 'low',
2025 silly audit report       vulnerable_versions: '>=6.0.0 <=6.3.5',
2025 silly audit report       cwe: [Array],
2025 silly audit report       cvss: [Object]
2025 silly audit report     },
2025 silly audit report     {
2025 silly audit report       id: 1109135,
2025 silly audit report       url: 'https://github.com/advisories/GHSA-93m4-6634-74q7',
2025 silly audit report       title: 'vite allows server.fs.deny bypass via backslash on Windows',
2025 silly audit report       severity: 'moderate',
2025 silly audit report       vulnerable_versions: '>=6.0.0 <=6.4.0',
2025 silly audit report       cwe: [Array],
2025 silly audit report       cvss: [Object]
2025 silly audit report     },
2025 silly audit report     {
2025 silly audit report       id: 1120784,
2025 silly audit report       url: 'https://github.com/advisories/GHSA-v6wh-96g9-6wx3',
2025 silly audit report       title: 'launch-editor: NTLMv2 hash disclosure via UNC path handling on Windows',
2025 silly audit report       severity: 'moderate',
2025 silly audit report       vulnerable_versions: '<=6.4.2',
2025 silly audit report       cwe: [Array],
2025 silly audit report       cvss: [Object]
2025 silly audit report     },
2025 silly audit report     {
2025 silly audit report       id: 1120789,
2025 silly audit report       url: 'https://github.com/advisories/GHSA-fx2h-pf6j-xcff',
2025 silly audit report       title: 'vite: `server.fs.deny` bypass on Windows alternate paths',
2025 silly audit report       severity: 'high',
2025 silly audit report       vulnerable_versions: '<=6.4.2',
2025 silly audit report       cwe: [Array],
2025 silly audit report       cvss: [Object]
2025 silly audit report     },
2025 silly audit report     {
2025 silly audit report       id: 1116229,
2025 silly audit report       url: 'https://github.com/advisories/GHSA-4w7w-66w2-5vf9',
2025 silly audit report       title: 'Vite Vulnerable to Path Traversal in Optimized Deps `.map` Handling',
2025 silly audit report       severity: 'moderate',
2025 silly audit report       vulnerable_versions: '<=6.4.1',
2025 silly audit report       cwe: [Array],
2025 silly audit report       cvss: [Object]
2025 silly audit report     },
2025 silly audit report     {
2025 silly audit report       id: 1116234,
2025 silly audit report       url: 'https://github.com/advisories/GHSA-p9ff-h696-f583',
2025 silly audit report       title: 'Vite Vulnerable to Arbitrary File Read via Vite Dev Server WebSocket',
2025 silly audit report       severity: 'high',
2025 silly audit report       vulnerable_versions: '>=6.0.0 <=6.4.1',
2025 silly audit report       cwe: [Array],
2025 silly audit report       cvss: [Object]
2025 silly audit report     }
2025 silly audit report   ],
2025 silly audit report   'react-router': [
2025 silly audit report     {
2025 silly audit report       id: 1120063,
2025 silly audit report       url: 'https://github.com/advisories/GHSA-49rj-9fvp-4h2h',
2025 silly audit report       title: "React Router's vendored turbo-stream v2 allows arbitrary constructor invocation via TYPE_ERROR deserialization leading to Unauth RCE",
2025 silly audit report       severity: 'high',
2025 silly audit report       vulnerable_versions: '>=7.0.0 <=7.14.1',
2025 silly audit report       cwe: [Array],
2025 silly audit report       cvss: [Object]
2025 silly audit report     },
2025 silly audit report     {
2025 silly audit report       id: 1120065,
2025 silly audit report       url: 'https://github.com/advisories/GHSA-2j2x-hqr9-3h42',
2025 silly audit report       title: "React Router's same-origin redirect with path starting // causes open redirect via protocol-relative URL reinterpretation",
2025 silly audit report       severity: 'moderate',
2025 silly audit report       vulnerable_versions: '>=7.0.0 <7.14.1',
2025 silly audit report       cwe: [Array],
2025 silly audit report       cvss: [Object]
2025 silly audit report     },
2025 silly audit report     {
2025 silly audit report       id: 1120066,
2025 silly audit report       url: 'https://github.com/advisories/GHSA-8646-j5j9-6r62',
2025 silly audit report       title: 'React Router vulnerable to XSS in unstable RSC redirect handling via javascript: redirect targets',
2025 silly audit report       severity: 'high',
2025 silly audit report       vulnerable_versions: '>=7.7.0 <7.13.2',
2025 silly audit report       cwe: [Array],
2025 silly audit report       cvss: [Object]
2025 silly audit report     },
2025 silly audit report     {
2025 silly audit report       id: 1120067,
2025 silly audit report       url: 'https://github.com/advisories/GHSA-f22v-gfqf-p8f3',
2025 silly audit report       title: 'React Router has stored XSS via unescaped Location header in prerendered redirect HTML',
2025 silly audit report       severity: 'moderate',
2025 silly audit report       vulnerable_versions: '>=7.5.1 <7.13.2',
2025 silly audit report       cwe: [Array],
2025 silly audit report       cvss: [Object]
2025 silly audit report     },
2025 silly audit report     {
2025 silly audit report       id: 1120069,
2025 silly audit report       url: 'https://github.com/advisories/GHSA-8x6r-g9mw-2r78',
2025 silly audit report       title: 'React Router vulnerable to DoS via unbounded path expansion in __manifest endpoint',
2025 silly audit report       severity: 'high',
2025 silly audit report       vulnerable_versions: '>=7.0.0 <7.15.0',
2025 silly audit report       cwe: [Array],
2025 silly audit report       cvss: [Object]
2025 silly audit report     },
2025 silly audit report     {
2025 silly audit report       id: 1120081,
2025 silly audit report       url: 'https://github.com/advisories/GHSA-rxv8-25v2-qmq8',
2025 silly audit report       title: 'React Router vulnerable to Denial of Service via reflected user input in single-fetch',
2025 silly audit report       severity: 'high',
2025 silly audit report       vulnerable_versions: '>=7.0.0 <7.14.0',
2025 silly audit report       cwe: [Array],
2025 silly audit report       cvss: [Object]
2025 silly audit report     },
2025 silly audit report     {
2025 silly audit report       id: 1120807,
2025 silly audit report       url: 'https://github.com/advisories/GHSA-84g9-w2xq-vcv6',
2025 silly audit report       title: 'React Router: Potential CSRF via PUT/PATCH/DELETE document requests',
2025 silly audit report       severity: 'low',
2025 silly audit report       vulnerable_versions: '>=7.12.0 <7.15.1',
2025 silly audit report       cwe: [Array],
2025 silly audit report       cvss: [Object]
2025 silly audit report     }
2025 silly audit report   ]
2025 silly audit report }
2026 timing metavuln:packument:vite Completed in 4ms
2027 timing metavuln:packument:react-router Completed in 2ms
2028 timing metavuln:cache:get:security-advisory:vite:Tg1igN5ImUILB7iL3lCsdCfvryCmdwXKQoLrV9oZh5qkz8tTcdwqqtt4Gpb4Z+ybfbkRa+CBnUNY2uVy1+5EAA== Completed in 14ms
2029 timing metavuln:load:security-advisory:vite:1107324 Completed in 45ms
2030 timing metavuln:cache:get:security-advisory:vite:0uerD0bg2wLpA2p8gFFFUIFeutSBDzFl98dN45i4u1EYj3EvJW03UyjO7tQ7Nk8yLBSi8rbvxI4k8C+oCGWubg== Completed in 61ms
2031 timing metavuln:load:security-advisory:vite:1107328 Completed in 27ms
2032 timing metavuln:cache:get:security-advisory:vite:lhMAfW6KGSgCoRssD7e9LUKdutS+l4nPk6asDknTsbkWI2UMyL0z8LPAXleuo5qPagcVjQxgCtMH3fz1kzkSYA== Completed in 90ms
2033 timing metavuln:load:security-advisory:vite:1109135 Completed in 24ms
2034 timing metavuln:cache:get:security-advisory:vite:CReXW7o3cJZ0aN4nhg/gRV1E8OPJ2SoGmmUw6lY2bLjCfF70z3PbDKbutfCbWYbBHkeQ6W4F2IxffSmtDjtaNw== Completed in 115ms
2035 timing metavuln:load:security-advisory:vite:1120784 Completed in 31ms
2036 timing metavuln:cache:get:security-advisory:vite:rfJCJIEvcv5f5yDq7HLcRBJmzTJ3qG7HiqGGE2HGmflNE9+dfcWbPBKVjy9e92Z2cEm1UUr/9/cniCzumr5N1A== Completed in 147ms
2037 timing metavuln:load:security-advisory:vite:1120789 Completed in 31ms
2038 timing metavuln:cache:get:security-advisory:vite:I1BdsVrQ8+F0Nz5pjiEY7gYSFBzvKNwOR8nQyg9euOprN34SC4VipJH1GMc8WCRl+e0xZWGr2QiYwiNwqO4gag== Completed in 179ms
2039 timing metavuln:load:security-advisory:vite:1116229 Completed in 27ms
2040 timing metavuln:cache:get:security-advisory:vite:NrX8Kp1+Hvd4wvEsS+lQHlOeCmhHudEeMSpjy9BuW2CaPgMCcTb+azDYWI3SEwQXj582+iuKbuJSaWmAaLYLNw== Completed in 208ms
2041 timing metavuln:load:security-advisory:vite:1116234 Completed in 21ms
2042 timing metavuln:cache:get:security-advisory:react-router:eQA0zti9e3gr59/G0XEDTXpBo0KKACodhippX9jHxcZn2PcuprX8nvzsWfmZjFCTwod3FYPR9PZRU6RrQUl0BQ== Completed in 230ms
2043 timing metavuln:load:security-advisory:react-router:1120063 Completed in 75ms
2044 timing metavuln:cache:get:security-advisory:react-router:AWVuGag03KawsmSvkAPEynJatj2FO6DPdwiCeuI3B2prpTLFw0mDKLgLoKFXa8pTdrrBYoo3+aJbqxz/o2Xzug== Completed in 308ms
2045 timing metavuln:load:security-advisory:react-router:1120065 Completed in 57ms
2046 timing metavuln:cache:get:security-advisory:react-router:eY5U4aDOtBmSv0o9ifOkv5/Dd9YimI6Hz8fjvcmq5X7wbokBl5uWQbcZEFp7tvybDEvXCXfYtHOSJxQlGlLUEg== Completed in 366ms
2047 timing metavuln:load:security-advisory:react-router:1120066 Completed in 59ms
2048 timing metavuln:cache:get:security-advisory:react-router:2RT2zx+0K4W6/htsmqTKEkUQV0JqLSDTG6ePpXw1jDKc2j8LxZjBkyryeccgw2pXHDHUxxtIVLBGioiCfPiCYg== Completed in 426ms
2049 timing metavuln:load:security-advisory:react-router:1120067 Completed in 63ms
2050 timing metavuln:cache:get:security-advisory:react-router:SLRsPjKw52ND9K+rNxiAGCPsgMI1Qmw75UjzTgmq90yIOpWDNh85oyCegf+mCJHKwq5lWo3LN4Zyx+15gPTLGA== Completed in 490ms
2051 timing metavuln:load:security-advisory:react-router:1120069 Completed in 53ms
2052 timing metavuln:cache:get:security-advisory:react-router:UTigV39RNyhu6QeF5msFgMHu/ml+reVExWe0c+RqCjbXZ45I/wA8o83UaT3ZnA5z/u1C/02MrogiPuojCt4Nlw== Completed in 545ms
2053 timing metavuln:load:security-advisory:react-router:1120081 Completed in 59ms
2054 timing metavuln:cache:get:security-advisory:react-router:M2u8q+cNH2/JeNVRGUeWZdG1XzIVvaqZqGlwi0tywlYQxhegMXBJW+LoL2/+2Mvnq519r5jtrfSPRgTfwrm8wQ== Completed in 606ms
2055 timing metavuln:load:security-advisory:react-router:1120807 Completed in 55ms
2056 http fetch GET 200 https://registry.npmjs.org/nanoid/-/nanoid-3.3.15.tgz 2240ms (cache miss)
2057 http fetch GET 200 https://registry.npmjs.org/fdir/-/fdir-6.5.0.tgz 2235ms (cache miss)
2058 http fetch GET 200 https://registry.npmjs.org/@types/estree/-/estree-1.0.9.tgz 2251ms (cache miss)
2059 http fetch GET 200 https://registry.npmjs.org/internmap/-/internmap-2.0.3.tgz 2271ms (cache miss)
2060 http fetch GET 200 https://registry.npmjs.org/d3-path/-/d3-path-3.1.0.tgz 2314ms (cache miss)
2061 http fetch GET 200 https://registry.npmjs.org/@types/d3-color/-/d3-color-3.1.3.tgz 2304ms (cache miss)
2062 http fetch GET 200 https://registry.npmjs.org/@types/d3-path/-/d3-path-3.1.1.tgz 2300ms (cache miss)
2063 http fetch GET 200 https://registry.npmjs.org/d3-ease/-/d3-ease-3.0.1.tgz 2293ms (cache miss)
2064 http fetch GET 200 https://registry.npmjs.org/@types/d3-timer/-/d3-timer-3.0.2.tgz 2292ms (cache miss)
2065 http fetch GET 200 https://registry.npmjs.org/d3-timer/-/d3-timer-3.0.1.tgz 2308ms (cache miss)
2066 timing metavuln:cache:put:security-advisory:vite:Tg1igN5ImUILB7iL3lCsdCfvryCmdwXKQoLrV9oZh5qkz8tTcdwqqtt4Gpb4Z+ybfbkRa+CBnUNY2uVy1+5EAA== Completed in 1519ms
2067 timing metavuln:calculate:security-advisory:vite:1107324 Completed in 1580ms
2068 timing metavuln:cache:put:security-advisory:react-router:2RT2zx+0K4W6/htsmqTKEkUQV0JqLSDTG6ePpXw1jDKc2j8LxZjBkyryeccgw2pXHDHUxxtIVLBGioiCfPiCYg== Completed in 1088ms
2069 timing metavuln:calculate:security-advisory:react-router:1120067 Completed in 1577ms
2070 timing metavuln:cache:put:security-advisory:vite:lhMAfW6KGSgCoRssD7e9LUKdutS+l4nPk6asDknTsbkWI2UMyL0z8LPAXleuo5qPagcVjQxgCtMH3fz1kzkSYA== Completed in 1465ms
2071 timing metavuln:calculate:security-advisory:vite:1109135 Completed in 1579ms
2072 timing metavuln:cache:put:security-advisory:vite:CReXW7o3cJZ0aN4nhg/gRV1E8OPJ2SoGmmUw6lY2bLjCfF70z3PbDKbutfCbWYbBHkeQ6W4F2IxffSmtDjtaNw== Completed in 1433ms
2073 timing metavuln:calculate:security-advisory:vite:1120784 Completed in 1579ms
2074 timing metavuln:cache:put:security-advisory:vite:rfJCJIEvcv5f5yDq7HLcRBJmzTJ3qG7HiqGGE2HGmflNE9+dfcWbPBKVjy9e92Z2cEm1UUr/9/cniCzumr5N1A== Completed in 1401ms
2075 timing metavuln:calculate:security-advisory:vite:1120789 Completed in 1579ms
2076 timing metavuln:cache:put:security-advisory:react-router:eQA0zti9e3gr59/G0XEDTXpBo0KKACodhippX9jHxcZn2PcuprX8nvzsWfmZjFCTwod3FYPR9PZRU6RrQUl0BQ== Completed in 1273ms
2077 timing metavuln:calculate:security-advisory:react-router:1120063 Completed in 1579ms
2078 timing metavuln:cache:put:security-advisory:react-router:eY5U4aDOtBmSv0o9ifOkv5/Dd9YimI6Hz8fjvcmq5X7wbokBl5uWQbcZEFp7tvybDEvXCXfYtHOSJxQlGlLUEg== Completed in 1153ms
2079 timing metavuln:calculate:security-advisory:react-router:1120066 Completed in 1578ms
2080 timing metavuln:cache:put:security-advisory:react-router:UTigV39RNyhu6QeF5msFgMHu/ml+reVExWe0c+RqCjbXZ45I/wA8o83UaT3ZnA5z/u1C/02MrogiPuojCt4Nlw== Completed in 973ms
2081 timing metavuln:calculate:security-advisory:react-router:1120081 Completed in 1578ms
2082 timing metavuln:cache:put:security-advisory:react-router:M2u8q+cNH2/JeNVRGUeWZdG1XzIVvaqZqGlwi0tywlYQxhegMXBJW+LoL2/+2Mvnq519r5jtrfSPRgTfwrm8wQ== Completed in 917ms
2083 timing metavuln:calculate:security-advisory:react-router:1120807 Completed in 1578ms
2084 timing metavuln:cache:put:security-advisory:react-router:AWVuGag03KawsmSvkAPEynJatj2FO6DPdwiCeuI3B2prpTLFw0mDKLgLoKFXa8pTdrrBYoo3+aJbqxz/o2Xzug== Completed in 1215ms
2085 timing metavuln:calculate:security-advisory:react-router:1120065 Completed in 1580ms
2086 http fetch GET 200 https://registry.npmjs.org/escalade/-/escalade-3.2.0.tgz 2321ms (cache miss)
2087 http fetch GET 200 https://registry.npmjs.org/@types/d3-time/-/d3-time-3.0.4.tgz 2334ms (cache miss)
2088 http fetch GET 200 https://registry.npmjs.org/detect-node-es/-/detect-node-es-1.1.0.tgz 2357ms (cache miss)
2089 timing metavuln:cache:put:security-advisory:vite:NrX8Kp1+Hvd4wvEsS+lQHlOeCmhHudEeMSpjy9BuW2CaPgMCcTb+azDYWI3SEwQXj582+iuKbuJSaWmAaLYLNw== Completed in 1420ms
2090 timing metavuln:calculate:security-advisory:vite:1116234 Completed in 1649ms
2091 timing metavuln:cache:put:security-advisory:vite:I1BdsVrQ8+F0Nz5pjiEY7gYSFBzvKNwOR8nQyg9euOprN34SC4VipJH1GMc8WCRl+e0xZWGr2QiYwiNwqO4gag== Completed in 1443ms
2092 timing metavuln:calculate:security-advisory:vite:1116229 Completed in 1650ms
2093 timing metavuln:cache:put:security-advisory:vite:0uerD0bg2wLpA2p8gFFFUIFeutSBDzFl98dN45i4u1EYj3EvJW03UyjO7tQ7Nk8yLBSi8rbvxI4k8C+oCGWubg== Completed in 1561ms
2094 timing metavuln:calculate:security-advisory:vite:1107328 Completed in 1650ms
2095 timing metavuln:cache:put:security-advisory:react-router:SLRsPjKw52ND9K+rNxiAGCPsgMI1Qmw75UjzTgmq90yIOpWDNh85oyCegf+mCJHKwq5lWo3LN4Zyx+15gPTLGA== Completed in 1105ms
2096 timing metavuln:calculate:security-advisory:react-router:1120069 Completed in 1648ms
2097 timing metavuln:packument:@tailwindcss/vite Completed in 1ms
2098 timing metavuln:packument:@vitejs/plugin-react Completed in 0ms
2099 http fetch GET 200 https://registry.npmjs.org/supports-preserve-symlinks-flag/-/supports-preserve-symlinks-flag-1.0.0.tgz 2399ms (cache miss)
2100 timing metavuln:cache:get:security-advisory:@tailwindcss/vite:1ztbvYzRBkHmt5RcSQRGJ3aXfyWEowu+TER58Z1iRDCVy7Kfa7oGb8l9g+2fMUJ0YJUvLwOCAJVtHIkIK/RhYw== Completed in 58ms
2101 timing metavuln:load:security-advisory:@tailwindcss/vite:Tg1igN5ImUILB7iL3lCsdCfvryCmdwXKQoLrV9oZh5qkz8tTcdwqqtt4Gpb4Z+ybfbkRa+CBnUNY2uVy1+5EAA== Completed in 126ms
2102 timing metavuln:cache:get:security-advisory:@vitejs/plugin-react:MVOGFBRHsZgBtr/ZmFfXJcrR1ECgniAAy3KSuhgUZ+LEJG4qmAPN6myIG8bhDb8tzwGkH+59oesT9j+BIxrDcw== Completed in 184ms
2103 timing metavuln:load:security-advisory:@vitejs/plugin-react:Tg1igN5ImUILB7iL3lCsdCfvryCmdwXKQoLrV9oZh5qkz8tTcdwqqtt4Gpb4Z+ybfbkRa+CBnUNY2uVy1+5EAA== Completed in 50ms
2104 http fetch GET 200 https://registry.npmjs.org/d3-format/-/d3-format-3.1.2.tgz 2666ms (cache miss)
2105 http fetch GET 200 https://registry.npmjs.org/es-errors/-/es-errors-1.3.0.tgz 2627ms (cache miss)
2106 http fetch GET 200 https://registry.npmjs.org/tiny-invariant/-/tiny-invariant-1.3.3.tgz 2614ms (cache miss)
2107 http fetch GET 200 https://registry.npmjs.org/@types/d3-interpolate/-/d3-interpolate-3.0.4.tgz 2657ms (cache miss)
2108 http fetch GET 200 https://registry.npmjs.org/eventemitter3/-/eventemitter3-4.0.7.tgz 2608ms (cache miss)
2109 http fetch GET 200 https://registry.npmjs.org/@types/d3-ease/-/d3-ease-3.0.2.tgz 2726ms (cache miss)
2110 http fetch GET 200 https://registry.npmjs.org/hasown/-/hasown-2.0.4.tgz 2702ms (cache miss)
2111 http fetch GET 200 https://registry.npmjs.org/chownr/-/chownr-3.0.0.tgz 2705ms (cache miss)
2112 http fetch GET 200 https://registry.npmjs.org/path-parse/-/path-parse-1.0.7.tgz 2701ms (cache miss)
2113 http fetch GET 200 https://registry.npmjs.org/@isaacs/fs-minipass/-/fs-minipass-4.0.1.tgz 2711ms (cache miss)
2114 http fetch GET 200 https://registry.npmjs.org/lodash.debounce/-/lodash.debounce-4.0.8.tgz 2665ms (cache miss)
2115 http fetch GET 200 https://registry.npmjs.org/json2mq/-/json2mq-0.2.0.tgz 2663ms (cache miss)
2116 timing reifyNode:node_modules/@types/d3-path Completed in 3049ms
2117 timing reifyNode:node_modules/@types/d3-timer Completed in 3053ms
2118 http fetch GET 200 https://registry.npmjs.org/@types/d3-array/-/d3-array-3.2.2.tgz 2751ms (cache miss)
2119 http fetch GET 200 https://registry.npmjs.org/use-callback-ref/-/use-callback-ref-1.3.3.tgz 2695ms (cache miss)
2120 http fetch GET 200 https://registry.npmjs.org/react-remove-scroll-bar/-/react-remove-scroll-bar-2.3.8.tgz 2685ms (cache miss)
2121 timing reifyNode:node_modules/@types/d3-color Completed in 3097ms
2122 http fetch GET 200 https://registry.npmjs.org/get-nonce/-/get-nonce-1.0.1.tgz 2755ms (cache miss)
2123 http fetch GET 200 https://registry.npmjs.org/string-convert/-/string-convert-0.2.1.tgz 2751ms (cache miss)
2124 http fetch GET 200 https://registry.npmjs.org/classnames/-/classnames-2.5.1.tgz 2748ms (cache miss)
2125 http fetch GET 200 https://registry.npmjs.org/fast-deep-equal/-/fast-deep-equal-3.1.3.tgz 2724ms (cache miss)
2126 http fetch GET 200 https://registry.npmjs.org/is-arrayish/-/is-arrayish-0.2.1.tgz 2719ms (cache miss)
2127 timing reifyNode:node_modules/@types/d3-ease Completed in 3134ms
2128 timing reifyNode:node_modules/@types/d3-time Completed in 3134ms
2129 http fetch GET 200 https://registry.npmjs.org/react-style-singleton/-/react-style-singleton-2.2.3.tgz 2768ms (cache miss)
2130 http fetch GET 200 https://registry.npmjs.org/object-assign/-/object-assign-4.1.1.tgz 2745ms (cache miss)
2131 http fetch GET 200 https://registry.npmjs.org/warning/-/warning-4.0.3.tgz 2766ms (cache miss)
2132 http fetch GET 200 https://registry.npmjs.org/@react-dnd/shallowequal/-/shallowequal-4.0.2.tgz 2751ms (cache miss)
2133 timing reifyNode:node_modules/@types/estree Completed in 3170ms
2134 timing reifyNode:node_modules/path-parse Completed in 3164ms
2135 http fetch GET 200 https://registry.npmjs.org/set-cookie-parser/-/set-cookie-parser-2.7.2.tgz 2809ms (cache miss)
2136 http fetch GET 200 https://registry.npmjs.org/react-fast-compare/-/react-fast-compare-3.2.2.tgz 2792ms (cache miss)
2137 http fetch GET 200 https://registry.npmjs.org/lines-and-columns/-/lines-and-columns-1.2.4.tgz 2781ms (cache miss)
2138 http fetch GET 200 https://registry.npmjs.org/callsites/-/callsites-3.1.0.tgz 2763ms (cache miss)
2139 http fetch GET 200 https://registry.npmjs.org/resolve-from/-/resolve-from-4.0.0.tgz 2773ms (cache miss)
2140 http fetch GET 200 https://registry.npmjs.org/loose-envify/-/loose-envify-1.4.0.tgz 2819ms (cache miss)
2141 timing reifyNode:node_modules/@types/d3-array Completed in 3227ms
2142 timing reifyNode:node_modules/@types/d3-interpolate Completed in 3230ms
2143 http fetch GET 200 https://registry.npmjs.org/embla-carousel-reactive-utils/-/embla-carousel-reactive-utils-8.6.0.tgz 2816ms (cache miss)
2144 timing reifyNode:node_modules/lodash.debounce Completed in 3256ms
2145 http fetch GET 200 https://registry.npmjs.org/@react-dnd/invariant/-/invariant-4.0.2.tgz 2880ms (cache miss)
2146 http fetch GET 200 https://registry.npmjs.org/@types/d3-shape/-/d3-shape-3.1.8.tgz 2977ms (cache miss)
2147 timing reifyNode:node_modules/set-cookie-parser Completed in 3277ms
2148 http fetch GET 200 https://registry.npmjs.org/error-ex/-/error-ex-1.3.4.tgz 2871ms (cache miss)
2149 http fetch GET 200 https://registry.npmjs.org/graceful-fs/-/graceful-fs-4.2.11.tgz 2873ms (cache miss)
2150 http fetch GET 200 https://registry.npmjs.org/@types/d3-scale/-/d3-scale-4.0.9.tgz 3010ms (cache miss)
2151 timing reifyNode:node_modules/object-assign Completed in 3316ms
2152 http fetch GET 200 https://registry.npmjs.org/update-browserslist-db/-/update-browserslist-db-1.2.3.tgz 2903ms (cache miss)
2153 http fetch GET 200 https://registry.npmjs.org/parent-module/-/parent-module-1.0.1.tgz 2901ms (cache miss)
2154 http fetch GET 200 https://registry.npmjs.org/ms/-/ms-2.1.3.tgz 2909ms (cache miss)
2155 http fetch GET 200 https://registry.npmjs.org/import-fresh/-/import-fresh-3.3.1.tgz 2902ms (cache miss)
2156 http fetch GET 200 https://registry.npmjs.org/parse-json/-/parse-json-5.2.0.tgz 2909ms (cache miss)
2157 timing reifyNode:node_modules/internmap Completed in 3344ms
2158 http fetch GET 200 https://registry.npmjs.org/json-parse-even-better-errors/-/json-parse-even-better-errors-2.3.1.tgz 2955ms (cache miss)
2159 timing reifyNode:node_modules/resolve-from Completed in 3346ms
2160 http fetch GET 200 https://registry.npmjs.org/@types/parse-json/-/parse-json-4.0.2.tgz 2936ms (cache miss)
2161 http fetch GET 200 https://registry.npmjs.org/lru-cache/-/lru-cache-5.1.1.tgz 2921ms (cache miss)
2162 timing reifyNode:node_modules/@types/d3-shape Completed in 3377ms
2163 timing reifyNode:node_modules/warning Completed in 3379ms
2164 http fetch GET 200 https://registry.npmjs.org/path-type/-/path-type-4.0.0.tgz 2958ms (cache miss)
2165 http fetch GET 200 https://registry.npmjs.org/node-releases/-/node-releases-2.0.50.tgz 2955ms (cache miss)
2166 http fetch GET 200 https://registry.npmjs.org/@types/babel__template/-/babel__template-7.4.4.tgz 2940ms (cache miss)
2167 http fetch GET 200 https://registry.npmjs.org/tinyglobby/-/tinyglobby-0.2.17.tgz 3167ms (cache miss)
2168 timing reifyNode:node_modules/@types/d3-scale Completed in 3425ms
2169 timing reifyNode:node_modules/d3-path Completed in 3460ms
2170 timing metavuln:cache:put:security-advisory:@tailwindcss/vite:1ztbvYzRBkHmt5RcSQRGJ3aXfyWEowu+TER58Z1iRDCVy7Kfa7oGb8l9g+2fMUJ0YJUvLwOCAJVtHIkIK/RhYw== Completed in 574ms
2171 timing metavuln:calculate:security-advisory:@tailwindcss/vite:Tg1igN5ImUILB7iL3lCsdCfvryCmdwXKQoLrV9oZh5qkz8tTcdwqqtt4Gpb4Z+ybfbkRa+CBnUNY2uVy1+5EAA== Completed in 758ms
2172 timing metavuln:cache:put:security-advisory:@vitejs/plugin-react:MVOGFBRHsZgBtr/ZmFfXJcrR1ECgniAAy3KSuhgUZ+LEJG4qmAPN6myIG8bhDb8tzwGkH+59oesT9j+BIxrDcw== Completed in 524ms
2173 timing metavuln:calculate:security-advisory:@vitejs/plugin-react:Tg1igN5ImUILB7iL3lCsdCfvryCmdwXKQoLrV9oZh5qkz8tTcdwqqtt4Gpb4Z+ybfbkRa+CBnUNY2uVy1+5EAA== Completed in 758ms
2174 timing auditReport:init Completed in 2457ms
2175 timing reify:audit Completed in 3508ms
2176 timing reifyNode:node_modules/lines-and-columns Completed in 3494ms
2177 timing reifyNode:node_modules/react-fast-compare Completed in 3496ms
2178 timing reifyNode:node_modules/json-parse-even-better-errors Completed in 3497ms
2179 http fetch GET 200 https://registry.npmjs.org/@types/babel__generator/-/babel__generator-7.27.0.tgz 3081ms (cache miss)
2180 http fetch GET 200 https://registry.npmjs.org/react-refresh/-/react-refresh-0.17.0.tgz 3073ms (cache miss)
2181 timing reifyNode:node_modules/tinyglobby Completed in 3538ms
2182 timing reifyNode:node_modules/callsites Completed in 3537ms
2183 timing reifyNode:node_modules/error-ex Completed in 3539ms
2184 http fetch GET 200 https://registry.npmjs.org/@babel/helper-validator-option/-/helper-validator-option-7.29.7.tgz 3128ms (cache miss)
2185 timing reifyNode:node_modules/fdir Completed in 3593ms
2186 timing reifyNode:node_modules/json2mq Completed in 3600ms
2187 http fetch GET 200 https://registry.npmjs.org/yallist/-/yallist-3.1.1.tgz 3195ms (cache miss)
2188 timing reifyNode:node_modules/@react-dnd/shallowequal Completed in 3606ms
2189 timing reifyNode:node_modules/parse-json Completed in 3605ms
2190 timing reifyNode:node_modules/ms Completed in 3607ms
2191 timing reifyNode:node_modules/parent-module Completed in 3608ms
2192 http fetch GET 200 https://registry.npmjs.org/@rolldown/pluginutils/-/pluginutils-1.0.0-beta.27.tgz 3157ms (cache miss)
2193 timing reifyNode:node_modules/@types/parse-json Completed in 3635ms
2194 http fetch GET 200 https://registry.npmjs.org/cookie/-/cookie-1.1.1.tgz 3314ms (cache miss)
2195 timing reifyNode:node_modules/yallist Completed in 3675ms
2196 timing reifyNode:node_modules/lru-cache Completed in 3680ms
2197 timing reifyNode:node_modules/@types/babel__template Completed in 3680ms
2198 timing reifyNode:node_modules/@types/babel__generator Completed in 3681ms
2199 http fetch GET 200 https://registry.npmjs.org/gensync/-/gensync-1.0.0-beta.2.tgz 3236ms (cache miss)
2200 http fetch GET 200 https://registry.npmjs.org/@babel/compat-data/-/compat-data-7.29.7.tgz 3256ms (cache miss)
2201 http fetch GET 200 https://registry.npmjs.org/@types/babel__core/-/babel__core-7.20.5.tgz 3246ms (cache miss)
2202 http fetch GET 200 https://registry.npmjs.org/@babel/plugin-transform-react-jsx-self/-/plugin-transform-react-jsx-self-7.29.7.tgz 3236ms (cache miss)
2203 http fetch GET 200 https://registry.npmjs.org/esbuild/-/esbuild-0.25.12.tgz 3491ms (cache miss)
2204 timing reifyNode:node_modules/path-type Completed in 3743ms
2205 timing reifyNode:node_modules/import-fresh Completed in 3744ms
2206 timing reifyNode:node_modules/@react-dnd/invariant Completed in 3746ms
2207 timing reifyNode:node_modules/cookie Completed in 3774ms
2208 timing reifyNode:node_modules/detect-node-es Completed in 3796ms
2209 timing reifyNode:node_modules/esbuild Completed in 3798ms
2210 http fetch GET 200 https://registry.npmjs.org/@babel/helper-plugin-utils/-/helper-plugin-utils-7.29.7.tgz 3353ms (cache miss)
2211 http fetch GET 200 https://registry.npmjs.org/@types/babel__traverse/-/babel__traverse-7.28.0.tgz 3388ms (cache miss)
2212 timing reifyNode:node_modules/d3-timer Completed in 3865ms
2213 timing reifyNode:node_modules/@types/babel__core Completed in 3893ms
2214 timing reifyNode:node_modules/eventemitter3 Completed in 3908ms
2215 timing reifyNode:node_modules/is-arrayish Completed in 3906ms
2216 timing reifyNode:node_modules/@babel/helper-plugin-utils Completed in 3910ms
2217 timing reifyNode:node_modules/@types/babel__traverse Completed in 3911ms
2218 http fetch GET 200 https://registry.npmjs.org/is-core-module/-/is-core-module-2.16.2.tgz 3628ms (cache miss)
2219 timing reifyNode:node_modules/loose-envify Completed in 3945ms
2220 http fetch GET 200 https://registry.npmjs.org/@jridgewell/remapping/-/remapping-2.3.5.tgz 3450ms (cache miss)
2221 http fetch GET 200 https://registry.npmjs.org/@babel/plugin-transform-react-jsx-source/-/plugin-transform-react-jsx-source-7.29.7.tgz 3473ms (cache miss)
2222 http fetch GET 200 https://registry.npmjs.org/@tailwindcss/oxide/-/oxide-4.1.12.tgz 3462ms (cache miss)
2223 timing reifyNode:node_modules/graceful-fs Completed in 3956ms
2224 http fetch GET 200 https://registry.npmjs.org/picomatch/-/picomatch-4.0.5.tgz 3731ms (cache miss)
2225 timing reifyNode:node_modules/get-nonce Completed in 3984ms
2226 timing reifyNode:node_modules/node-releases Completed in 3982ms
2227 timing reifyNode:node_modules/is-core-module Completed in 4005ms
2228 timing reifyNode:node_modules/hasown Completed in 4019ms
2229 timing reifyNode:node_modules/@babel/plugin-transform-react-jsx-self Completed in 4011ms
2230 http fetch GET 200 https://registry.npmjs.org/@floating-ui/utils/-/utils-0.2.11.tgz 3517ms (cache miss)
2231 http fetch GET 200 https://registry.npmjs.org/aria-hidden/-/aria-hidden-1.2.6.tgz 3516ms (cache miss)
2232 timing reifyNode:node_modules/picomatch Completed in 4044ms
2233 http fetch GET 200 https://registry.npmjs.org/semver/-/semver-6.3.1.tgz 3586ms (cache miss)
2234 timing reifyNode:node_modules/supports-preserve-symlinks-flag Completed in 4044ms
2235 http fetch GET 200 https://registry.npmjs.org/@radix-ui/number/-/number-1.1.0.tgz 3556ms (cache miss)
2236 timing reifyNode:node_modules/@rolldown/pluginutils Completed in 4055ms
2237 http fetch GET 200 https://registry.npmjs.org/d3-color/-/d3-color-3.1.0.tgz 3802ms (cache miss)
2238 timing reifyNode:node_modules/string-convert Completed in 4068ms
2239 timing reifyNode:node_modules/classnames Completed in 4067ms
2240 timing reifyNode:node_modules/escalade Completed in 4085ms
2241 timing reifyNode:node_modules/semver Completed in 4078ms
2242 timing reifyNode:node_modules/update-browserslist-db Completed in 4086ms
2243 http fetch GET 200 https://registry.npmjs.org/react-remove-scroll/-/react-remove-scroll-2.7.2.tgz 3570ms (cache miss)
2244 timing reifyNode:node_modules/d3-color Completed in 4104ms
2245 http fetch GET 200 https://registry.npmjs.org/@radix-ui/react-use-rect/-/react-use-rect-1.1.0.tgz 3612ms (cache miss)
2246 http fetch GET 200 https://registry.npmjs.org/@radix-ui/rect/-/rect-1.1.0.tgz 3609ms (cache miss)
2247 http fetch GET 200 https://registry.npmjs.org/@radix-ui/react-arrow/-/react-arrow-1.1.2.tgz 3624ms (cache miss)
2248 timing reifyNode:node_modules/@babel/plugin-transform-react-jsx-source Completed in 4191ms
2249 timing reifyNode:node_modules/gensync Completed in 4229ms
2250 timing reifyNode:node_modules/@tailwindcss/oxide Completed in 4292ms
2251 http fetch GET 200 https://registry.npmjs.org/@radix-ui/react-roving-focus/-/react-roving-focus-1.1.2.tgz 3919ms (cache miss)
2252 http fetch GET 200 https://registry.npmjs.org/function-bind/-/function-bind-1.1.2.tgz 4129ms (cache miss)
2253 timing reifyNode:node_modules/fast-deep-equal Completed in 4442ms
2254 http fetch GET 200 https://registry.npmjs.org/@radix-ui/react-visually-hidden/-/react-visually-hidden-1.1.2.tgz 4029ms (cache miss)
2255 timing reifyNode:node_modules/@babel/helper-validator-option Completed in 4593ms
2256 http fetch GET 200 https://registry.npmjs.org/@radix-ui/react-focus-scope/-/react-focus-scope-1.1.2.tgz 4093ms (cache miss)
2257 timing reifyNode:node_modules/function-bind Completed in 4629ms
2258 http fetch GET 200 https://registry.npmjs.org/decimal.js-light/-/decimal.js-light-2.5.1.tgz 4312ms (cache miss)
2259 http fetch GET 200 https://registry.npmjs.org/@radix-ui/react-portal/-/react-portal-1.1.4.tgz 4140ms (cache miss)
2260 http fetch GET 200 https://registry.npmjs.org/@radix-ui/react-use-size/-/react-use-size-1.1.0.tgz 4188ms (cache miss)
2261 timing reifyNode:node_modules/decimal.js-light Completed in 4724ms
2262 timing reifyNode:node_modules/react-refresh Completed in 4837ms
2263 timing reifyNode:node_modules/tiny-invariant Completed in 4855ms
2264 http fetch GET 200 https://registry.npmjs.org/browserslist/-/browserslist-4.28.4.tgz 4406ms (cache miss)
2265 http fetch GET 200 https://registry.npmjs.org/@radix-ui/react-use-layout-effect/-/react-use-layout-effect-1.1.0.tgz 4326ms (cache miss)
2266 timing reifyNode:node_modules/chownr Completed in 4910ms
2267 http fetch GET 200 https://registry.npmjs.org/@types/prop-types/-/prop-types-15.7.15.tgz 4370ms (cache miss)
2268 http fetch GET 200 https://registry.npmjs.org/@radix-ui/react-use-callback-ref/-/react-use-callback-ref-1.1.0.tgz 4381ms (cache miss)
2269 http fetch GET 200 https://registry.npmjs.org/detect-libc/-/detect-libc-2.1.2.tgz 4504ms (cache miss)
2270 http fetch GET 200 https://registry.npmjs.org/@radix-ui/react-focus-guards/-/react-focus-guards-1.1.1.tgz 4457ms (cache miss)
2271 http fetch GET 200 https://registry.npmjs.org/baseline-browser-mapping/-/baseline-browser-mapping-2.10.42.tgz 4587ms (cache miss)
2272 timing reifyNode:node_modules/browserslist Completed in 5023ms
2273 http fetch GET 200 https://registry.npmjs.org/@radix-ui/react-id/-/react-id-1.1.0.tgz 4485ms (cache miss)
2274 http fetch GET 200 https://registry.npmjs.org/react-is/-/react-is-19.2.7.tgz 4464ms (cache miss)
2275 http fetch GET 200 https://registry.npmjs.org/@radix-ui/react-compose-refs/-/react-compose-refs-1.1.1.tgz 4538ms (cache miss)
2276 http fetch GET 200 https://registry.npmjs.org/@radix-ui/react-use-escape-keydown/-/react-use-escape-keydown-1.1.0.tgz 4571ms (cache miss)
2277 http fetch GET 200 https://registry.npmjs.org/@radix-ui/react-context/-/react-context-1.1.1.tgz 4534ms (cache miss)
2278 http fetch GET 200 https://registry.npmjs.org/@radix-ui/react-collection/-/react-collection-1.1.2.tgz 4539ms (cache miss)
2279 timing reifyNode:node_modules/baseline-browser-mapping Completed in 5124ms
2280 timing reifyNode:node_modules/detect-libc Completed in 5125ms
2281 timing reifyNode:node_modules/@types/prop-types Completed in 5125ms
2282 http fetch GET 200 https://registry.npmjs.org/@radix-ui/react-use-previous/-/react-use-previous-1.1.0.tgz 4594ms (cache miss)
2283 http fetch GET 200 https://registry.npmjs.org/@types/react-transition-group/-/react-transition-group-4.4.12.tgz 4558ms (cache miss)
2284 http fetch GET 200 https://registry.npmjs.org/@radix-ui/react-use-controllable-state/-/react-use-controllable-state-1.1.0.tgz 4625ms (cache miss)
2285 http fetch GET 200 https://registry.npmjs.org/@radix-ui/react-primitive/-/react-primitive-2.0.2.tgz 4636ms (cache miss)
2286 http fetch GET 200 https://registry.npmjs.org/@radix-ui/primitive/-/primitive-1.1.1.tgz 4628ms (cache miss)
2287 timing reifyNode:node_modules/@radix-ui/number Completed in 5218ms
2288 timing reifyNode:node_modules/@isaacs/fs-minipass Completed in 5236ms
2289 http fetch GET 200 https://registry.npmjs.org/@radix-ui/react-direction/-/react-direction-1.1.0.tgz 4692ms (cache miss)
2290 http fetch GET 200 https://registry.npmjs.org/@emotion/unitless/-/unitless-0.10.0.tgz 4642ms (cache miss)
2291 http fetch GET 200 https://registry.npmjs.org/@babel/helper-validator-identifier/-/helper-validator-identifier-7.29.7.tgz 4656ms (cache miss)
2292 http fetch GET 200 https://registry.npmjs.org/picocolors/-/picocolors-1.1.1.tgz 4655ms (cache miss)
2293 http fetch GET 200 https://registry.npmjs.org/js-tokens/-/js-tokens-4.0.0.tgz 4660ms (cache miss)
2294 http fetch GET 200 https://registry.npmjs.org/d3-time/-/d3-time-3.1.0.tgz 5093ms (cache miss)
2295 http fetch GET 200 https://registry.npmjs.org/@floating-ui/react-dom/-/react-dom-2.1.8.tgz 4896ms (cache miss)
2296 http fetch GET 200 https://registry.npmjs.org/@emotion/sheet/-/sheet-1.4.0.tgz 4838ms (cache miss)
2297 timing reifyNode:node_modules/@radix-ui/react-use-rect Completed in 5435ms
2298 timing reifyNode:node_modules/@radix-ui/rect Completed in 5436ms
2299 timing reifyNode:node_modules/d3-ease Completed in 5448ms
2300 timing reifyNode:node_modules/d3-time Completed in 5448ms
2301 http fetch GET 200 https://registry.npmjs.org/@emotion/is-prop-valid/-/is-prop-valid-1.4.0.tgz 4894ms (cache miss)
2302 http fetch GET 200 https://registry.npmjs.org/@emotion/hash/-/hash-0.9.2.tgz 4835ms (cache miss)
2303 http fetch GET 200 https://registry.npmjs.org/escape-string-regexp/-/escape-string-regexp-4.0.0.tgz 4829ms (cache miss)
2304 http fetch GET 200 https://registry.npmjs.org/find-root/-/find-root-1.1.0.tgz 4832ms (cache miss)
2305 timing reifyNode:node_modules/@radix-ui/react-arrow Completed in 5501ms
2306 http fetch GET 200 https://registry.npmjs.org/electron-to-chromium/-/electron-to-chromium-1.5.387.tgz 5079ms (cache miss)
2307 http fetch GET 200 https://registry.npmjs.org/@babel/code-frame/-/code-frame-7.29.7.tgz 4890ms (cache miss)
2308 timing reifyNode:node_modules/@floating-ui/react-dom Completed in 5544ms
2309 http fetch GET 200 https://registry.npmjs.org/tslib/-/tslib-2.8.1.tgz 5116ms (cache miss)
2310 http fetch GET 200 https://registry.npmjs.org/tw-animate-css/-/tw-animate-css-1.3.8.tgz 4901ms (cache miss)
2311 http fetch GET 200 https://registry.npmjs.org/convert-source-map/-/convert-source-map-1.9.0.tgz 4917ms (cache miss)
2312 http fetch GET 200 https://registry.npmjs.org/@mui/core-downloads-tracker/-/core-downloads-tracker-7.3.11.tgz 4967ms (cache miss)
2313 timing reifyNode:node_modules/@mui/core-downloads-tracker Completed in 5590ms
2314 http fetch GET 200 https://registry.npmjs.org/@radix-ui/react-dismissable-layer/-/react-dismissable-layer-1.1.5.tgz 5007ms (cache miss)
2315 http fetch GET 200 https://registry.npmjs.org/@babel/helper-module-imports/-/helper-module-imports-7.29.7.tgz 4930ms (cache miss)
2316 timing reifyNode:node_modules/electron-to-chromium Completed in 5613ms
2317 timing reifyNode:node_modules/@radix-ui/react-roving-focus Completed in 5628ms
2318 http fetch GET 200 https://registry.npmjs.org/@radix-ui/react-popper/-/react-popper-1.2.2.tgz 5119ms (cache miss)
2319 timing reifyNode:node_modules/tslib Completed in 5637ms
2320 http fetch GET 200 https://registry.npmjs.org/@babel/helper-string-parser/-/helper-string-parser-7.29.7.tgz 5039ms (cache miss)
2321 http fetch GET 200 https://registry.npmjs.org/@emotion/memoize/-/memoize-0.9.0.tgz 4998ms (cache miss)
2322 http fetch GET 200 https://registry.npmjs.org/@emotion/utils/-/utils-1.4.2.tgz 4995ms (cache miss)
2323 timing reifyNode:node_modules/@radix-ui/react-visually-hidden Completed in 5652ms
2324 timing reifyNode:node_modules/convert-source-map Completed in 5668ms
2325 http fetch GET 200 https://registry.npmjs.org/@emotion/weak-memoize/-/weak-memoize-0.4.0.tgz 5022ms (cache miss)
2326 timing reifyNode:node_modules/@radix-ui/react-popper Completed in 5681ms
2327 timing reifyNode:node_modules/@radix-ui/react-use-size Completed in 5682ms
2328 http fetch GET 200 https://registry.npmjs.org/scheduler/-/scheduler-0.23.2.tgz 5314ms (cache miss)
2329 timing reifyNode:node_modules/react-is Completed in 5690ms
2330 timing reifyNode:node_modules/js-tokens Completed in 5690ms
2331 http fetch GET 200 https://registry.npmjs.org/@tailwindcss/node/-/node-4.1.12.tgz 5228ms (cache miss)
2332 timing reifyNode:node_modules/embla-carousel-reactive-utils Completed in 5717ms
2333 timing reifyNode:node_modules/@babel/helper-string-parser Completed in 5721ms
2334 timing reifyNode:node_modules/aria-hidden Completed in 5728ms
2335 timing reifyNode:node_modules/@radix-ui/react-portal Completed in 5729ms
2336 timing reifyNode:node_modules/@radix-ui/react-focus-scope Completed in 5734ms
2337 http fetch GET 200 https://registry.npmjs.org/minipass/-/minipass-7.1.3.tgz 5448ms (cache miss)
2338 http fetch GET 200 https://registry.npmjs.org/jsesc/-/jsesc-3.1.0.tgz 5144ms (cache miss)
2339 http fetch GET 200 https://registry.npmjs.org/next-themes/-/next-themes-0.4.6.tgz 5055ms (cache miss)
2340 timing reifyNode:node_modules/scheduler Completed in 5775ms
2341 http fetch GET 200 https://registry.npmjs.org/clsx/-/clsx-2.1.1.tgz 5074ms (cache miss)
2342 http fetch GET 200 https://registry.npmjs.org/@emotion/use-insertion-effect-with-fallbacks/-/use-insertion-effect-with-fallbacks-1.2.0.tgz 5122ms (cache miss)
2343 http fetch GET 200 https://registry.npmjs.org/embla-carousel-react/-/embla-carousel-react-8.6.0.tgz 5078ms (cache miss)
2344 timing reifyNode:node_modules/escape-string-regexp Completed in 5779ms
2345 http fetch GET 200 https://registry.npmjs.org/babel-plugin-macros/-/babel-plugin-macros-3.1.0.tgz 5135ms (cache miss)
2346 timing reifyNode:node_modules/@babel/compat-data Completed in 5802ms
2347 timing reifyNode:node_modules/@tailwindcss/node Completed in 5804ms
2348 timing reifyNode:node_modules/@radix-ui/react-use-layout-effect Completed in 5805ms
2349 timing reifyNode:node_modules/minipass Completed in 5814ms
2350 http fetch GET 200 https://registry.npmjs.org/@radix-ui/react-presence/-/react-presence-1.1.2.tgz 5274ms (cache miss)
2351 http fetch GET 200 https://registry.npmjs.org/@babel/helper-globals/-/helper-globals-7.29.7.tgz 5181ms (cache miss)
2352 http fetch GET 200 https://registry.npmjs.org/@tailwindcss/vite/-/vite-4.1.12.tgz 5090ms (cache miss)
2353 timing reifyNode:node_modules/tw-animate-css Completed in 5808ms
2354 timing reifyNode:node_modules/@radix-ui/react-focus-guards Completed in 5839ms
2355 timing reifyNode:node_modules/@radix-ui/react-use-callback-ref Completed in 5840ms
2356 timing reifyNode:node_modules/jsesc Completed in 5841ms
2357 timing reifyNode:node_modules/@babel/code-frame Completed in 5842ms
2358 http fetch GET 200 https://registry.npmjs.org/class-variance-authority/-/class-variance-authority-0.7.1.tgz 5160ms (cache miss)
2359 timing reifyNode:node_modules/babel-plugin-macros Completed in 5867ms
2360 timing reifyNode:node_modules/@radix-ui/react-id Completed in 5882ms
2361 timing reifyNode:node_modules/@radix-ui/react-use-previous Completed in 5884ms
2362 timing reifyNode:node_modules/@radix-ui/react-presence Completed in 5885ms
2363 timing reifyNode:node_modules/picocolors Completed in 5884ms
2364 timing reifyNode:node_modules/@babel/helper-globals Completed in 5884ms
2365 timing reifyNode:node_modules/@radix-ui/react-direction Completed in 5907ms
2366 timing reifyNode:node_modules/@radix-ui/primitive Completed in 5909ms
2367 timing reifyNode:node_modules/@radix-ui/react-use-escape-keydown Completed in 5913ms
2368 timing reifyNode:node_modules/@radix-ui/react-use-controllable-state Completed in 5914ms
2369 http fetch GET 200 https://registry.npmjs.org/@babel/helper-compilation-targets/-/helper-compilation-targets-7.29.7.tgz 5472ms (cache miss)
2370 timing reifyNode:node_modules/@radix-ui/react-compose-refs Completed in 5937ms
2371 timing reifyNode:node_modules/@radix-ui/react-collection Completed in 5939ms
2372 timing reifyNode:node_modules/@radix-ui/react-primitive Completed in 5940ms
2373 timing reifyNode:node_modules/@radix-ui/react-context Completed in 5941ms
2374 http fetch GET 200 https://registry.npmjs.org/debug/-/debug-4.4.3.tgz 5322ms (cache miss)
2375 http fetch GET 200 https://registry.npmjs.org/@jridgewell/resolve-uri/-/resolve-uri-3.1.2.tgz 5392ms (cache miss)
2376 timing reifyNode:node_modules/debug Completed in 5987ms
2377 http fetch GET 200 https://registry.npmjs.org/@radix-ui/react-toggle/-/react-toggle-1.1.2.tgz 5275ms (cache miss)
2378 timing reifyNode:node_modules/@babel/helper-compilation-targets Completed in 6017ms
2379 http fetch GET 200 https://registry.npmjs.org/@floating-ui/core/-/core-1.7.5.tgz 5520ms (cache miss)
2380 timing reifyNode:node_modules/find-root Completed in 6025ms
2381 http fetch GET 200 https://registry.npmjs.org/@floating-ui/dom/-/dom-1.7.6.tgz 5540ms (cache miss)
2382 timing reifyNode:node_modules/@types/react-transition-group Completed in 6052ms
2383 timing reifyNode:node_modules/@jridgewell/resolve-uri Completed in 6056ms
2384 timing reifyNode:node_modules/@floating-ui/core Completed in 6072ms
2385 http fetch GET 200 https://registry.npmjs.org/tapable/-/tapable-2.3.3.tgz 5673ms (cache miss)
2386 http fetch GET 200 https://registry.npmjs.org/@radix-ui/react-slot/-/react-slot-1.1.2.tgz 5350ms (cache miss)
2387 http fetch GET 200 https://registry.npmjs.org/@radix-ui/react-separator/-/react-separator-1.1.2.tgz 5349ms (cache miss)
2388 timing reifyNode:node_modules/@floating-ui/dom Completed in 6112ms
2389 timing reifyNode:node_modules/@tailwindcss/vite Completed in 6119ms
2390 timing reifyNode:node_modules/es-errors Completed in 6167ms
2391 http fetch GET 200 https://registry.npmjs.org/@radix-ui/react-toggle-group/-/react-toggle-group-1.1.2.tgz 5429ms (cache miss)
2392 http fetch GET 200 https://registry.npmjs.org/minizlib/-/minizlib-3.1.0.tgz 5865ms (cache miss)
2393 timing reifyNode:node_modules/tapable Completed in 6214ms
2394 http fetch GET 200 https://registry.npmjs.org/hoist-non-react-statics/-/hoist-non-react-statics-3.3.2.tgz 5564ms (cache miss)
2395 http fetch GET 200 https://registry.npmjs.org/@radix-ui/react-switch/-/react-switch-1.1.3.tgz 5517ms (cache miss)
2396 timing reifyNode:node_modules/@babel/helper-validator-identifier Completed in 6256ms
2397 timing reifyNode:node_modules/minizlib Completed in 6297ms
2398 http fetch GET 200 https://registry.npmjs.org/recharts-scale/-/recharts-scale-0.4.5.tgz 5990ms (cache miss)
2399 http fetch GET 200 https://registry.npmjs.org/magic-string/-/magic-string-0.30.21.tgz 5843ms (cache miss)
2400 http fetch GET 200 https://registry.npmjs.org/@radix-ui/react-menu/-/react-menu-2.1.6.tgz 5795ms (cache miss)
2401 timing reifyNode:node_modules/next-themes Completed in 6322ms
2402 timing reifyNode:node_modules/hoist-non-react-statics Completed in 6329ms
2403 timing reifyNode:node_modules/magic-string Completed in 6386ms
2404 timing reifyNode:node_modules/@radix-ui/react-menu Completed in 6385ms
2405 timing reifyNode:node_modules/@radix-ui/react-dismissable-layer Completed in 6388ms
2406 timing reifyNode:node_modules/recharts-scale Completed in 6420ms
2407 http fetch GET 200 https://registry.npmjs.org/canvas-confetti/-/canvas-confetti-1.9.4.tgz 5701ms (cache miss)
2408 http fetch GET 200 https://registry.npmjs.org/@radix-ui/react-hover-card/-/react-hover-card-1.1.6.tgz 5675ms (cache miss)
2409 timing reifyNode:node_modules/nanoid Completed in 6448ms
2410 http fetch GET 200 https://registry.npmjs.org/source-map-js/-/source-map-js-1.2.1.tgz 6115ms (cache miss)
2411 http fetch GET 200 https://registry.npmjs.org/@radix-ui/react-progress/-/react-progress-1.1.2.tgz 5839ms (cache miss)
2412 http fetch GET 200 https://registry.npmjs.org/@radix-ui/react-label/-/react-label-2.1.2.tgz 5844ms (cache miss)
2413 http fetch GET 200 https://registry.npmjs.org/@babel/helper-module-transforms/-/helper-module-transforms-7.29.7.tgz 6164ms (cache miss)
2414 http fetch GET 200 https://registry.npmjs.org/vaul/-/vaul-1.1.2.tgz 5972ms (cache miss)
2415 timing reifyNode:node_modules/canvas-confetti Completed in 6633ms
2416 http fetch GET 200 https://registry.npmjs.org/@radix-ui/react-collapsible/-/react-collapsible-1.1.3.tgz 5884ms (cache miss)
2417 http fetch GET 200 https://registry.npmjs.org/sonner/-/sonner-2.0.3.tgz 5990ms (cache miss)
2418 http fetch GET 200 https://registry.npmjs.org/resize-observer-polyfill/-/resize-observer-polyfill-1.5.1.tgz 6352ms (cache miss)
2419 http fetch GET 200 https://registry.npmjs.org/redux/-/redux-4.2.1.tgz 6317ms (cache miss)
2420 http fetch GET 200 https://registry.npmjs.org/prop-types/-/prop-types-15.8.1.tgz 6131ms (cache miss)
2421 timing reifyNode:node_modules/source-map-js Completed in 6703ms
2422 http fetch GET 200 https://registry.npmjs.org/convert-source-map/-/convert-source-map-2.0.0.tgz 5919ms (cache miss)
2423 timing reifyNode:node_modules/@babel/helper-module-transforms Completed in 6712ms
2424 http fetch GET 200 https://registry.npmjs.org/input-otp/-/input-otp-1.4.2.tgz 6022ms (cache miss)
2425 timing reifyNode:node_modules/vaul Completed in 6720ms
2426 http fetch GET 200 https://registry.npmjs.org/@radix-ui/react-checkbox/-/react-checkbox-1.1.4.tgz 5967ms (cache miss)
2427 timing reifyNode:node_modules/prop-types Completed in 6743ms
2428 timing reifyNode:node_modules/@emotion/unitless Completed in 6743ms
2429 timing reifyNode:node_modules/sonner Completed in 6745ms
2430 http fetch GET 200 https://registry.npmjs.org/@radix-ui/react-aspect-ratio/-/react-aspect-ratio-1.1.2.tgz 5986ms (cache miss)
2431 http fetch GET 200 https://registry.npmjs.org/react-is/-/react-is-16.13.1.tgz 5962ms (cache miss)
2432 timing reifyNode:node_modules/resize-observer-polyfill Completed in 6764ms
2433 timing reifyNode:node_modules/redux Completed in 6762ms
2434 timing reifyNode:node_modules/class-variance-authority Completed in 6759ms
2435 timing reifyNode:node_modules/input-otp Completed in 6786ms
2436 http fetch GET 200 https://registry.npmjs.org/@radix-ui/react-alert-dialog/-/react-alert-dialog-1.1.6.tgz 6029ms (cache miss)
2437 http fetch GET 200 https://registry.npmjs.org/@radix-ui/react-avatar/-/react-avatar-1.1.3.tgz 6032ms (cache miss)
2438 timing reifyNode:node_modules/@floating-ui/utils Completed in 6814ms
2439 http fetch GET 200 https://registry.npmjs.org/react-is/-/react-is-18.3.1.tgz 6015ms (cache miss)
2440 http fetch GET 200 https://registry.npmjs.org/json5/-/json5-2.2.3.tgz 6369ms (cache miss)
2441 timing reifyNode:node_modules/clsx Completed in 6820ms
2442 http fetch GET 200 https://registry.npmjs.org/@vitejs/plugin-react/-/plugin-react-4.7.0.tgz 6113ms (cache miss)
2443 http fetch GET 200 https://registry.npmjs.org/react-is/-/react-is-16.13.1.tgz 6038ms (cache miss)
2444 http fetch GET 200 https://registry.npmjs.org/@radix-ui/react-accordion/-/react-accordion-1.2.3.tgz 6068ms (cache miss)
2445 timing reifyNode:node_modules/@radix-ui/react-toggle Completed in 6847ms
2446 timing reifyNode:node_modules/@babel/helper-module-imports Completed in 6849ms
2447 timing reifyNode:node_modules/@babel/core/node_modules/convert-source-map Completed in 6856ms
2448 timing reifyNode:node_modules/@vitejs/plugin-react Completed in 6867ms
2449 timing reifyNode:node_modules/json5 Completed in 6883ms
2450 http fetch GET 200 https://registry.npmjs.org/@mui/types/-/types-7.4.12.tgz 6304ms (cache miss)
2451 timing reifyNode:node_modules/@emotion/is-prop-valid Completed in 6901ms
2452 timing reifyNode:node_modules/@radix-ui/react-separator Completed in 6905ms
2453 http fetch GET 200 https://registry.npmjs.org/@radix-ui/react-tabs/-/react-tabs-1.1.3.tgz 6181ms (cache miss)
2454 timing reifyNode:node_modules/@radix-ui/react-slot Completed in 6931ms
2455 timing reifyNode:node_modules/@radix-ui/react-toggle-group Completed in 6932ms
2456 http fetch GET 200 https://registry.npmjs.org/@radix-ui/react-slider/-/react-slider-1.2.3.tgz 6204ms (cache miss)
2457 timing reifyNode:node_modules/@mui/types Completed in 6953ms
2458 timing reifyNode:node_modules/@radix-ui/react-switch Completed in 6954ms
2459 http fetch GET 200 https://registry.npmjs.org/lightningcss/-/lightningcss-1.30.1.tgz 6468ms (cache miss)
2460 http fetch GET 200 https://registry.npmjs.org/@radix-ui/react-tooltip/-/react-tooltip-1.1.8.tgz 6253ms (cache miss)
2461 timing reifyNode:node_modules/@radix-ui/react-tabs Completed in 6976ms
2462 timing reifyNode:node_modules/@radix-ui/react-slider Completed in 6990ms
2463 timing reifyNode:node_modules/react-remove-scroll-bar Completed in 7023ms
2464 timing reifyNode:node_modules/lightningcss Completed in 7021ms
2465 timing reifyNode:node_modules/@radix-ui/react-tooltip Completed in 7025ms
2466 http fetch GET 200 https://registry.npmjs.org/fast-equals/-/fast-equals-5.4.0.tgz 6740ms (cache miss)
2467 http fetch GET 200 https://registry.npmjs.org/react-responsive-masonry/-/react-responsive-masonry-2.7.1.tgz 6397ms (cache miss)
2468 http fetch GET 200 https://registry.npmjs.org/@radix-ui/react-radio-group/-/react-radio-group-1.2.3.tgz 6333ms (cache miss)
2469 http fetch GET 200 https://registry.npmjs.org/d3-scale/-/d3-scale-4.0.2.tgz 6824ms (cache miss)
2470 http fetch GET 200 https://registry.npmjs.org/cmdk/-/cmdk-1.1.1.tgz 6375ms (cache miss)
2471 timing reifyNode:node_modules/@radix-ui/react-label Completed in 7096ms
2472 timing reifyNode:node_modules/fast-equals Completed in 7115ms
2473 http fetch GET 200 https://registry.npmjs.org/d3-interpolate/-/d3-interpolate-3.0.1.tgz 6838ms (cache miss)
2474 timing reifyNode:node_modules/@radix-ui/react-progress Completed in 7111ms
2475 http fetch GET 200 https://registry.npmjs.org/@radix-ui/react-scroll-area/-/react-scroll-area-1.2.3.tgz 6376ms (cache miss)
2476 timing reifyNode:node_modules/react-style-singleton Completed in 7125ms
2477 timing reifyNode:node_modules/@emotion/sheet Completed in 7120ms
2478 timing reifyNode:node_modules/react-responsive-masonry Completed in 7120ms
2479 timing reifyNode:node_modules/@radix-ui/react-radio-group Completed in 7119ms
2480 timing reifyNode:node_modules/@radix-ui/react-hover-card Completed in 7121ms
2481 timing reifyNode:node_modules/d3-scale Completed in 7142ms
2482 timing reifyNode:node_modules/d3-interpolate Completed in 7143ms
2483 timing reifyNode:node_modules/@emotion/hash Completed in 7131ms
2484 timing reifyNode:node_modules/cmdk Completed in 7134ms
2485 timing reifyNode:node_modules/@radix-ui/react-collapsible Completed in 7138ms
2486 timing reifyNode:node_modules/@emotion/memoize Completed in 7148ms
2487 http fetch GET 200 https://registry.npmjs.org/@emotion/serialize/-/serialize-1.3.3.tgz 6493ms (cache miss)
2488 timing reifyNode:node_modules/@radix-ui/react-scroll-area Completed in 7152ms
2489 timing reifyNode:node_modules/@radix-ui/react-checkbox Completed in 7152ms
2490 http fetch GET 200 https://registry.npmjs.org/@radix-ui/react-dialog/-/react-dialog-1.1.6.tgz 6402ms (cache miss)
2491 http fetch GET 200 https://registry.npmjs.org/@radix-ui/react-context-menu/-/react-context-menu-2.2.6.tgz 6412ms (cache miss)
2492 http fetch GET 200 https://registry.npmjs.org/@radix-ui/react-dropdown-menu/-/react-dropdown-menu-2.1.6.tgz 6419ms (cache miss)
2493 timing reifyNode:node_modules/@radix-ui/react-aspect-ratio Completed in 7172ms
2494 http fetch GET 200 https://registry.npmjs.org/@radix-ui/react-popover/-/react-popover-1.1.6.tgz 6413ms (cache miss)
2495 http fetch GET 200 https://registry.npmjs.org/@radix-ui/react-menubar/-/react-menubar-1.1.6.tgz 6437ms (cache miss)
2496 http fetch GET 200 https://registry.npmjs.org/@radix-ui/react-select/-/react-select-2.1.6.tgz 6455ms (cache miss)
2497 http fetch GET 200 https://registry.npmjs.org/@radix-ui/react-navigation-menu/-/react-navigation-menu-1.2.5.tgz 6451ms (cache miss)
2498 timing reifyNode:node_modules/@emotion/serialize Completed in 7196ms
2499 timing reifyNode:node_modules/@radix-ui/react-dialog Completed in 7201ms
2500 timing reifyNode:node_modules/@emotion/weak-memoize Completed in 7207ms
2501 timing reifyNode:node_modules/@radix-ui/react-context-menu Completed in 7210ms
2502 timing reifyNode:node_modules/@radix-ui/react-dropdown-menu Completed in 7211ms
2503 timing reifyNode:node_modules/@radix-ui/react-popover Completed in 7212ms
2504 http fetch GET 200 https://registry.npmjs.org/stylis/-/stylis-4.2.0.tgz 6594ms (cache miss)
2505 timing reifyNode:node_modules/@radix-ui/react-menubar Completed in 7223ms
2506 timing reifyNode:node_modules/@radix-ui/react-select Completed in 7224ms
2507 timing reifyNode:node_modules/@radix-ui/react-navigation-menu Completed in 7227ms
2508 timing reifyNode:node_modules/@radix-ui/react-avatar Completed in 7226ms
2509 http fetch GET 200 https://registry.npmjs.org/@babel/template/-/template-7.29.7.tgz 6615ms (cache miss)
2510 timing reifyNode:node_modules/prop-types/node_modules/react-is Completed in 7240ms
2511 timing reifyNode:node_modules/recharts/node_modules/react-is Completed in 7239ms
2512 timing reifyNode:node_modules/stylis Completed in 7244ms
2513 timing reifyNode:node_modules/hoist-non-react-statics/node_modules/react-is Completed in 7266ms
2514 timing reifyNode:node_modules/@babel/template Completed in 7271ms
2515 http fetch GET 200 https://registry.npmjs.org/@react-dnd/asap/-/asap-5.0.2.tgz 6914ms (cache miss)
2516 timing reifyNode:node_modules/@radix-ui/react-accordion Completed in 7284ms
2517 timing reifyNode:node_modules/embla-carousel-react Completed in 7288ms
2518 timing reifyNode:node_modules/@react-dnd/asap Completed in 7314ms
2519 http fetch GET 200 https://registry.npmjs.org/@types/react/-/react-19.2.17.tgz 6755ms (cache miss)
2520 timing reifyNode:node_modules/@types/react Completed in 7403ms
2521 http fetch GET 200 https://registry.npmjs.org/csstype/-/csstype-3.2.3.tgz 6827ms (cache miss)
2522 timing reifyNode:node_modules/@emotion/use-insertion-effect-with-fallbacks Completed in 7417ms
2523 timing reifyNode:node_modules/csstype Completed in 7428ms
2524 timing reifyNode:node_modules/@emotion/utils Completed in 7428ms
2525 http fetch GET 200 https://registry.npmjs.org/react-smooth/-/react-smooth-4.0.4.tgz 7137ms (cache miss)
2526 http fetch GET 200 https://registry.npmjs.org/yallist/-/yallist-5.0.0.tgz 6689ms (cache miss)
2527 timing reifyNode:node_modules/react-smooth Completed in 7495ms
2528 http fetch GET 200 https://registry.npmjs.org/@rollup/rollup-win32-x64-gnu/-/rollup-win32-x64-gnu-4.62.2.tgz 7260ms (cache miss)
2529 timing reifyNode:node_modules/@rollup/rollup-win32-x64-gnu Completed in 7502ms
2530 timing reifyNode:node_modules/@radix-ui/react-alert-dialog Completed in 7489ms
2531 timing reifyNode:node_modules/tar/node_modules/yallist Completed in 7507ms
2532 timing reifyNode:node_modules/@jridgewell/remapping Completed in 7513ms
2533 http fetch GET 200 https://registry.npmjs.org/@mui/styled-engine/-/styled-engine-7.3.10.tgz 6984ms (cache miss)
2534 http fetch GET 200 https://registry.npmjs.org/@jridgewell/sourcemap-codec/-/sourcemap-codec-1.5.5.tgz 6978ms (cache miss)
2535 timing reifyNode:node_modules/@mui/styled-engine Completed in 7580ms
2536 timing reifyNode:node_modules/@jridgewell/sourcemap-codec Completed in 7598ms
2537 http fetch GET 200 https://registry.npmjs.org/@emotion/babel-plugin/-/babel-plugin-11.13.5.tgz 7010ms (cache miss)
2538 http fetch GET 200 https://registry.npmjs.org/d3-time-format/-/d3-time-format-4.1.0.tgz 7439ms (cache miss)
2539 timing reifyNode:node_modules/@emotion/babel-plugin Completed in 7697ms
2540 timing reifyNode:node_modules/d3-time-format Completed in 7717ms
2541 http fetch GET 200 https://registry.npmjs.org/react-slick/-/react-slick-0.31.0.tgz 7039ms (cache miss)
2542 timing reifyNode:node_modules/react-slick Completed in 7744ms
2543 http fetch GET 200 https://registry.npmjs.org/@jridgewell/gen-mapping/-/gen-mapping-0.3.13.tgz 7177ms (cache miss)
2544 http fetch GET 200 https://registry.npmjs.org/cosmiconfig/-/cosmiconfig-7.1.0.tgz 7340ms (cache miss)
2545 http fetch GET 200 https://registry.npmjs.org/source-map/-/source-map-0.5.7.tgz 7152ms (cache miss)
2546 timing reifyNode:node_modules/@jridgewell/gen-mapping Completed in 7795ms
2547 timing reifyNode:node_modules/cosmiconfig Completed in 7803ms
2548 timing reifyNode:node_modules/source-map Completed in 7801ms
2549 http fetch GET 200 https://registry.npmjs.org/@rollup/rollup-win32-x64-msvc/-/rollup-win32-x64-msvc-4.62.2.tgz 7607ms (cache miss)
2550 timing reifyNode:node_modules/@rollup/rollup-win32-x64-msvc Completed in 7844ms
2551 http fetch GET 200 https://registry.npmjs.org/react/-/react-18.3.1.tgz 7058ms (cache miss)
2552 http fetch GET 200 https://registry.npmjs.org/@mui/private-theming/-/private-theming-7.3.11.tgz 7290ms (cache miss)
2553 timing reifyNode:node_modules/react Completed in 7861ms
2554 http fetch GET 200 https://registry.npmjs.org/react-popper/-/react-popper-2.3.0.tgz 7169ms (cache miss)
2555 timing reifyNode:node_modules/@mui/private-theming Completed in 7878ms
2556 timing reifyNode:node_modules/react-popper Completed in 7911ms
2557 http fetch GET 200 https://registry.npmjs.org/jiti/-/jiti-2.7.0.tgz 7465ms (cache miss)
2558 timing reifyNode:node_modules/jiti Completed in 7960ms
2559 http fetch GET 200 https://registry.npmjs.org/motion/-/motion-12.23.24.tgz 7352ms (cache miss)
2560 http fetch GET 200 https://registry.npmjs.org/@babel/parser/-/parser-7.29.7.tgz 7425ms (cache miss)
2561 timing reifyNode:node_modules/@babel/parser Completed in 8063ms
2562 timing reifyNode:node_modules/motion Completed in 8066ms
2563 http fetch GET 200 https://registry.npmjs.org/react-transition-group/-/react-transition-group-4.4.5.tgz 7515ms (cache miss)
2564 http fetch GET 200 https://registry.npmjs.org/postcss/-/postcss-8.5.16.tgz 7855ms (cache miss)
2565 timing reifyNode:node_modules/react-transition-group Completed in 8093ms
2566 timing reifyNode:node_modules/postcss Completed in 8125ms
2567 http fetch GET 200 https://registry.npmjs.org/tailwind-merge/-/tailwind-merge-3.2.0.tgz 7463ms (cache miss)
2568 http fetch GET 200 https://registry.npmjs.org/@emotion/cache/-/cache-11.14.0.tgz 7485ms (cache miss)
2569 timing reifyNode:node_modules/tailwind-merge Completed in 8150ms
2570 http fetch GET 200 https://registry.npmjs.org/use-sidecar/-/use-sidecar-1.1.3.tgz 7823ms (cache miss)
2571 timing reifyNode:node_modules/@emotion/cache Completed in 8178ms
2572 timing reifyNode:node_modules/use-sidecar Completed in 8204ms
2573 http fetch GET 200 https://registry.npmjs.org/tailwindcss/-/tailwindcss-4.1.12.tgz 7531ms (cache miss)
2574 timing reifyNode:node_modules/tailwindcss Completed in 8237ms
2575 http fetch GET 200 https://registry.npmjs.org/@tailwindcss/oxide-win32-x64-msvc/-/oxide-win32-x64-msvc-4.1.12.tgz 7875ms (cache miss)
2576 timing reifyNode:node_modules/use-callback-ref Completed in 8356ms
2577 timing reifyNode:node_modules/@tailwindcss/oxide-win32-x64-msvc Completed in 8367ms
2578 http fetch GET 200 https://registry.npmjs.org/@jridgewell/trace-mapping/-/trace-mapping-0.3.31.tgz 7778ms (cache miss)
2579 http fetch GET 200 https://registry.npmjs.org/@babel/generator/-/generator-7.29.7.tgz 7751ms (cache miss)
2580 timing reifyNode:node_modules/@jridgewell/trace-mapping Completed in 8407ms
2581 timing reifyNode:node_modules/@babel/generator Completed in 8412ms
2582 http fetch GET 200 https://registry.npmjs.org/d3-array/-/d3-array-3.2.4.tgz 8154ms (cache miss)
2583 timing reifyNode:node_modules/d3-array Completed in 8457ms
2584 http fetch GET 200 https://registry.npmjs.org/d3-shape/-/d3-shape-3.2.0.tgz 8191ms (cache miss)
2585 timing reifyNode:node_modules/d3-shape Completed in 8478ms
2586 http fetch GET 200 https://registry.npmjs.org/enhanced-resolve/-/enhanced-resolve-5.24.1.tgz 8014ms (cache miss)
2587 http fetch GET 200 https://registry.npmjs.org/motion-utils/-/motion-utils-12.39.0.tgz 8112ms (cache miss)
2588 timing reifyNode:node_modules/enhanced-resolve Completed in 8506ms
2589 timing reifyNode:node_modules/motion-utils Completed in 8519ms
2590 http fetch GET 200 https://registry.npmjs.org/rollup/-/rollup-4.62.2.tgz 8329ms (cache miss)
2591 timing reifyNode:node_modules/rollup Completed in 8604ms
2592 timing reifyNode:node_modules/react-remove-scroll Completed in 8658ms
2593 timing reifyNode:node_modules/d3-format Completed in 8700ms
2594 http fetch GET 200 https://registry.npmjs.org/react-resizable-panels/-/react-resizable-panels-2.1.7.tgz 8019ms (cache miss)
2595 timing reifyNode:node_modules/react-resizable-panels Completed in 8720ms
2596 http fetch GET 200 https://registry.npmjs.org/react-dnd-html5-backend/-/react-dnd-html5-backend-16.0.1.tgz 8147ms (cache miss)
2597 timing reifyNode:node_modules/react-dnd-html5-backend Completed in 8856ms
2598 http fetch GET 200 https://registry.npmjs.org/yaml/-/yaml-1.10.3.tgz 8127ms (cache miss)
2599 timing reifyNode:node_modules/cosmiconfig/node_modules/yaml Completed in 8936ms
2600 http fetch GET 200 https://registry.npmjs.org/@babel/traverse/-/traverse-7.29.7.tgz 8310ms (cache miss)
2601 timing reifyNode:node_modules/@babel/traverse Completed in 8951ms
2602 http fetch GET 200 https://registry.npmjs.org/vite/-/vite-6.3.5.tgz 8381ms (cache miss)
2603 timing reifyNode:node_modules/vite Completed in 9119ms
2604 http fetch GET 200 https://registry.npmjs.org/@emotion/styled/-/styled-11.14.1.tgz 8497ms (cache miss)
2605 timing reifyNode:node_modules/@emotion/styled Completed in 9292ms
2606 http fetch GET 200 https://registry.npmjs.org/dnd-core/-/dnd-core-16.0.1.tgz 9257ms (cache miss)
2607 timing reifyNode:node_modules/dnd-core Completed in 9651ms
2608 http fetch GET 200 https://registry.npmjs.org/react-dom/-/react-dom-18.3.1.tgz 8923ms (cache miss)
2609 timing reifyNode:node_modules/react-dom Completed in 9704ms
2610 http fetch GET 200 https://registry.npmjs.org/resolve/-/resolve-1.22.12.tgz 9279ms (cache miss)
2611 timing reifyNode:node_modules/resolve Completed in 9727ms
2612 http fetch GET 200 https://registry.npmjs.org/embla-carousel/-/embla-carousel-8.6.0.tgz 9337ms (cache miss)
2613 timing reifyNode:node_modules/embla-carousel Completed in 9758ms
2614 http fetch GET 200 https://registry.npmjs.org/@babel/core/-/core-7.29.7.tgz 9576ms (cache miss)
2615 timing reifyNode:node_modules/@babel/core Completed in 10063ms
2616 http fetch GET 200 https://registry.npmjs.org/lightningcss-win32-x64-msvc/-/lightningcss-win32-x64-msvc-1.30.1.tgz 9691ms (cache miss)
2617 timing reifyNode:node_modules/lightningcss-win32-x64-msvc Completed in 10092ms
2618 http fetch GET 200 https://registry.npmjs.org/react-router/-/react-router-7.13.0.tgz 9497ms (cache miss)
2619 timing reifyNode:node_modules/react-router Completed in 10194ms
2620 http fetch GET 200 https://registry.npmjs.org/@esbuild/win32-x64/-/win32-x64-0.25.12.tgz 10542ms (cache miss)
2621 timing reifyNode:node_modules/@esbuild/win32-x64 Completed in 10797ms
2622 http fetch GET 200 https://registry.npmjs.org/@emotion/react/-/react-11.14.0.tgz 10000ms (cache miss)
2623 timing reifyNode:node_modules/@emotion/react Completed in 10807ms
2624 http fetch GET 200 https://registry.npmjs.org/react-dnd/-/react-dnd-16.0.1.tgz 10331ms (cache miss)
2625 timing reifyNode:node_modules/react-dnd Completed in 11025ms
2626 http fetch GET 200 https://registry.npmjs.org/@babel/types/-/types-7.29.7.tgz 10943ms (cache miss)
2627 timing reifyNode:node_modules/@babel/types Completed in 11594ms
2628 http fetch GET 200 https://registry.npmjs.org/yaml/-/yaml-2.9.0.tgz 11516ms (cache miss)
2629 timing reifyNode:node_modules/yaml Completed in 11769ms
2630 http fetch GET 200 https://registry.npmjs.org/@babel/runtime/-/runtime-7.29.7.tgz 11116ms (cache miss)
2631 timing reifyNode:node_modules/@babel/runtime Completed in 11793ms
2632 http fetch GET 200 https://registry.npmjs.org/react-hook-form/-/react-hook-form-7.55.0.tgz 11117ms (cache miss)
2633 timing reifyNode:node_modules/react-hook-form Completed in 11812ms
2634 http fetch GET 200 https://registry.npmjs.org/@babel/helpers/-/helpers-7.29.7.tgz 11373ms (cache miss)
2635 timing reifyNode:node_modules/@babel/helpers Completed in 11826ms
2636 http fetch GET 200 https://registry.npmjs.org/react-day-picker/-/react-day-picker-8.10.1.tgz 11419ms (cache miss)
2637 timing reifyNode:node_modules/react-day-picker Completed in 12117ms
2638 http fetch GET 200 https://registry.npmjs.org/tar/-/tar-7.5.19.tgz 11667ms (cache miss)
2639 timing reifyNode:node_modules/tar Completed in 12144ms
2640 http fetch GET 200 https://registry.npmjs.org/dom-helpers/-/dom-helpers-5.2.1.tgz 11877ms (cache miss)
2641 timing reifyNode:node_modules/dom-helpers Completed in 12283ms
2642 http fetch GET 200 https://registry.npmjs.org/victory-vendor/-/victory-vendor-36.9.2.tgz 12762ms (cache miss)
2643 timing reifyNode:node_modules/victory-vendor Completed in 13092ms
2644 http fetch GET 200 https://registry.npmjs.org/@popperjs/core/-/core-2.11.8.tgz 12402ms (cache miss)
2645 timing reifyNode:node_modules/@popperjs/core Completed in 13179ms
2646 http fetch GET 200 https://registry.npmjs.org/recharts/-/recharts-2.15.2.tgz 13580ms (cache miss)
2647 warn deprecated recharts@2.15.2: 1.x and 2.x branches are no longer active. Bump to Recharts v3 to receive latest features and bugfixes. See https://github.com/recharts/recharts/wiki/3.0-migration-guide
2648 timing reifyNode:node_modules/recharts Completed in 14267ms
2649 http fetch GET 200 https://registry.npmjs.org/framer-motion/-/framer-motion-12.42.2.tgz 15228ms (cache miss)
2650 timing reifyNode:node_modules/framer-motion Completed in 15639ms
2651 http fetch GET 200 https://registry.npmjs.org/@mui/utils/-/utils-7.3.11.tgz 15129ms (cache miss)
2652 timing reifyNode:node_modules/@mui/utils Completed in 15707ms
2653 http fetch GET 200 https://registry.npmjs.org/@mui/system/-/system-7.3.11.tgz 15137ms (cache miss)
2654 timing reifyNode:node_modules/@mui/system Completed in 15766ms
2655 http fetch GET 200 https://registry.npmjs.org/motion-dom/-/motion-dom-12.42.2.tgz 15598ms (cache miss)
2656 timing reifyNode:node_modules/motion-dom Completed in 15993ms
2657 http fetch GET 200 https://registry.npmjs.org/caniuse-lite/-/caniuse-lite-1.0.30001802.tgz 17019ms (cache miss)
2658 timing reifyNode:node_modules/caniuse-lite Completed in 17455ms
2659 http fetch GET 200 https://registry.npmjs.org/lodash/-/lodash-4.18.1.tgz 18015ms (cache miss)
2660 timing reifyNode:node_modules/lodash Completed in 18361ms
2661 http fetch GET 200 https://registry.npmjs.org/@mui/material/-/material-7.3.5.tgz 26442ms (cache miss)
2662 timing reifyNode:node_modules/@mui/material Completed in 27215ms
2663 http fetch GET 200 https://registry.npmjs.org/lucide-react/-/lucide-react-0.487.0.tgz 30956ms (cache miss)
2664 timing reifyNode:node_modules/lucide-react Completed in 31649ms
2665 http fetch GET 200 https://registry.npmjs.org/date-fns/-/date-fns-3.6.0.tgz 36145ms (cache miss)
2666 timing reifyNode:node_modules/date-fns Completed in 36858ms
